ISO-10303-21;
HEADER;
/* Generated by software containing ST-Developer
 * from STEP Tools, Inc. (www.steptools.com) 
 */

FILE_DESCRIPTION(
/* description */ (''),
/* implementation_level */ '2;1');

FILE_NAME(
/* name */ 'NFC kart okuyucu 1.1.step',
/* time_stamp */ '2025-11-30T19:56:45+03:00',
/* author */ (''),
/* organization */ (''),
/* preprocessor_version */ 'ST-DEVELOPER v20.1',
/* originating_system */ 'Autodesk Translation Framework v14.21.0.0',
/* authorisation */ '');

FILE_SCHEMA (('AUTOMOTIVE_DESIGN { 1 0 10303 214 3 1 1 }'));
ENDSEC;

DATA;
#10=MECHANICAL_DESIGN_GEOMETRIC_PRESENTATION_REPRESENTATION('',(#23,#24,
#25,#26,#27),#6020);
#11=ITEM_DEFINED_TRANSFORMATION($,$,#2910,#3148);
#12=ITEM_DEFINED_TRANSFORMATION($,$,#2910,#3149);
#13=(
REPRESENTATION_RELATIONSHIP($,$,#6032,#6031)
REPRESENTATION_RELATIONSHIP_WITH_TRANSFORMATION(#11)
SHAPE_REPRESENTATION_RELATIONSHIP()
);
#14=(
REPRESENTATION_RELATIONSHIP($,$,#6032,#6031)
REPRESENTATION_RELATIONSHIP_WITH_TRANSFORMATION(#12)
SHAPE_REPRESENTATION_RELATIONSHIP()
);
#15=CONTEXT_DEPENDENT_SHAPE_REPRESENTATION(#13,#6029);
#16=CONTEXT_DEPENDENT_SHAPE_REPRESENTATION(#14,#6030);
#17=NEXT_ASSEMBLY_USAGE_OCCURRENCE('93580A576_Press-Fit Studs:1',
'93580A576_Press-Fit Studs:1','93580A576_Press-Fit Studs:1',#6034,#6035,
'93580A576_Press-Fit Studs:1');
#18=NEXT_ASSEMBLY_USAGE_OCCURRENCE('93580A576_Press-Fit Studs:2',
'93580A576_Press-Fit Studs:2','93580A576_Press-Fit Studs:2',#6034,#6035,
'93580A576_Press-Fit Studs:2');
#19=SHAPE_REPRESENTATION_RELATIONSHIP('SRR','None',#6032,#21);
#20=SHAPE_REPRESENTATION_RELATIONSHIP('SRR','None',#6031,#22);
#21=ADVANCED_BREP_SHAPE_REPRESENTATION('',(#28),#6019);
#22=ADVANCED_BREP_SHAPE_REPRESENTATION('',(#29,#30,#31,#32),#6018);
#23=STYLED_ITEM('',(#6045),#28);
#24=STYLED_ITEM('',(#6045),#29);
#25=STYLED_ITEM('',(#6045),#30);
#26=STYLED_ITEM('',(#6045),#31);
#27=STYLED_ITEM('',(#6045),#32);
#28=MANIFOLD_SOLID_BREP('G\X\F6vde1',#2892);
#29=MANIFOLD_SOLID_BREP('G\X\F6vde2',#2893);
#30=MANIFOLD_SOLID_BREP('G\X\F6vde4',#2894);
#31=MANIFOLD_SOLID_BREP('G\X\F6vde6',#2895);
#32=MANIFOLD_SOLID_BREP('G\X\F6vde7',#2896);
#33=(
BOUNDED_SURFACE()
B_SPLINE_SURFACE(1,2,((#5388,#5389,#5390,#5391,#5392,#5393,#5394,#5395,
#5396,#5397,#5398,#5399,#5400,#5401,#5402,#5403,#5404,#5405,#5406,#5407,
#5408,#5409,#5410,#5411,#5412,#5413,#5414,#5415,#5416,#5417,#5418,#5419,
#5420,#5421,#5422,#5423,#5424,#5425,#5426,#5427,#5428,#5429,#5430,#5431,
#5432,#5433,#5434,#5435,#5436,#5437,#5438,#5439,#5440,#5441,#5442,#5443,
#5444,#5445,#5446,#5447,#5448,#5449,#5450,#5451,#5452,#5453,#5454,#5455,
#5456,#5457,#5458,#5459,#5460,#5461,#5462,#5463,#5464,#5465,#5466,#5467,
#5468,#5469,#5470,#5471,#5472,#5473,#5474,#5475,#5476,#5477,#5478,#5479,
#5480,#5481,#5482,#5483,#5484,#5485,#5486,#5487,#5488,#5489,#5490,#5491,
#5492,#5493,#5494,#5495,#5496),(#5497,#5498,#5499,#5500,#5501,#5502,#5503,
#5504,#5505,#5506,#5507,#5508,#5509,#5510,#5511,#5512,#5513,#5514,#5515,
#5516,#5517,#5518,#5519,#5520,#5521,#5522,#5523,#5524,#5525,#5526,#5527,
#5528,#5529,#5530,#5531,#5532,#5533,#5534,#5535,#5536,#5537,#5538,#5539,
#5540,#5541,#5542,#5543,#5544,#5545,#5546,#5547,#5548,#5549,#5550,#5551,
#5552,#5553,#5554,#5555,#5556,#5557,#5558,#5559,#5560,#5561,#5562,#5563,
#5564,#5565,#5566,#5567,#5568,#5569,#5570,#5571,#5572,#5573,#5574,#5575,
#5576,#5577,#5578,#5579,#5580,#5581,#5582,#5583,#5584,#5585,#5586,#5587,
#5588,#5589,#5590,#5591,#5592,#5593,#5594,#5595,#5596,#5597,#5598,#5599,
#5600,#5601,#5602,#5603,#5604,#5605)),.UNSPECIFIED.,.F.,.F.,.F.)
B_SPLINE_SURFACE_WITH_KNOTS((2,2),(3,2,2,2,2,2,2,2,2,2,2,2,2,2,2,2,2,2,
2,2,2,2,2,2,2,2,2,2,2,2,2,2,2,2,2,2,2,2,2,2,2,2,2,2,2,2,2,2,2,2,2,2,2,2,
3),(-7.11416974803528E-5,1.),(0.,0.0185185185185185,0.037037037037037,0.0555555555555556,
0.0740740740740741,0.0925925925925926,0.111111111111111,0.12962962962963,
0.148148148148148,0.166666666666667,0.185185185185185,0.203703703703704,
0.222222222222222,0.240740740740741,0.259259259259259,0.277777777777778,
0.296296296296296,0.314814814814815,0.333333333333333,0.351851851851852,
0.37037037037037,0.388888888888889,0.407407407407407,0.425925925925926,
0.444444444444444,0.462962962962963,0.481481481481481,0.5,0.518518518518518,
0.537037037037037,0.555555555555556,0.574074074074074,0.592592592592593,
0.611111111111111,0.62962962962963,0.648148148148148,0.666666666666667,
0.685185185185185,0.703703703703704,0.722222222222222,0.740740740740741,
0.759259259259259,0.777777777777778,0.796296296296296,0.814814814814815,
0.833333333333333,0.851851851851852,0.87037037037037,0.888888888888889,
0.907407407407407,0.925925925925926,0.944444444444444,0.962962962962963,
0.977694788405535,0.98747173628959),.UNSPECIFIED.)
GEOMETRIC_REPRESENTATION_ITEM()
RATIONAL_B_SPLINE_SURFACE(((1.,0.866025403784439,1.,0.866025403784439,1.,
0.866025403784439,1.,0.866025403784439,1.,0.866025403784439,1.,0.866025403784439,
1.,0.866025403784439,1.,0.866025403784439,1.,0.866025403784439,1.,0.866025403784439,
1.,0.866025403784439,1.,0.866025403784439,1.,0.866025403784439,1.,0.866025403784439,
1.,0.866025403784439,1.,0.866025403784439,1.,0.866025403784439,1.,0.866025403784439,
1.,0.866025403784439,1.,0.866025403784439,1.,0.866025403784439,1.,0.866025403784439,
1.,0.866025403784439,1.,0.866025403784439,1.,0.866025403784439,1.,0.866025403784439,
1.,0.866025403784439,1.,0.866025403784439,1.,0.866025403784439,1.,0.866025403784439,
1.,0.866025403784439,1.,0.866025403784439,1.,0.866025403784439,1.,0.866025403784439,
1.,0.866025403784439,1.,0.866025403784439,1.,0.866025403784439,1.,0.866025403784439,
1.,0.866025403784439,1.,0.866025403784439,1.,0.866025403784439,1.,0.866025403784439,
1.,0.866025403784439,1.,0.866025403784439,1.,0.866025403784439,1.,0.866025403784439,
1.,0.866025403784439,1.,0.866025403784439,1.,0.866025403784439,1.,0.866025403784439,
1.,0.866025403784439,1.,0.866025403784439,1.,0.893420720279918,0.956413033780015,
0.956413033780015,0.956413033780015),(1.,0.866025403784439,1.,0.866025403784439,
1.,0.866025403784439,1.,0.866025403784439,1.,0.866025403784439,1.,0.866025403784439,
1.,0.866025403784439,1.,0.866025403784439,1.,0.866025403784439,1.,0.866025403784439,
1.,0.866025403784439,1.,0.866025403784439,1.,0.866025403784439,1.,0.866025403784439,
1.,0.866025403784439,1.,0.866025403784439,1.,0.866025403784439,1.,0.866025403784439,
1.,0.866025403784439,1.,0.866025403784439,1.,0.866025403784439,1.,0.866025403784439,
1.,0.866025403784439,1.,0.866025403784439,1.,0.866025403784439,1.,0.866025403784439,
1.,0.866025403784439,1.,0.866025403784439,1.,0.866025403784439,1.,0.866025403784439,
1.,0.866025403784439,1.,0.866025403784439,1.,0.866025403784439,1.,0.866025403784439,
1.,0.866025403784439,1.,0.866025403784439,1.,0.866025403784439,1.,0.866025403784439,
1.,0.866025403784439,1.,0.866025403784439,1.,0.866025403784439,1.,0.866025403784439,
1.,0.866025403784439,1.,0.866025403784439,1.,0.866025403784439,1.,0.866025403784439,
1.,0.866025403784439,1.,0.866025403784439,1.,0.866025403784439,1.,0.866025403784439,
1.,0.866025403784439,1.,0.866025403784439,1.,0.893420720279918,0.956413033780015,
0.956413033780015,0.956413033780015)))
REPRESENTATION_ITEM('')
SURFACE()
);
#34=(
BOUNDED_SURFACE()
B_SPLINE_SURFACE(1,2,((#5633,#5634,#5635,#5636,#5637,#5638,#5639,#5640,
#5641,#5642,#5643,#5644,#5645,#5646,#5647,#5648,#5649,#5650,#5651,#5652,
#5653,#5654,#5655,#5656,#5657,#5658,#5659,#5660,#5661,#5662,#5663,#5664,
#5665,#5666,#5667,#5668,#5669,#5670,#5671,#5672,#5673,#5674,#5675,#5676,
#5677,#5678,#5679,#5680,#5681,#5682,#5683,#5684,#5685,#5686,#5687,#5688,
#5689,#5690,#5691,#5692,#5693,#5694,#5695,#5696,#5697,#5698,#5699,#5700,
#5701,#5702,#5703,#5704,#5705,#5706,#5707,#5708,#5709,#5710,#5711,#5712,
#5713,#5714,#5715,#5716,#5717,#5718,#5719,#5720,#5721,#5722,#5723,#5724,
#5725,#5726,#5727,#5728,#5729,#5730,#5731,#5732,#5733,#5734,#5735,#5736,
#5737,#5738,#5739),(#5740,#5741,#5742,#5743,#5744,#5745,#5746,#5747,#5748,
#5749,#5750,#5751,#5752,#5753,#5754,#5755,#5756,#5757,#5758,#5759,#5760,
#5761,#5762,#5763,#5764,#5765,#5766,#5767,#5768,#5769,#5770,#5771,#5772,
#5773,#5774,#5775,#5776,#5777,#5778,#5779,#5780,#5781,#5782,#5783,#5784,
#5785,#5786,#5787,#5788,#5789,#5790,#5791,#5792,#5793,#5794,#5795,#5796,
#5797,#5798,#5799,#5800,#5801,#5802,#5803,#5804,#5805,#5806,#5807,#5808,
#5809,#5810,#5811,#5812,#5813,#5814,#5815,#5816,#5817,#5818,#5819,#5820,
#5821,#5822,#5823,#5824,#5825,#5826,#5827,#5828,#5829,#5830,#5831,#5832,
#5833,#5834,#5835,#5836,#5837,#5838,#5839,#5840,#5841,#5842,#5843,#5844,
#5845,#5846)),.UNSPECIFIED.,.F.,.F.,.F.)
B_SPLINE_SURFACE_WITH_KNOTS((2,2),(3,2,2,2,2,2,2,2,2,2,2,2,2,2,2,2,2,2,
2,2,2,2,2,2,2,2,2,2,2,2,2,2,2,2,2,2,2,2,2,2,2,2,2,2,2,2,2,2,2,2,2,2,2,3),
(0.,1.),(0.,0.0185185185185185,0.037037037037037,0.0555555555555556,0.0740740740740741,
0.0925925925925926,0.111111111111111,0.12962962962963,0.148148148148148,
0.166666666666667,0.185185185185185,0.203703703703704,0.222222222222222,
0.240740740740741,0.259259259259259,0.277777777777778,0.296296296296296,
0.314814814814815,0.333333333333333,0.351851851851852,0.37037037037037,
0.388888888888889,0.407407407407407,0.425925925925926,0.444444444444444,
0.462962962962963,0.481481481481481,0.5,0.518518518518518,0.537037037037037,
0.555555555555556,0.574074074074074,0.592592592592593,0.611111111111111,
0.62962962962963,0.648148148148148,0.666666666666667,0.685185185185185,
0.703703703703704,0.722222222222222,0.740740740740741,0.759259259259259,
0.777777777777778,0.796296296296296,0.814814814814815,0.833333333333333,
0.851851851851852,0.87037037037037,0.888888888888889,0.907407407407407,
0.925925925925926,0.944444444444444,0.962962962962963,0.977695020430254),
 .UNSPECIFIED.)
GEOMETRIC_REPRESENTATION_ITEM()
RATIONAL_B_SPLINE_SURFACE(((1.,0.866025403784439,1.,0.866025403784439,1.,
0.866025403784439,1.,0.866025403784439,1.,0.866025403784439,1.,0.866025403784439,
1.,0.866025403784439,1.,0.866025403784439,1.,0.866025403784439,1.,0.866025403784439,
1.,0.866025403784439,1.,0.866025403784439,1.,0.866025403784439,1.,0.866025403784439,
1.,0.866025403784439,1.,0.866025403784439,1.,0.866025403784439,1.,0.866025403784439,
1.,0.866025403784439,1.,0.866025403784439,1.,0.866025403784439,1.,0.866025403784439,
1.,0.866025403784439,1.,0.866025403784439,1.,0.866025403784439,1.,0.866025403784439,
1.,0.866025403784439,1.,0.866025403784439,1.,0.866025403784439,1.,0.866025403784439,
1.,0.866025403784439,1.,0.866025403784439,1.,0.866025403784439,1.,0.866025403784439,
1.,0.866025403784439,1.,0.866025403784439,1.,0.866025403784439,1.,0.866025403784439,
1.,0.866025403784439,1.,0.866025403784439,1.,0.866025403784439,1.,0.866025403784439,
1.,0.866025403784439,1.,0.866025403784439,1.,0.866025403784439,1.,0.866025403784439,
1.,0.866025403784439,1.,0.866025403784439,1.,0.866025403784439,1.,0.866025403784439,
1.,0.866025403784439,1.,0.866025403784439,1.,0.893419041667344,0.956415018066856),
(1.,0.866025403784439,1.,0.866025403784439,1.,0.866025403784439,1.,0.866025403784439,
1.,0.866025403784439,1.,0.866025403784439,1.,0.866025403784439,1.,0.866025403784439,
1.,0.866025403784439,1.,0.866025403784439,1.,0.866025403784439,1.,0.866025403784439,
1.,0.866025403784439,1.,0.866025403784439,1.,0.866025403784439,1.,0.866025403784439,
1.,0.866025403784439,1.,0.866025403784439,1.,0.866025403784439,1.,0.866025403784439,
1.,0.866025403784439,1.,0.866025403784439,1.,0.866025403784439,1.,0.866025403784439,
1.,0.866025403784439,1.,0.866025403784439,1.,0.866025403784439,1.,0.866025403784439,
1.,0.866025403784439,1.,0.866025403784439,1.,0.866025403784439,1.,0.866025403784439,
1.,0.866025403784439,1.,0.866025403784439,1.,0.866025403784439,1.,0.866025403784439,
1.,0.866025403784439,1.,0.866025403784439,1.,0.866025403784439,1.,0.866025403784439,
1.,0.866025403784439,1.,0.866025403784439,1.,0.866025403784439,1.,0.866025403784439,
1.,0.866025403784439,1.,0.866025403784439,1.,0.866025403784439,1.,0.866025403784439,
1.,0.866025403784439,1.,0.866025403784439,1.,0.866025403784439,1.,0.866025403784439,
1.,0.893419041667344,0.956415018066856)))
REPRESENTATION_ITEM('')
SURFACE()
);
#35=FACE_BOUND('',#434,.T.);
#36=FACE_BOUND('',#460,.T.);
#37=FACE_BOUND('',#462,.T.);
#38=FACE_BOUND('',#476,.T.);
#39=FACE_BOUND('',#484,.T.);
#40=FACE_BOUND('',#487,.T.);
#41=FACE_BOUND('',#489,.T.);
#42=FACE_BOUND('',#497,.T.);
#43=FACE_BOUND('',#498,.T.);
#44=FACE_BOUND('',#500,.T.);
#45=FACE_BOUND('',#501,.T.);
#46=FACE_BOUND('',#509,.T.);
#47=FACE_BOUND('',#510,.T.);
#48=FACE_BOUND('',#512,.T.);
#49=FACE_BOUND('',#513,.T.);
#50=PLANE('',#2987);
#51=PLANE('',#2994);
#52=PLANE('',#2998);
#53=PLANE('',#3002);
#54=PLANE('',#3006);
#55=PLANE('',#3010);
#56=PLANE('',#3014);
#57=PLANE('',#3018);
#58=PLANE('',#3022);
#59=PLANE('',#3026);
#60=PLANE('',#3030);
#61=PLANE('',#3034);
#62=PLANE('',#3035);
#63=PLANE('',#3036);
#64=PLANE('',#3037);
#65=PLANE('',#3038);
#66=PLANE('',#3039);
#67=PLANE('',#3040);
#68=PLANE('',#3041);
#69=PLANE('',#3042);
#70=PLANE('',#3043);
#71=PLANE('',#3044);
#72=PLANE('',#3045);
#73=PLANE('',#3046);
#74=PLANE('',#3047);
#75=PLANE('',#3048);
#76=PLANE('',#3049);
#77=PLANE('',#3050);
#78=PLANE('',#3051);
#79=PLANE('',#3052);
#80=PLANE('',#3053);
#81=PLANE('',#3054);
#82=PLANE('',#3055);
#83=PLANE('',#3056);
#84=PLANE('',#3057);
#85=PLANE('',#3058);
#86=PLANE('',#3059);
#87=PLANE('',#3060);
#88=PLANE('',#3061);
#89=PLANE('',#3062);
#90=PLANE('',#3063);
#91=PLANE('',#3064);
#92=PLANE('',#3065);
#93=PLANE('',#3066);
#94=PLANE('',#3067);
#95=PLANE('',#3068);
#96=PLANE('',#3069);
#97=PLANE('',#3070);
#98=PLANE('',#3071);
#99=PLANE('',#3072);
#100=PLANE('',#3073);
#101=PLANE('',#3074);
#102=PLANE('',#3075);
#103=PLANE('',#3076);
#104=PLANE('',#3077);
#105=PLANE('',#3078);
#106=PLANE('',#3079);
#107=PLANE('',#3080);
#108=PLANE('',#3081);
#109=PLANE('',#3082);
#110=PLANE('',#3083);
#111=PLANE('',#3084);
#112=PLANE('',#3085);
#113=PLANE('',#3086);
#114=PLANE('',#3087);
#115=PLANE('',#3088);
#116=PLANE('',#3089);
#117=PLANE('',#3090);
#118=PLANE('',#3091);
#119=PLANE('',#3092);
#120=PLANE('',#3093);
#121=PLANE('',#3094);
#122=PLANE('',#3095);
#123=PLANE('',#3096);
#124=PLANE('',#3097);
#125=PLANE('',#3098);
#126=PLANE('',#3100);
#127=PLANE('',#3101);
#128=PLANE('',#3102);
#129=PLANE('',#3103);
#130=PLANE('',#3104);
#131=PLANE('',#3105);
#132=PLANE('',#3106);
#133=PLANE('',#3107);
#134=PLANE('',#3108);
#135=PLANE('',#3109);
#136=PLANE('',#3110);
#137=PLANE('',#3111);
#138=PLANE('',#3112);
#139=PLANE('',#3113);
#140=PLANE('',#3114);
#141=PLANE('',#3118);
#142=PLANE('',#3122);
#143=PLANE('',#3123);
#144=PLANE('',#3130);
#145=PLANE('',#3131);
#146=PLANE('',#3132);
#147=PLANE('',#3133);
#148=PLANE('',#3134);
#149=PLANE('',#3135);
#150=PLANE('',#3142);
#151=PLANE('',#3143);
#152=PLANE('',#3144);
#153=PLANE('',#3145);
#154=PLANE('',#3146);
#155=PLANE('',#3147);
#156=TOROIDAL_SURFACE('',#2941,0.142299682452695,0.0031250000000001);
#157=TOROIDAL_SURFACE('',#2946,0.142299682452695,0.0031250000000001);
#158=TOROIDAL_SURFACE('',#2950,0.235714285714286,0.0142857142857142);
#159=CONICAL_SURFACE('',#2932,0.117524047358084,0.785398163397445);
#160=CONICAL_SURFACE('',#2934,0.117524047358084,0.785398163397445);
#161=CONICAL_SURFACE('',#2936,0.114817717971257,0.5235987755983);
#162=CONICAL_SURFACE('',#2939,0.0375,0.78539816339745);
#163=CONICAL_SURFACE('',#2954,0.139174682452695,1.04719755119664);
#164=CONICAL_SURFACE('',#2958,0.15,1.0471975511966);
#165=CONICAL_SURFACE('',#2960,0.151353164693414,0.122487524927849);
#166=CONICAL_SURFACE('',#2986,0.15,0.959931088596883);
#167=B_SPLINE_CURVE_WITH_KNOTS('',3,(#4116,#4117,#4118,#4119,#4120,#4121,
#4122,#4123,#4124,#4125),.UNSPECIFIED.,.F.,.F.,(4,2,2,2,4),(6.61232017828591,
6.61668978193928,6.67651035080255,6.7287022918055,6.77888675459943),
 .UNSPECIFIED.);
#168=B_SPLINE_CURVE_WITH_KNOTS('',3,(#4133,#4134,#4135,#4136,#4137,#4138,
#4139,#4140,#4141,#4142,#4143,#4144,#4145,#4146),.UNSPECIFIED.,.F.,.F.,
(4,2,2,2,2,2,4),(9.99999990249528E-7,0.0450302587287196,0.0900966696197542,
0.148130509123796,0.206274332357009,0.266030452552747,0.28250076506977),
 .UNSPECIFIED.);
#169=B_SPLINE_CURVE_WITH_KNOTS('',3,(#4151,#4152,#4153,#4154,#4155,#4156,
#4157,#4158,#4159,#4160,#4161,#4162,#4163,#4164,#4165,#4166,#4167,#4168,
#4169,#4170,#4171,#4172,#4173,#4174,#4175,#4176,#4177,#4178,#4179,#4180,
#4181,#4182,#4183,#4184,#4185,#4186),.UNSPECIFIED.,.F.,.F.,(4,2,2,2,2,2,
2,2,2,2,2,2,2,2,2,2,2,4),(5.66450987293675,5.67770893345693,5.73752505354613,
5.7958557700864,5.85370333774066,5.91362451322972,5.97128298085063,6.0309840021164,
6.09012463386545,6.14722951201525,6.20703367136641,6.26552533790685,6.32309691474372,
6.38319806130303,6.4410180042544,6.50017242889326,6.55950613874398,6.61232017828591),
 .UNSPECIFIED.);
#170=B_SPLINE_CURVE_WITH_KNOTS('',3,(#4187,#4188,#4189,#4190,#4191,#4192,
#4193,#4194,#4195,#4196,#4197,#4198,#4199,#4200,#4201,#4202,#4203,#4204,
#4205,#4206,#4207,#4208,#4209,#4210,#4211,#4212,#4213,#4214,#4215,#4216,
#4217,#4218,#4219,#4220,#4221,#4222),.UNSPECIFIED.,.F.,.F.,(4,2,2,2,2,2,
2,2,2,2,2,2,2,2,2,2,2,4),(0.28250076506977,0.323144406565255,0.381940622058966,
0.441677528953661,0.499020532661423,0.558594329424563,0.617116020073755,
0.675140507418819,0.735472429708929,0.792765736296764,0.851464688351349,
0.911238519234861,0.968412601057762,1.0277567434977,1.08669438213582,1.14451661969283,
1.20462441873801,1.22985056008921),.UNSPECIFIED.);
#171=B_SPLINE_CURVE_WITH_KNOTS('',3,(#4227,#4228,#4229,#4230,#4231,#4232,
#4233,#4234,#4235,#4236,#4237,#4238,#4239,#4240,#4241,#4242,#4243,#4244,
#4245,#4246,#4247,#4248,#4249,#4250,#4251,#4252,#4253,#4254,#4255,#4256,
#4257,#4258,#4259,#4260,#4261,#4262),.UNSPECIFIED.,.F.,.F.,(4,2,2,2,2,2,
2,2,2,2,2,2,2,2,2,2,2,4),(4.71590201073595,4.73754428487156,4.79794629843123,
4.85604084626823,4.91474675734454,4.97438854323791,5.03179872706565,5.09163194168376,
5.15049466806106,5.20772013173279,5.26757505735435,5.3257840641068,5.38397895229716,
5.4437595900817,5.50129281436285,5.56160419136384,5.62058606745238,5.66450987293675),
 .UNSPECIFIED.);
#172=B_SPLINE_CURVE_WITH_KNOTS('',3,(#4263,#4264,#4265,#4266,#4267,#4268,
#4269,#4270,#4271,#4272,#4273,#4274,#4275,#4276,#4277,#4278,#4279,#4280,
#4281,#4282,#4283,#4284,#4285,#4286,#4287,#4288,#4289,#4290,#4291,#4292,
#4293,#4294,#4295,#4296,#4297,#4298),.UNSPECIFIED.,.F.,.F.,(4,2,2,2,2,2,
2,2,2,2,2,2,2,2,2,2,2,4),(1.22985056008921,1.26206868802507,1.32056243276116,
1.38030966048284,1.43737275599928,1.4965141141526,1.55597007836381,1.61362020385643,
1.67353647231276,1.73122813667921,1.78954934739331,1.84929944028216,1.906349957043,
1.96532095259063,2.02536976897559,2.08288255268944,2.14264512206846,2.17676174915065),
 .UNSPECIFIED.);
#173=B_SPLINE_CURVE_WITH_KNOTS('',3,(#4303,#4304,#4305,#4306,#4307,#4308,
#4309,#4310,#4311,#4312,#4313,#4314,#4315,#4316,#4317,#4318,#4319,#4320,
#4321,#4322,#4323,#4324,#4325,#4326,#4327,#4328,#4329,#4330,#4331,#4332,
#4333,#4334,#4335,#4336,#4337,#4338),.UNSPECIFIED.,.F.,.F.,(4,2,2,2,2,2,
2,2,2,2,2,2,2,2,2,2,2,4),(3.76708263159893,3.79775506035926,3.85775347857258,
3.91548482960498,3.9751652917184,4.03438447330738,4.0915471727407,4.15140750402978,
4.20997740208561,4.26757288397903,4.32775625440631,4.38565365691526,4.44479784670188,
4.50421436234146,4.56146898451659,4.62135005018994,4.6801196224066,4.71590201073595),
 .UNSPECIFIED.);
#174=B_SPLINE_CURVE_WITH_KNOTS('',3,(#4339,#4340,#4341,#4342,#4343,#4344,
#4345,#4346,#4347,#4348,#4349,#4350,#4351,#4352,#4353,#4354,#4355,#4356,
#4357,#4358,#4359,#4360,#4361,#4362,#4363,#4364,#4365,#4366,#4367,#4368,
#4369,#4370,#4371,#4372,#4373,#4374),.UNSPECIFIED.,.F.,.F.,(4,2,2,2,2,2,
2,2,2,2,2,2,2,2,2,2,2,4),(2.17676174915065,2.20066357299522,2.25885000310742,
2.3186303165221,2.37575772771225,2.43459633687875,2.49435869187522,2.55174168035248,
2.61135815106279,2.66858897296311,2.72842930619011,2.78659329486868,2.84484123985747,
2.90457236290278,2.96205977586606,3.02184661048134,3.08079878425195,3.12444706557045),
 .UNSPECIFIED.);
#175=B_SPLINE_CURVE_WITH_KNOTS('',3,(#4379,#4380,#4381,#4382,#4383,#4384,
#4385,#4386,#4387,#4388,#4389,#4390,#4391,#4392,#4393,#4394,#4395,#4396,
#4397,#4398,#4399,#4400,#4401,#4402,#4403,#4404,#4405,#4406,#4407,#4408,
#4409,#4410,#4411,#4412,#4413,#4414),.UNSPECIFIED.,.F.,.F.,(4,2,2,2,2,2,
2,2,2,2,2,2,2,2,2,2,2,4),(2.81824450195027,2.8584497514336,2.91731250090511,
2.97713533793368,3.03454469346929,3.09418626580637,3.1528492861247,3.21094222642803,
3.2713435571604,3.32874391623148,3.38751194745279,3.44511294621899,3.50539795055813,
3.56445340129921,3.62162189107633,3.6814905458245,3.73989453066278,3.76708263159893),
 .UNSPECIFIED.);
#176=B_SPLINE_CURVE_WITH_KNOTS('',3,(#4415,#4416,#4417,#4418,#4419,#4420,
#4421,#4422,#4423,#4424,#4425,#4426,#4427,#4428,#4429,#4430,#4431,#4432,
#4433,#4434,#4435,#4436,#4437,#4438,#4439,#4440,#4441,#4442,#4443,#4444,
#4445,#4446,#4447,#4448,#4449,#4450),.UNSPECIFIED.,.F.,.F.,(4,2,2,2,2,2,
2,2,2,2,2,2,2,2,2,2,2,4),(3.12444706557045,3.13790529276924,3.19770165574875,
3.25600275894171,3.31384939602118,3.37373921014246,3.4313681726744,3.4910842340124,
3.55019279024672,3.60727561303877,3.66705830493722,3.72551799381806,3.78308356728264,
3.84315097981952,3.90093923827109,3.96010396079073,4.01940356300836,4.07191488988548),
 .UNSPECIFIED.);
#177=B_SPLINE_CURVE_WITH_KNOTS('',3,(#4455,#4456,#4457,#4458,#4459,#4460,
#4461,#4462,#4463,#4464,#4465,#4466,#4467,#4468,#4469,#4470,#4471,#4472,
#4473,#4474,#4475,#4476,#4477,#4478,#4479,#4480,#4481,#4482,#4483,#4484,
#4485,#4486,#4487,#4488,#4489,#4490),.UNSPECIFIED.,.F.,.F.,(4,2,2,2,2,2,
2,2,2,2,2,2,2,2,2,2,2,4),(1.87041699293857,1.91901508822094,1.97816149567852,
2.03781225205915,2.09547426959515,2.15539997167774,2.21321726785732,2.27155130927377,
2.33135818637931,2.38846954676554,2.44745449799002,2.50771202940488,2.56524600993898,
2.62502813550986,2.68318836947565,2.74139768953481,2.80124144065892,2.81824450195027),
 .UNSPECIFIED.);
#178=B_SPLINE_CURVE_WITH_KNOTS('',3,(#4491,#4492,#4493,#4494,#4495,#4496,
#4497,#4498,#4499,#4500,#4501,#4502,#4503,#4504,#4505,#4506,#4507,#4508,
#4509,#4510,#4511,#4512,#4513,#4514,#4515,#4516,#4517,#4518,#4519,#4520,
#4521,#4522,#4523,#4524,#4525,#4526,#4527,#4528),.UNSPECIFIED.,.F.,.F.,
(4,2,2,2,2,2,2,2,2,2,2,2,2,2,2,2,2,2,4),(4.07191488988548,4.07655897808421,
4.13635658086198,4.19500958430786,4.25238541143577,4.31266510053967,4.3706446111923,
4.42935086390135,4.4888704620671,4.54619677869896,4.60604040650214,4.66491620453828,
4.72220405398602,4.78210366421671,4.84032476249153,4.89863153302085,4.95842124958055,
5.01596508512701,5.02040948668529),.UNSPECIFIED.);
#179=B_SPLINE_CURVE_WITH_KNOTS('',3,(#4534,#4535,#4536,#4537,#4538,#4539,
#4540,#4541,#4542,#4543,#4544,#4545,#4546,#4547,#4548,#4549,#4550,#4551,
#4552,#4553,#4554,#4555,#4556,#4557,#4558,#4559,#4560,#4561,#4562,#4563),
 .UNSPECIFIED.,.F.,.F.,(4,2,2,2,2,2,2,2,2,2,2,2,2,2,4),(5.96882549155256,
6.01499633512903,6.07435383649372,6.13156528060184,6.19142178801811,6.2501320455313,
6.30756488315716,6.36790337597189,6.42593948569202,6.48470483142405,6.54428246920427,
6.60166470560935,6.66156718862482,6.72050038194209,6.77710045599613),
 .UNSPECIFIED.);
#180=B_SPLINE_CURVE_WITH_KNOTS('',3,(#4566,#4567,#4568,#4569,#4570,#4571,
#4572,#4573,#4574,#4575,#4576,#4577,#4578,#4579,#4580,#4581,#4582,#4583,
#4584,#4585,#4586,#4587,#4588,#4589,#4590,#4591,#4592,#4593,#4594,#4595,
#4596,#4597,#4598,#4599),.UNSPECIFIED.,.F.,.F.,(4,2,2,2,2,2,2,2,2,2,2,2,
2,2,2,2,4),(9.99999997486921E-7,0.050756226815418,0.101714040007117,0.159512562977082,
0.217765463220968,0.277512280417907,0.334571445498491,0.39347487558753,
0.453753513160925,0.511212094008789,0.570914594989829,0.629063535550565,
0.687197408272686,0.746984586213695,0.804150845072696,0.862937839409227,
0.922403266079271),.UNSPECIFIED.);
#181=B_SPLINE_CURVE_WITH_KNOTS('',3,(#4604,#4605,#4606,#4607,#4608,#4609,
#4610,#4611,#4612,#4613,#4614,#4615,#4616,#4617,#4618,#4619,#4620,#4621,
#4622,#4623,#4624,#4625),.UNSPECIFIED.,.F.,.F.,(4,2,2,2,2,2,2,2,2,2,4),
(0.320859759767602,0.33756263428194,0.396747254004995,0.460470455497405,
0.534436580891155,0.620916808523622,0.710878836605011,0.75503028826274,
0.843556910984365,0.922950770555356,1.03445369461946),.UNSPECIFIED.);
#182=B_SPLINE_CURVE_WITH_KNOTS('',3,(#4626,#4627,#4628,#4629,#4630,#4631,
#4632,#4633,#4634,#4635,#4636,#4637,#4638,#4639),.UNSPECIFIED.,.F.,.F.,
(4,2,2,2,2,2,4),(1.0000001593527E-6,0.0491441384168201,0.0950156142059015,
0.121802997819691,0.160002928326818,0.290726787697193,0.408149009855812),
 .UNSPECIFIED.);
#183=B_SPLINE_CURVE_WITH_KNOTS('',3,(#4643,#4644,#4645,#4646,#4647,#4648,
#4649,#4650,#4651,#4652,#4653,#4654,#4655,#4656,#4657,#4658,#4659,#4660,
#4661,#4662,#4663,#4664),.UNSPECIFIED.,.F.,.F.,(4,2,2,2,2,2,2,2,2,2,4),
(9.99999999986373E-7,0.0265381450730409,0.0471955707406662,0.0748928322823314,
0.0904965471996098,0.1224662349317,0.152214606420213,0.19317978211219,0.252241986860284,
0.307414194267051,0.320859759767602),.UNSPECIFIED.);
#184=B_SPLINE_CURVE_WITH_KNOTS('',3,(#4707,#4708,#4709,#4710,#4711,#4712,
#4713,#4714,#4715,#4716,#4717,#4718,#4719,#4720,#4721,#4722,#4723,#4724,
#4725,#4726,#4727,#4728,#4729,#4730,#4731,#4732,#4733,#4734,#4735,#4736,
#4737,#4738,#4739,#4740,#4741,#4742,#4743,#4744),.UNSPECIFIED.,.F.,.F.,
(4,2,2,2,2,2,2,2,2,2,2,2,2,2,2,2,2,2,4),(0.922403266079271,0.922702694778539,
0.980039794364324,1.03960512430522,1.09827129678214,1.15629254034016,1.21661752619598,
1.27398873054089,1.33268408229131,1.39250002088765,1.44968633113138,1.509028092085,
1.56813833289039,1.62596429891608,1.68607266166393,1.74362024156758,1.80211792434044,
1.86191488523245,1.87041699293857),.UNSPECIFIED.);
#185=B_SPLINE_CURVE_WITH_KNOTS('',3,(#4745,#4746,#4747,#4748,#4749,#4750,
#4751,#4752,#4753,#4754,#4755,#4756,#4757,#4758,#4759,#4760,#4761,#4762,
#4763,#4764,#4765,#4766,#4767,#4768,#4769,#4770,#4771,#4772,#4773,#4774,
#4775,#4776,#4777,#4778,#4779,#4780),.UNSPECIFIED.,.F.,.F.,(4,2,2,2,2,2,
2,2,2,2,2,2,2,2,2,2,2,4),(5.02040948668529,5.07581101145498,5.13482101670641,
5.191984132674,5.25183964030841,5.31019792508118,5.36810263519966,5.42805114488797,
5.48573661858554,5.54551337917111,5.60467981217731,5.6618189526415,5.72166069542684,
5.78017761385581,5.83780074217147,5.89792691692726,5.95577174392131,5.96882549155256),
 .UNSPECIFIED.);
#186=B_SPLINE_CURVE_WITH_KNOTS('',3,(#4931,#4932,#4933,#4934),
 .UNSPECIFIED.,.F.,.F.,(4,4),(0.,0.000266600086153049),.UNSPECIFIED.);
#187=B_SPLINE_CURVE_WITH_KNOTS('',3,(#4935,#4936,#4937,#4938,#4939,#4940,
#4941),.UNSPECIFIED.,.F.,.F.,(4,3,4),(0.000266600086153049,0.000557343301349136,
0.000760451749708144),.UNSPECIFIED.);
#188=B_SPLINE_CURVE_WITH_KNOTS('',3,(#4942,#4943,#4944,#4945,#4946,#4947,
#4948,#4949,#4950,#4951,#4952,#4953,#4954,#4955,#4956,#4957,#4958,#4959,
#4960,#4961,#4962,#4963,#4964,#4965,#4966,#4967,#4968,#4969,#4970,#4971,
#4972,#4973,#4974,#4975),.UNSPECIFIED.,.F.,.F.,(4,2,2,2,2,2,2,2,2,2,2,2,
2,2,2,2,4),(-1.06405065708002,-1.01271525771781,-0.964788810116443,-0.874320278313741,
-0.756292294069436,-0.697810944699725,-0.579393383084841,-0.46549121101322,
-0.388964584363603,-0.330483882243499,-0.272004181232753,-0.243655013295082,
-0.193362040442778,-0.139493064497276,-0.0884901970251422,-0.0433720958210129,
-1.00000020264446E-6),.UNSPECIFIED.);
#189=FACE_OUTER_BOUND('',#344,.T.);
#190=FACE_OUTER_BOUND('',#345,.T.);
#191=FACE_OUTER_BOUND('',#346,.T.);
#192=FACE_OUTER_BOUND('',#347,.T.);
#193=FACE_OUTER_BOUND('',#348,.T.);
#194=FACE_OUTER_BOUND('',#349,.T.);
#195=FACE_OUTER_BOUND('',#350,.T.);
#196=FACE_OUTER_BOUND('',#351,.T.);
#197=FACE_OUTER_BOUND('',#352,.T.);
#198=FACE_OUTER_BOUND('',#353,.T.);
#199=FACE_OUTER_BOUND('',#354,.T.);
#200=FACE_OUTER_BOUND('',#355,.T.);
#201=FACE_OUTER_BOUND('',#356,.T.);
#202=FACE_OUTER_BOUND('',#357,.T.);
#203=FACE_OUTER_BOUND('',#358,.T.);
#204=FACE_OUTER_BOUND('',#359,.T.);
#205=FACE_OUTER_BOUND('',#360,.T.);
#206=FACE_OUTER_BOUND('',#361,.T.);
#207=FACE_OUTER_BOUND('',#362,.T.);
#208=FACE_OUTER_BOUND('',#363,.T.);
#209=FACE_OUTER_BOUND('',#364,.T.);
#210=FACE_OUTER_BOUND('',#365,.T.);
#211=FACE_OUTER_BOUND('',#366,.T.);
#212=FACE_OUTER_BOUND('',#367,.T.);
#213=FACE_OUTER_BOUND('',#368,.T.);
#214=FACE_OUTER_BOUND('',#369,.T.);
#215=FACE_OUTER_BOUND('',#370,.T.);
#216=FACE_OUTER_BOUND('',#371,.T.);
#217=FACE_OUTER_BOUND('',#372,.T.);
#218=FACE_OUTER_BOUND('',#373,.T.);
#219=FACE_OUTER_BOUND('',#374,.T.);
#220=FACE_OUTER_BOUND('',#375,.T.);
#221=FACE_OUTER_BOUND('',#376,.T.);
#222=FACE_OUTER_BOUND('',#377,.T.);
#223=FACE_OUTER_BOUND('',#378,.T.);
#224=FACE_OUTER_BOUND('',#379,.T.);
#225=FACE_OUTER_BOUND('',#380,.T.);
#226=FACE_OUTER_BOUND('',#381,.T.);
#227=FACE_OUTER_BOUND('',#382,.T.);
#228=FACE_OUTER_BOUND('',#383,.T.);
#229=FACE_OUTER_BOUND('',#384,.T.);
#230=FACE_OUTER_BOUND('',#385,.T.);
#231=FACE_OUTER_BOUND('',#386,.T.);
#232=FACE_OUTER_BOUND('',#387,.T.);
#233=FACE_OUTER_BOUND('',#388,.T.);
#234=FACE_OUTER_BOUND('',#389,.T.);
#235=FACE_OUTER_BOUND('',#390,.T.);
#236=FACE_OUTER_BOUND('',#391,.T.);
#237=FACE_OUTER_BOUND('',#392,.T.);
#238=FACE_OUTER_BOUND('',#393,.T.);
#239=FACE_OUTER_BOUND('',#394,.T.);
#240=FACE_OUTER_BOUND('',#395,.T.);
#241=FACE_OUTER_BOUND('',#396,.T.);
#242=FACE_OUTER_BOUND('',#397,.T.);
#243=FACE_OUTER_BOUND('',#398,.T.);
#244=FACE_OUTER_BOUND('',#399,.T.);
#245=FACE_OUTER_BOUND('',#400,.T.);
#246=FACE_OUTER_BOUND('',#401,.T.);
#247=FACE_OUTER_BOUND('',#402,.T.);
#248=FACE_OUTER_BOUND('',#403,.T.);
#249=FACE_OUTER_BOUND('',#404,.T.);
#250=FACE_OUTER_BOUND('',#405,.T.);
#251=FACE_OUTER_BOUND('',#406,.T.);
#252=FACE_OUTER_BOUND('',#407,.T.);
#253=FACE_OUTER_BOUND('',#408,.T.);
#254=FACE_OUTER_BOUND('',#409,.T.);
#255=FACE_OUTER_BOUND('',#410,.T.);
#256=FACE_OUTER_BOUND('',#411,.T.);
#257=FACE_OUTER_BOUND('',#412,.T.);
#258=FACE_OUTER_BOUND('',#413,.T.);
#259=FACE_OUTER_BOUND('',#414,.T.);
#260=FACE_OUTER_BOUND('',#415,.T.);
#261=FACE_OUTER_BOUND('',#416,.T.);
#262=FACE_OUTER_BOUND('',#417,.T.);
#263=FACE_OUTER_BOUND('',#418,.T.);
#264=FACE_OUTER_BOUND('',#419,.T.);
#265=FACE_OUTER_BOUND('',#420,.T.);
#266=FACE_OUTER_BOUND('',#421,.T.);
#267=FACE_OUTER_BOUND('',#422,.T.);
#268=FACE_OUTER_BOUND('',#423,.T.);
#269=FACE_OUTER_BOUND('',#424,.T.);
#270=FACE_OUTER_BOUND('',#425,.T.);
#271=FACE_OUTER_BOUND('',#426,.T.);
#272=FACE_OUTER_BOUND('',#427,.T.);
#273=FACE_OUTER_BOUND('',#428,.T.);
#274=FACE_OUTER_BOUND('',#429,.T.);
#275=FACE_OUTER_BOUND('',#430,.T.);
#276=FACE_OUTER_BOUND('',#431,.T.);
#277=FACE_OUTER_BOUND('',#432,.T.);
#278=FACE_OUTER_BOUND('',#433,.T.);
#279=FACE_OUTER_BOUND('',#435,.T.);
#280=FACE_OUTER_BOUND('',#436,.T.);
#281=FACE_OUTER_BOUND('',#437,.T.);
#282=FACE_OUTER_BOUND('',#438,.T.);
#283=FACE_OUTER_BOUND('',#439,.T.);
#284=FACE_OUTER_BOUND('',#440,.T.);
#285=FACE_OUTER_BOUND('',#441,.T.);
#286=FACE_OUTER_BOUND('',#442,.T.);
#287=FACE_OUTER_BOUND('',#443,.T.);
#288=FACE_OUTER_BOUND('',#444,.T.);
#289=FACE_OUTER_BOUND('',#445,.T.);
#290=FACE_OUTER_BOUND('',#446,.T.);
#291=FACE_OUTER_BOUND('',#447,.T.);
#292=FACE_OUTER_BOUND('',#448,.T.);
#293=FACE_OUTER_BOUND('',#449,.T.);
#294=FACE_OUTER_BOUND('',#450,.T.);
#295=FACE_OUTER_BOUND('',#451,.T.);
#296=FACE_OUTER_BOUND('',#452,.T.);
#297=FACE_OUTER_BOUND('',#453,.T.);
#298=FACE_OUTER_BOUND('',#454,.T.);
#299=FACE_OUTER_BOUND('',#455,.T.);
#300=FACE_OUTER_BOUND('',#456,.T.);
#301=FACE_OUTER_BOUND('',#457,.T.);
#302=FACE_OUTER_BOUND('',#458,.T.);
#303=FACE_OUTER_BOUND('',#459,.T.);
#304=FACE_OUTER_BOUND('',#461,.T.);
#305=FACE_OUTER_BOUND('',#463,.T.);
#306=FACE_OUTER_BOUND('',#464,.T.);
#307=FACE_OUTER_BOUND('',#465,.T.);
#308=FACE_OUTER_BOUND('',#466,.T.);
#309=FACE_OUTER_BOUND('',#467,.T.);
#310=FACE_OUTER_BOUND('',#468,.T.);
#311=FACE_OUTER_BOUND('',#469,.T.);
#312=FACE_OUTER_BOUND('',#470,.T.);
#313=FACE_OUTER_BOUND('',#471,.T.);
#314=FACE_OUTER_BOUND('',#472,.T.);
#315=FACE_OUTER_BOUND('',#473,.T.);
#316=FACE_OUTER_BOUND('',#474,.T.);
#317=FACE_OUTER_BOUND('',#475,.T.);
#318=FACE_OUTER_BOUND('',#477,.T.);
#319=FACE_OUTER_BOUND('',#478,.T.);
#320=FACE_OUTER_BOUND('',#479,.T.);
#321=FACE_OUTER_BOUND('',#480,.T.);
#322=FACE_OUTER_BOUND('',#481,.T.);
#323=FACE_OUTER_BOUND('',#482,.T.);
#324=FACE_OUTER_BOUND('',#483,.T.);
#325=FACE_OUTER_BOUND('',#485,.T.);
#326=FACE_OUTER_BOUND('',#486,.T.);
#327=FACE_OUTER_BOUND('',#488,.T.);
#328=FACE_OUTER_BOUND('',#490,.T.);
#329=FACE_OUTER_BOUND('',#491,.T.);
#330=FACE_OUTER_BOUND('',#492,.T.);
#331=FACE_OUTER_BOUND('',#493,.T.);
#332=FACE_OUTER_BOUND('',#494,.T.);
#333=FACE_OUTER_BOUND('',#495,.T.);
#334=FACE_OUTER_BOUND('',#496,.T.);
#335=FACE_OUTER_BOUND('',#499,.T.);
#336=FACE_OUTER_BOUND('',#502,.T.);
#337=FACE_OUTER_BOUND('',#503,.T.);
#338=FACE_OUTER_BOUND('',#504,.T.);
#339=FACE_OUTER_BOUND('',#505,.T.);
#340=FACE_OUTER_BOUND('',#506,.T.);
#341=FACE_OUTER_BOUND('',#507,.T.);
#342=FACE_OUTER_BOUND('',#508,.T.);
#343=FACE_OUTER_BOUND('',#511,.T.);
#344=EDGE_LOOP('',(#1869,#1870,#1871,#1872));
#345=EDGE_LOOP('',(#1873,#1874,#1875,#1876));
#346=EDGE_LOOP('',(#1877,#1878,#1879,#1880));
#347=EDGE_LOOP('',(#1881,#1882,#1883,#1884));
#348=EDGE_LOOP('',(#1885,#1886,#1887,#1888));
#349=EDGE_LOOP('',(#1889,#1890,#1891,#1892));
#350=EDGE_LOOP('',(#1893,#1894,#1895,#1896));
#351=EDGE_LOOP('',(#1897,#1898,#1899));
#352=EDGE_LOOP('',(#1900,#1901,#1902,#1903,#1904,#1905,#1906,#1907));
#353=EDGE_LOOP('',(#1908,#1909,#1910,#1911));
#354=EDGE_LOOP('',(#1912,#1913,#1914,#1915));
#355=EDGE_LOOP('',(#1916,#1917,#1918,#1919));
#356=EDGE_LOOP('',(#1920,#1921,#1922,#1923));
#357=EDGE_LOOP('',(#1924,#1925,#1926,#1927));
#358=EDGE_LOOP('',(#1928,#1929,#1930,#1931));
#359=EDGE_LOOP('',(#1932,#1933,#1934,#1935,#1936));
#360=EDGE_LOOP('',(#1937,#1938,#1939));
#361=EDGE_LOOP('',(#1940,#1941,#1942,#1943));
#362=EDGE_LOOP('',(#1944,#1945,#1946));
#363=EDGE_LOOP('',(#1947,#1948,#1949,#1950,#1951));
#364=EDGE_LOOP('',(#1952,#1953,#1954,#1955));
#365=EDGE_LOOP('',(#1956,#1957,#1958,#1959));
#366=EDGE_LOOP('',(#1960,#1961,#1962,#1963,#1964,#1965));
#367=EDGE_LOOP('',(#1966,#1967,#1968,#1969));
#368=EDGE_LOOP('',(#1970,#1971,#1972,#1973));
#369=EDGE_LOOP('',(#1974,#1975,#1976,#1977));
#370=EDGE_LOOP('',(#1978,#1979,#1980,#1981,#1982,#1983,#1984,#1985,#1986,
#1987,#1988,#1989,#1990,#1991,#1992,#1993,#1994,#1995,#1996,#1997,#1998,
#1999,#2000,#2001,#2002,#2003,#2004,#2005,#2006,#2007,#2008,#2009,#2010,
#2011,#2012,#2013,#2014,#2015,#2016,#2017,#2018,#2019,#2020,#2021,#2022,
#2023,#2024,#2025,#2026,#2027,#2028,#2029,#2030));
#371=EDGE_LOOP('',(#2031,#2032,#2033,#2034,#2035,#2036));
#372=EDGE_LOOP('',(#2037,#2038,#2039,#2040));
#373=EDGE_LOOP('',(#2041,#2042,#2043,#2044));
#374=EDGE_LOOP('',(#2045,#2046,#2047,#2048));
#375=EDGE_LOOP('',(#2049,#2050,#2051,#2052));
#376=EDGE_LOOP('',(#2053,#2054,#2055,#2056));
#377=EDGE_LOOP('',(#2057,#2058,#2059,#2060));
#378=EDGE_LOOP('',(#2061,#2062,#2063,#2064));
#379=EDGE_LOOP('',(#2065,#2066,#2067,#2068));
#380=EDGE_LOOP('',(#2069,#2070,#2071,#2072));
#381=EDGE_LOOP('',(#2073,#2074,#2075,#2076));
#382=EDGE_LOOP('',(#2077,#2078,#2079,#2080));
#383=EDGE_LOOP('',(#2081,#2082,#2083,#2084));
#384=EDGE_LOOP('',(#2085,#2086,#2087,#2088));
#385=EDGE_LOOP('',(#2089,#2090,#2091,#2092));
#386=EDGE_LOOP('',(#2093,#2094,#2095,#2096));
#387=EDGE_LOOP('',(#2097,#2098,#2099,#2100));
#388=EDGE_LOOP('',(#2101,#2102,#2103,#2104));
#389=EDGE_LOOP('',(#2105,#2106,#2107,#2108));
#390=EDGE_LOOP('',(#2109,#2110,#2111,#2112));
#391=EDGE_LOOP('',(#2113,#2114,#2115,#2116));
#392=EDGE_LOOP('',(#2117,#2118,#2119,#2120));
#393=EDGE_LOOP('',(#2121,#2122,#2123,#2124));
#394=EDGE_LOOP('',(#2125,#2126,#2127,#2128));
#395=EDGE_LOOP('',(#2129,#2130,#2131,#2132));
#396=EDGE_LOOP('',(#2133,#2134,#2135,#2136));
#397=EDGE_LOOP('',(#2137,#2138,#2139,#2140));
#398=EDGE_LOOP('',(#2141,#2142,#2143,#2144));
#399=EDGE_LOOP('',(#2145,#2146,#2147,#2148));
#400=EDGE_LOOP('',(#2149,#2150,#2151,#2152));
#401=EDGE_LOOP('',(#2153,#2154,#2155,#2156));
#402=EDGE_LOOP('',(#2157,#2158,#2159,#2160));
#403=EDGE_LOOP('',(#2161,#2162,#2163,#2164));
#404=EDGE_LOOP('',(#2165,#2166,#2167,#2168));
#405=EDGE_LOOP('',(#2169,#2170,#2171,#2172));
#406=EDGE_LOOP('',(#2173,#2174,#2175,#2176));
#407=EDGE_LOOP('',(#2177,#2178,#2179,#2180));
#408=EDGE_LOOP('',(#2181,#2182,#2183,#2184));
#409=EDGE_LOOP('',(#2185,#2186,#2187,#2188));
#410=EDGE_LOOP('',(#2189,#2190,#2191,#2192));
#411=EDGE_LOOP('',(#2193,#2194,#2195,#2196,#2197));
#412=EDGE_LOOP('',(#2198,#2199,#2200,#2201));
#413=EDGE_LOOP('',(#2202,#2203,#2204,#2205));
#414=EDGE_LOOP('',(#2206,#2207,#2208,#2209));
#415=EDGE_LOOP('',(#2210,#2211,#2212,#2213));
#416=EDGE_LOOP('',(#2214,#2215,#2216,#2217));
#417=EDGE_LOOP('',(#2218,#2219,#2220,#2221));
#418=EDGE_LOOP('',(#2222,#2223,#2224,#2225));
#419=EDGE_LOOP('',(#2226,#2227,#2228,#2229));
#420=EDGE_LOOP('',(#2230,#2231,#2232,#2233));
#421=EDGE_LOOP('',(#2234,#2235,#2236,#2237));
#422=EDGE_LOOP('',(#2238,#2239,#2240,#2241));
#423=EDGE_LOOP('',(#2242,#2243,#2244,#2245));
#424=EDGE_LOOP('',(#2246,#2247,#2248,#2249));
#425=EDGE_LOOP('',(#2250,#2251,#2252,#2253));
#426=EDGE_LOOP('',(#2254,#2255,#2256,#2257));
#427=EDGE_LOOP('',(#2258,#2259,#2260,#2261));
#428=EDGE_LOOP('',(#2262,#2263,#2264,#2265));
#429=EDGE_LOOP('',(#2266,#2267,#2268,#2269));
#430=EDGE_LOOP('',(#2270,#2271,#2272,#2273));
#431=EDGE_LOOP('',(#2274,#2275,#2276,#2277));
#432=EDGE_LOOP('',(#2278));
#433=EDGE_LOOP('',(#2279));
#434=EDGE_LOOP('',(#2280,#2281,#2282,#2283,#2284,#2285,#2286,#2287,#2288,
#2289,#2290,#2291,#2292,#2293,#2294,#2295,#2296,#2297,#2298,#2299,#2300,
#2301,#2302,#2303,#2304,#2305,#2306,#2307,#2308,#2309,#2310,#2311,#2312,
#2313,#2314,#2315,#2316,#2317,#2318,#2319,#2320,#2321,#2322,#2323,#2324,
#2325,#2326,#2327));
#435=EDGE_LOOP('',(#2328,#2329,#2330,#2331,#2332,#2333,#2334));
#436=EDGE_LOOP('',(#2335,#2336,#2337,#2338,#2339,#2340,#2341));
#437=EDGE_LOOP('',(#2342,#2343,#2344,#2345,#2346,#2347,#2348));
#438=EDGE_LOOP('',(#2349,#2350,#2351,#2352,#2353,#2354,#2355));
#439=EDGE_LOOP('',(#2356,#2357,#2358,#2359,#2360,#2361,#2362));
#440=EDGE_LOOP('',(#2363,#2364,#2365,#2366,#2367,#2368,#2369));
#441=EDGE_LOOP('',(#2370,#2371,#2372,#2373,#2374,#2375,#2376));
#442=EDGE_LOOP('',(#2377,#2378,#2379,#2380,#2381,#2382,#2383));
#443=EDGE_LOOP('',(#2384,#2385,#2386,#2387,#2388,#2389,#2390));
#444=EDGE_LOOP('',(#2391,#2392,#2393,#2394,#2395,#2396,#2397));
#445=EDGE_LOOP('',(#2398,#2399,#2400,#2401,#2402,#2403,#2404));
#446=EDGE_LOOP('',(#2405,#2406,#2407,#2408,#2409,#2410,#2411));
#447=EDGE_LOOP('',(#2412,#2413,#2414,#2415,#2416,#2417,#2418));
#448=EDGE_LOOP('',(#2419,#2420,#2421,#2422,#2423,#2424,#2425));
#449=EDGE_LOOP('',(#2426,#2427,#2428,#2429,#2430,#2431,#2432));
#450=EDGE_LOOP('',(#2433,#2434,#2435,#2436,#2437,#2438,#2439));
#451=EDGE_LOOP('',(#2440,#2441,#2442,#2443,#2444,#2445,#2446));
#452=EDGE_LOOP('',(#2447,#2448,#2449,#2450,#2451,#2452,#2453));
#453=EDGE_LOOP('',(#2454,#2455,#2456,#2457,#2458,#2459,#2460));
#454=EDGE_LOOP('',(#2461,#2462,#2463,#2464,#2465,#2466,#2467));
#455=EDGE_LOOP('',(#2468,#2469,#2470,#2471,#2472,#2473,#2474));
#456=EDGE_LOOP('',(#2475,#2476,#2477,#2478,#2479,#2480,#2481));
#457=EDGE_LOOP('',(#2482,#2483,#2484,#2485,#2486,#2487,#2488));
#458=EDGE_LOOP('',(#2489,#2490,#2491,#2492,#2493,#2494,#2495));
#459=EDGE_LOOP('',(#2496));
#460=EDGE_LOOP('',(#2497));
#461=EDGE_LOOP('',(#2498,#2499,#2500));
#462=EDGE_LOOP('',(#2501));
#463=EDGE_LOOP('',(#2502,#2503,#2504,#2505,#2506,#2507,#2508,#2509,#2510,
#2511,#2512,#2513,#2514,#2515,#2516,#2517,#2518,#2519,#2520));
#464=EDGE_LOOP('',(#2521,#2522,#2523,#2524));
#465=EDGE_LOOP('',(#2525,#2526,#2527,#2528,#2529,#2530,#2531,#2532,#2533,
#2534,#2535,#2536,#2537,#2538,#2539,#2540,#2541,#2542,#2543,#2544));
#466=EDGE_LOOP('',(#2545,#2546,#2547,#2548));
#467=EDGE_LOOP('',(#2549,#2550,#2551,#2552));
#468=EDGE_LOOP('',(#2553,#2554,#2555,#2556));
#469=EDGE_LOOP('',(#2557,#2558,#2559,#2560));
#470=EDGE_LOOP('',(#2561,#2562,#2563,#2564));
#471=EDGE_LOOP('',(#2565,#2566,#2567,#2568));
#472=EDGE_LOOP('',(#2569,#2570,#2571,#2572));
#473=EDGE_LOOP('',(#2573,#2574,#2575,#2576));
#474=EDGE_LOOP('',(#2577,#2578,#2579,#2580));
#475=EDGE_LOOP('',(#2581,#2582,#2583,#2584));
#476=EDGE_LOOP('',(#2585,#2586,#2587,#2588));
#477=EDGE_LOOP('',(#2589,#2590,#2591,#2592));
#478=EDGE_LOOP('',(#2593,#2594,#2595,#2596));
#479=EDGE_LOOP('',(#2597,#2598,#2599,#2600));
#480=EDGE_LOOP('',(#2601,#2602,#2603,#2604));
#481=EDGE_LOOP('',(#2605,#2606,#2607,#2608));
#482=EDGE_LOOP('',(#2609,#2610,#2611,#2612));
#483=EDGE_LOOP('',(#2613));
#484=EDGE_LOOP('',(#2614,#2615,#2616,#2617));
#485=EDGE_LOOP('',(#2618,#2619,#2620,#2621));
#486=EDGE_LOOP('',(#2622));
#487=EDGE_LOOP('',(#2623,#2624,#2625,#2626));
#488=EDGE_LOOP('',(#2627));
#489=EDGE_LOOP('',(#2628));
#490=EDGE_LOOP('',(#2629,#2630,#2631,#2632));
#491=EDGE_LOOP('',(#2633,#2634,#2635,#2636));
#492=EDGE_LOOP('',(#2637,#2638,#2639,#2640));
#493=EDGE_LOOP('',(#2641,#2642,#2643,#2644));
#494=EDGE_LOOP('',(#2645,#2646,#2647,#2648));
#495=EDGE_LOOP('',(#2649,#2650,#2651,#2652));
#496=EDGE_LOOP('',(#2653,#2654,#2655,#2656));
#497=EDGE_LOOP('',(#2657));
#498=EDGE_LOOP('',(#2658));
#499=EDGE_LOOP('',(#2659,#2660,#2661,#2662));
#500=EDGE_LOOP('',(#2663));
#501=EDGE_LOOP('',(#2664));
#502=EDGE_LOOP('',(#2665,#2666,#2667,#2668));
#503=EDGE_LOOP('',(#2669,#2670,#2671,#2672));
#504=EDGE_LOOP('',(#2673,#2674,#2675,#2676));
#505=EDGE_LOOP('',(#2677,#2678,#2679,#2680));
#506=EDGE_LOOP('',(#2681,#2682,#2683,#2684));
#507=EDGE_LOOP('',(#2685,#2686,#2687,#2688));
#508=EDGE_LOOP('',(#2689,#2690,#2691,#2692));
#509=EDGE_LOOP('',(#2693));
#510=EDGE_LOOP('',(#2694));
#511=EDGE_LOOP('',(#2695,#2696,#2697,#2698));
#512=EDGE_LOOP('',(#2699));
#513=EDGE_LOOP('',(#2700));
#514=CIRCLE('',#2912,0.117524047358097);
#515=CIRCLE('',#2920,0.117524047358084);
#516=CIRCLE('',#2922,0.15);
#517=CIRCLE('',#2923,0.15);
#518=CIRCLE('',#2924,0.15);
#519=CIRCLE('',#2931,0.15);
#520=CIRCLE('',#2933,0.117524047358084);
#521=CIRCLE('',#2935,0.117524047358084);
#522=CIRCLE('',#2937,0.107600839606387);
#523=CIRCLE('',#2938,0.114817717971257);
#524=CIRCLE('',#2940,0.0375);
#525=CIRCLE('',#2942,0.139174682452695);
#526=CIRCLE('',#2943,0.0031250000000001);
#527=CIRCLE('',#2944,0.140737182452695);
#528=CIRCLE('',#2945,0.140737182452695);
#529=CIRCLE('',#2947,0.140737182452695);
#530=CIRCLE('',#2948,0.0031250000000001);
#531=CIRCLE('',#2949,0.139174682452695);
#532=CIRCLE('',#2951,0.235714285714286);
#533=CIRCLE('',#2952,0.0142857142857142);
#534=CIRCLE('',#2953,0.235714285714286);
#535=CIRCLE('',#2955,0.151353164693414);
#536=CIRCLE('',#2956,0.151353164693414);
#537=CIRCLE('',#2961,0.149198848340362);
#538=CIRCLE('',#2962,0.140493651648441);
#539=CIRCLE('',#2963,0.149198848340362);
#540=CIRCLE('',#2964,0.140493651648441);
#541=CIRCLE('',#2965,0.149198848340362);
#542=CIRCLE('',#2966,0.140493651648441);
#543=CIRCLE('',#2967,0.149198848340362);
#544=CIRCLE('',#2968,0.140493651648441);
#545=CIRCLE('',#2969,0.149198848340362);
#546=CIRCLE('',#2970,0.140493651648441);
#547=CIRCLE('',#2971,0.149198848340362);
#548=CIRCLE('',#2972,0.140493651648441);
#549=CIRCLE('',#2973,0.149198848340362);
#550=CIRCLE('',#2974,0.140493651648441);
#551=CIRCLE('',#2975,0.149198848340362);
#552=CIRCLE('',#2976,0.140493651648441);
#553=CIRCLE('',#2977,0.149198848340362);
#554=CIRCLE('',#2978,0.140493651648441);
#555=CIRCLE('',#2979,0.149198848340362);
#556=CIRCLE('',#2980,0.140493651648441);
#557=CIRCLE('',#2981,0.149198848340362);
#558=CIRCLE('',#2982,0.140493651648441);
#559=CIRCLE('',#2983,0.149198848340362);
#560=CIRCLE('',#2984,0.140493651648441);
#561=CIRCLE('',#2985,0.149198848340362);
#562=CIRCLE('',#2988,0.181578865331459);
#563=CIRCLE('',#2990,0.181578865331459);
#564=CIRCLE('',#2992,0.181578865331459);
#565=CIRCLE('',#2993,0.181578865331459);
#566=CIRCLE('',#2996,0.181578865331459);
#567=CIRCLE('',#2997,0.181578865331459);
#568=CIRCLE('',#3000,0.181578865331459);
#569=CIRCLE('',#3001,0.181578865331459);
#570=CIRCLE('',#3004,0.181578865331459);
#571=CIRCLE('',#3005,0.181578865331459);
#572=CIRCLE('',#3008,0.181578865331459);
#573=CIRCLE('',#3009,0.181578865331459);
#574=CIRCLE('',#3012,0.181578865331459);
#575=CIRCLE('',#3013,0.181578865331459);
#576=CIRCLE('',#3016,0.181578865331459);
#577=CIRCLE('',#3017,0.181578865331459);
#578=CIRCLE('',#3020,0.181578865331459);
#579=CIRCLE('',#3021,0.181578865331459);
#580=CIRCLE('',#3024,0.181578865331459);
#581=CIRCLE('',#3025,0.181578865331459);
#582=CIRCLE('',#3028,0.181578865331459);
#583=CIRCLE('',#3029,0.181578865331459);
#584=CIRCLE('',#3032,0.181578865331459);
#585=CIRCLE('',#3033,0.181578865331459);
#586=CIRCLE('',#3116,3.65);
#587=CIRCLE('',#3117,3.65);
#588=CIRCLE('',#3120,3.75);
#589=CIRCLE('',#3121,3.75);
#590=CIRCLE('',#3125,0.25);
#591=CIRCLE('',#3126,0.25);
#592=CIRCLE('',#3128,0.25);
#593=CIRCLE('',#3129,0.25);
#594=CIRCLE('',#3137,0.25);
#595=CIRCLE('',#3138,0.25);
#596=CIRCLE('',#3140,0.25);
#597=CIRCLE('',#3141,0.25);
#598=(
BOUNDED_CURVE()
B_SPLINE_CURVE(2,(#3908,#3909,#3910,#3911,#3912),.UNSPECIFIED.,.F.,.F.)
B_SPLINE_CURVE_WITH_KNOTS((3,2,3),(0.852344868205024,0.871285865276247,
0.877571112399401),.UNSPECIFIED.)
CURVE()
GEOMETRIC_REPRESENTATION_ITEM()
RATIONAL_B_SPLINE_CURVE((1.,0.866025403784439,1.,0.955542813175401,0.940590346143758))
REPRESENTATION_ITEM('')
);
#599=(
BOUNDED_CURVE()
B_SPLINE_CURVE(2,(#3915,#3916,#3917,#3918,#3919,#3920,#3921),
 .UNSPECIFIED.,.F.,.F.)
B_SPLINE_CURVE_WITH_KNOTS((3,2,2,3),(0.852344572991542,0.871285563502465,
0.890226554013388,0.891734859128831),.UNSPECIFIED.)
CURVE()
GEOMETRIC_REPRESENTATION_ITEM()
RATIONAL_B_SPLINE_CURVE((1.,0.866025403784439,1.,0.866025403784439,1.,0.989331362122022,
0.980361849860191))
REPRESENTATION_ITEM('')
);
#600=(
BOUNDED_CURVE()
B_SPLINE_CURVE(2,(#3926,#3927,#3928,#3929,#3930,#3931,#3932,#3933,#3934,
#3935,#3936,#3937,#3938),.UNSPECIFIED.,.F.,.F.)
B_SPLINE_CURVE_WITH_KNOTS((3,2,2,2,2,2,3),(0.738698885777688,0.75763988284891,
0.776580879920133,0.795521876991356,0.814462874062579,0.833403871133802,
0.852344868205024),.UNSPECIFIED.)
CURVE()
GEOMETRIC_REPRESENTATION_ITEM()
RATIONAL_B_SPLINE_CURVE((1.,0.866025403784439,1.,0.866025403784439,1.,0.866025403784439,
1.,0.866025403784439,1.,0.866025403784439,1.,0.866025403784439,1.))
REPRESENTATION_ITEM('')
);
#601=(
BOUNDED_CURVE()
B_SPLINE_CURVE(2,(#3939,#3940,#3941,#3942,#3943,#3944,#3945,#3946,#3947,
#3948,#3949,#3950,#3951),.UNSPECIFIED.,.F.,.F.)
B_SPLINE_CURVE_WITH_KNOTS((3,2,2,2,2,2,3),(0.738698629926003,0.757639620436926,
0.776580610947849,0.795521601458773,0.814462591969696,0.833403582480619,
0.852344572991542),.UNSPECIFIED.)
CURVE()
GEOMETRIC_REPRESENTATION_ITEM()
RATIONAL_B_SPLINE_CURVE((1.,0.866025403784439,1.,0.866025403784439,1.,0.866025403784439,
1.,0.866025403784439,1.,0.866025403784439,1.,0.866025403784439,1.))
REPRESENTATION_ITEM('')
);
#602=(
BOUNDED_CURVE()
B_SPLINE_CURVE(2,(#3956,#3957,#3958,#3959,#3960,#3961,#3962,#3963,#3964,
#3965,#3966,#3967,#3968),.UNSPECIFIED.,.F.,.F.)
B_SPLINE_CURVE_WITH_KNOTS((3,2,2,2,2,2,3),(0.625052903350351,0.643993900421574,
0.662934897492797,0.681875894564019,0.700816891635242,0.719757888706465,
0.738698885777688),.UNSPECIFIED.)
CURVE()
GEOMETRIC_REPRESENTATION_ITEM()
RATIONAL_B_SPLINE_CURVE((1.,0.866025403784439,1.,0.866025403784439,1.,0.866025403784439,
1.,0.866025403784439,1.,0.866025403784439,1.,0.866025403784439,1.))
REPRESENTATION_ITEM('')
);
#603=(
BOUNDED_CURVE()
B_SPLINE_CURVE(2,(#3969,#3970,#3971,#3972,#3973,#3974,#3975,#3976,#3977,
#3978,#3979,#3980,#3981),.UNSPECIFIED.,.F.,.F.)
B_SPLINE_CURVE_WITH_KNOTS((3,2,2,2,2,2,3),(0.625052686860464,0.643993677371387,
0.66293466788231,0.681875658393233,0.700816648904157,0.71975763941508,0.738698629926003),
 .UNSPECIFIED.)
CURVE()
GEOMETRIC_REPRESENTATION_ITEM()
RATIONAL_B_SPLINE_CURVE((1.,0.866025403784439,1.,0.866025403784439,1.,0.866025403784439,
1.,0.866025403784439,1.,0.866025403784439,1.,0.866025403784439,1.))
REPRESENTATION_ITEM('')
);
#604=(
BOUNDED_CURVE()
B_SPLINE_CURVE(2,(#3986,#3987,#3988,#3989,#3990,#3991,#3992,#3993,#3994,
#3995,#3996,#3997,#3998),.UNSPECIFIED.,.F.,.F.)
B_SPLINE_CURVE_WITH_KNOTS((3,2,2,2,2,2,3),(0.511406920923015,0.530347917994237,
0.54928891506546,0.568229912136683,0.587170909207906,0.606111906279128,
0.625052903350351),.UNSPECIFIED.)
CURVE()
GEOMETRIC_REPRESENTATION_ITEM()
RATIONAL_B_SPLINE_CURVE((1.,0.866025403784439,1.,0.866025403784439,1.,0.866025403784439,
1.,0.866025403784439,1.,0.866025403784439,1.,0.866025403784439,1.))
REPRESENTATION_ITEM('')
);
#605=(
BOUNDED_CURVE()
B_SPLINE_CURVE(2,(#3999,#4000,#4001,#4002,#4003,#4004,#4005,#4006,#4007,
#4008,#4009,#4010,#4011),.UNSPECIFIED.,.F.,.F.)
B_SPLINE_CURVE_WITH_KNOTS((3,2,2,2,2,2,3),(0.511406743794925,0.530347734305848,
0.549288724816771,0.568229715327695,0.587170705838618,0.606111696349541,
0.625052686860464),.UNSPECIFIED.)
CURVE()
GEOMETRIC_REPRESENTATION_ITEM()
RATIONAL_B_SPLINE_CURVE((1.,0.866025403784439,1.,0.866025403784439,1.,0.866025403784439,
1.,0.866025403784439,1.,0.866025403784439,1.,0.866025403784439,1.))
REPRESENTATION_ITEM('')
);
#606=(
BOUNDED_CURVE()
B_SPLINE_CURVE(2,(#4016,#4017,#4018,#4019,#4020,#4021,#4022,#4023,#4024,
#4025,#4026,#4027,#4028),.UNSPECIFIED.,.F.,.F.)
B_SPLINE_CURVE_WITH_KNOTS((3,2,2,2,2,2,3),(0.397760938495678,0.416701935566901,
0.435642932638124,0.454583929709346,0.473524926780569,0.492465923851792,
0.511406920923015),.UNSPECIFIED.)
CURVE()
GEOMETRIC_REPRESENTATION_ITEM()
RATIONAL_B_SPLINE_CURVE((1.,0.866025403784439,1.,0.866025403784439,1.,0.866025403784439,
1.,0.866025403784439,1.,0.866025403784439,1.,0.866025403784439,1.))
REPRESENTATION_ITEM('')
);
#607=(
BOUNDED_CURVE()
B_SPLINE_CURVE(2,(#4029,#4030,#4031,#4032,#4033,#4034,#4035,#4036,#4037,
#4038,#4039,#4040,#4041),.UNSPECIFIED.,.F.,.F.)
B_SPLINE_CURVE_WITH_KNOTS((3,2,2,2,2,2,3),(0.397760800729386,0.416701791240309,
0.435642781751232,0.454583772262155,0.473524762773079,0.492465753284002,
0.511406743794925),.UNSPECIFIED.)
CURVE()
GEOMETRIC_REPRESENTATION_ITEM()
RATIONAL_B_SPLINE_CURVE((1.,0.866025403784439,1.,0.866025403784439,1.,0.866025403784439,
1.,0.866025403784439,1.,0.866025403784439,1.,0.866025403784439,1.))
REPRESENTATION_ITEM('')
);
#608=(
BOUNDED_CURVE()
B_SPLINE_CURVE(2,(#4046,#4047,#4048,#4049,#4050,#4051,#4052,#4053,#4054,
#4055,#4056,#4057,#4058),.UNSPECIFIED.,.F.,.F.)
B_SPLINE_CURVE_WITH_KNOTS((3,2,2,2,2,2,3),(0.284114956068341,0.303055953139564,
0.321996950210787,0.34093794728201,0.359878944353233,0.378819941424455,
0.397760938495678),.UNSPECIFIED.)
CURVE()
GEOMETRIC_REPRESENTATION_ITEM()
RATIONAL_B_SPLINE_CURVE((1.,0.866025403784439,1.,0.866025403784439,1.,0.866025403784439,
1.,0.866025403784439,1.,0.866025403784439,1.,0.866025403784439,1.))
REPRESENTATION_ITEM('')
);
#609=(
BOUNDED_CURVE()
B_SPLINE_CURVE(2,(#4059,#4060,#4061,#4062,#4063,#4064,#4065,#4066,#4067,
#4068,#4069,#4070,#4071),.UNSPECIFIED.,.F.,.F.)
B_SPLINE_CURVE_WITH_KNOTS((3,2,2,2,2,2,3),(0.284114857663847,0.30305584817477,
0.321996838685693,0.340937829196616,0.359878819707539,0.378819810218463,
0.397760800729386),.UNSPECIFIED.)
CURVE()
GEOMETRIC_REPRESENTATION_ITEM()
RATIONAL_B_SPLINE_CURVE((1.,0.866025403784439,1.,0.866025403784439,1.,0.866025403784439,
1.,0.866025403784439,1.,0.866025403784439,1.,0.866025403784439,1.))
REPRESENTATION_ITEM('')
);
#610=(
BOUNDED_CURVE()
B_SPLINE_CURVE(2,(#4076,#4077,#4078,#4079,#4080,#4081,#4082,#4083,#4084,
#4085,#4086,#4087,#4088),.UNSPECIFIED.,.F.,.F.)
B_SPLINE_CURVE_WITH_KNOTS((3,2,2,2,2,2,3),(0.170468973641005,0.189409970712228,
0.20835096778345,0.227291964854673,0.246232961925896,0.265173958997119,
0.284114956068341),.UNSPECIFIED.)
CURVE()
GEOMETRIC_REPRESENTATION_ITEM()
RATIONAL_B_SPLINE_CURVE((1.,0.866025403784439,1.,0.866025403784439,1.,0.866025403784439,
1.,0.866025403784439,1.,0.866025403784439,1.,0.866025403784439,1.))
REPRESENTATION_ITEM('')
);
#611=(
BOUNDED_CURVE()
B_SPLINE_CURVE(2,(#4089,#4090,#4091,#4092,#4093,#4094,#4095,#4096,#4097,
#4098,#4099,#4100,#4101),.UNSPECIFIED.,.F.,.F.)
B_SPLINE_CURVE_WITH_KNOTS((3,2,2,2,2,2,3),(0.170468914598308,0.189409905109231,
0.208350895620154,0.227291886131077,0.246232876642,0.265173867152924,0.284114857663847),
 .UNSPECIFIED.)
CURVE()
GEOMETRIC_REPRESENTATION_ITEM()
RATIONAL_B_SPLINE_CURVE((1.,0.866025403784439,1.,0.866025403784439,1.,0.866025403784439,
1.,0.866025403784439,1.,0.866025403784439,1.,0.866025403784439,1.))
REPRESENTATION_ITEM('')
);
#612=(
BOUNDED_CURVE()
B_SPLINE_CURVE(2,(#4108,#4109,#4110),.UNSPECIFIED.,.F.,.F.)
B_SPLINE_CURVE_WITH_KNOTS((3,3),(0.0428631675831502,0.0568229912136683),
 .UNSPECIFIED.)
CURVE()
GEOMETRIC_REPRESENTATION_ITEM()
RATIONAL_B_SPLINE_CURVE((0.948065210722615,0.901258538444071,1.))
REPRESENTATION_ITEM('')
);
#613=(
BOUNDED_CURVE()
B_SPLINE_CURVE(2,(#4787,#4788,#4789),.UNSPECIFIED.,.F.,.F.)
B_SPLINE_CURVE_WITH_KNOTS((3,3),(0.109269139715241,0.180449472367911),
 .UNSPECIFIED.)
CURVE()
GEOMETRIC_REPRESENTATION_ITEM()
RATIONAL_B_SPLINE_CURVE((1.00380293275604,1.0043364554402,1.00395129767582))
REPRESENTATION_ITEM('')
);
#614=(
BOUNDED_CURVE()
B_SPLINE_CURVE(2,(#4793,#4794,#4795),.UNSPECIFIED.,.F.,.F.)
B_SPLINE_CURVE_WITH_KNOTS((3,3),(0.109269139803841,0.180449472454744),
 .UNSPECIFIED.)
CURVE()
GEOMETRIC_REPRESENTATION_ITEM()
RATIONAL_B_SPLINE_CURVE((1.00380293261252,1.0043364552752,1.00395129752438))
REPRESENTATION_ITEM('')
);
#615=(
BOUNDED_CURVE()
B_SPLINE_CURVE(2,(#4799,#4800,#4801),.UNSPECIFIED.,.F.,.F.)
B_SPLINE_CURVE_WITH_KNOTS((3,3),(0.109269139719483,0.180449472372265),
 .UNSPECIFIED.)
CURVE()
GEOMETRIC_REPRESENTATION_ITEM()
RATIONAL_B_SPLINE_CURVE((1.00380293275176,1.00433645543525,1.00395129767126))
REPRESENTATION_ITEM('')
);
#616=(
BOUNDED_CURVE()
B_SPLINE_CURVE(2,(#4805,#4806,#4807),.UNSPECIFIED.,.F.,.F.)
B_SPLINE_CURVE_WITH_KNOTS((3,3),(0.109269139812911,0.180449472463444),
 .UNSPECIFIED.)
CURVE()
GEOMETRIC_REPRESENTATION_ITEM()
RATIONAL_B_SPLINE_CURVE((1.00380293259534,1.00433645525546,1.00395129750629))
REPRESENTATION_ITEM('')
);
#617=(
BOUNDED_CURVE()
B_SPLINE_CURVE(2,(#4811,#4812,#4813),.UNSPECIFIED.,.F.,.F.)
B_SPLINE_CURVE_WITH_KNOTS((3,3),(0.10926913972945,0.180449472381907),
 .UNSPECIFIED.)
CURVE()
GEOMETRIC_REPRESENTATION_ITEM()
RATIONAL_B_SPLINE_CURVE((1.00380293273396,1.0043364554148,1.0039512976525))
REPRESENTATION_ITEM('')
);
#618=(
BOUNDED_CURVE()
B_SPLINE_CURVE(2,(#4817,#4818,#4819),.UNSPECIFIED.,.F.,.F.)
B_SPLINE_CURVE_WITH_KNOTS((3,3),(0.109269139809316,0.180449472459939),
 .UNSPECIFIED.)
CURVE()
GEOMETRIC_REPRESENTATION_ITEM()
RATIONAL_B_SPLINE_CURVE((1.0038029326014,1.00433645526243,1.00395129751268))
REPRESENTATION_ITEM('')
);
#619=(
BOUNDED_CURVE()
B_SPLINE_CURVE(2,(#4823,#4824,#4825),.UNSPECIFIED.,.F.,.F.)
B_SPLINE_CURVE_WITH_KNOTS((3,3),(0.109269139727481,0.180449472379914),
 .UNSPECIFIED.)
CURVE()
GEOMETRIC_REPRESENTATION_ITEM()
RATIONAL_B_SPLINE_CURVE((1.00380293273631,1.00433645541751,1.003951297655))
REPRESENTATION_ITEM('')
);
#620=(
BOUNDED_CURVE()
B_SPLINE_CURVE(2,(#4829,#4830,#4831),.UNSPECIFIED.,.F.,.F.)
B_SPLINE_CURVE_WITH_KNOTS((3,3),(0.109269139811829,0.180449472462568),
 .UNSPECIFIED.)
CURVE()
GEOMETRIC_REPRESENTATION_ITEM()
RATIONAL_B_SPLINE_CURVE((1.00380293259952,1.00433645526025,1.00395129751066))
REPRESENTATION_ITEM('')
);
#621=(
BOUNDED_CURVE()
B_SPLINE_CURVE(2,(#4835,#4836,#4837),.UNSPECIFIED.,.F.,.F.)
B_SPLINE_CURVE_WITH_KNOTS((3,3),(0.109269139724731,0.180449472377272),
 .UNSPECIFIED.)
CURVE()
GEOMETRIC_REPRESENTATION_ITEM()
RATIONAL_B_SPLINE_CURVE((1.00380293274147,1.00433645542343,1.00395129766042))
REPRESENTATION_ITEM('')
);
#622=(
BOUNDED_CURVE()
B_SPLINE_CURVE(2,(#4841,#4842,#4843),.UNSPECIFIED.,.F.,.F.)
B_SPLINE_CURVE_WITH_KNOTS((3,3),(0.109269139821988,0.180449472472199),
 .UNSPECIFIED.)
CURVE()
GEOMETRIC_REPRESENTATION_ITEM()
RATIONAL_B_SPLINE_CURVE((1.00380293257879,1.00433645523645,1.00395129748886))
REPRESENTATION_ITEM('')
);
#623=(
BOUNDED_CURVE()
B_SPLINE_CURVE(2,(#4847,#4848,#4849),.UNSPECIFIED.,.F.,.F.)
B_SPLINE_CURVE_WITH_KNOTS((3,3),(0.109269139737098,0.180449472389356),
 .UNSPECIFIED.)
CURVE()
GEOMETRIC_REPRESENTATION_ITEM()
RATIONAL_B_SPLINE_CURVE((1.00380293272096,1.00433645539986,1.0039512976388))
REPRESENTATION_ITEM('')
);
#624=(
BOUNDED_CURVE()
B_SPLINE_CURVE(2,(#4853,#4854,#4855),.UNSPECIFIED.,.F.,.F.)
B_SPLINE_CURVE_WITH_KNOTS((3,3),(0.109269139733576,0.180449472385905),
 .UNSPECIFIED.)
CURVE()
GEOMETRIC_REPRESENTATION_ITEM()
RATIONAL_B_SPLINE_CURVE((1.0038029327267,1.00433645540645,1.00395129764485))
REPRESENTATION_ITEM('')
);
#625=(
BOUNDED_CURVE()
B_SPLINE_CURVE(2,(#4859,#4860,#4861),.UNSPECIFIED.,.F.,.F.)
B_SPLINE_CURVE_WITH_KNOTS((3,3),(0.109269139733575,0.180449472385905),
 .UNSPECIFIED.)
CURVE()
GEOMETRIC_REPRESENTATION_ITEM()
RATIONAL_B_SPLINE_CURVE((1.0038029327267,1.00433645540645,1.00395129764485))
REPRESENTATION_ITEM('')
);
#626=(
BOUNDED_CURVE()
B_SPLINE_CURVE(2,(#4865,#4866,#4867),.UNSPECIFIED.,.F.,.F.)
B_SPLINE_CURVE_WITH_KNOTS((3,3),(0.120764610574949,0.191944943227304),
 .UNSPECIFIED.)
CURVE()
GEOMETRIC_REPRESENTATION_ITEM()
RATIONAL_B_SPLINE_CURVE((1.00395129764266,1.00433645540408,1.00380293272464))
REPRESENTATION_ITEM('')
);
#627=(
BOUNDED_CURVE()
B_SPLINE_CURVE(2,(#4871,#4872,#4873),.UNSPECIFIED.,.F.,.F.)
B_SPLINE_CURVE_WITH_KNOTS((3,3),(0.109269139823067,0.180449472473532),
 .UNSPECIFIED.)
CURVE()
GEOMETRIC_REPRESENTATION_ITEM()
RATIONAL_B_SPLINE_CURVE((1.00380293258066,1.00433645523857,1.00395129749077))
REPRESENTATION_ITEM('')
);
#628=(
BOUNDED_CURVE()
B_SPLINE_CURVE(2,(#4877,#4878,#4879),.UNSPECIFIED.,.F.,.F.)
B_SPLINE_CURVE_WITH_KNOTS((3,3),(0.109269139728157,0.180449472380629),
 .UNSPECIFIED.)
CURVE()
GEOMETRIC_REPRESENTATION_ITEM()
RATIONAL_B_SPLINE_CURVE((1.0038029327359,1.00433645541703,1.00395129765455))
REPRESENTATION_ITEM('')
);
#629=(
BOUNDED_CURVE()
B_SPLINE_CURVE(2,(#4883,#4884,#4885),.UNSPECIFIED.,.F.,.F.)
B_SPLINE_CURVE_WITH_KNOTS((3,3),(0.109269139812245,0.180449472462938),
 .UNSPECIFIED.)
CURVE()
GEOMETRIC_REPRESENTATION_ITEM()
RATIONAL_B_SPLINE_CURVE((1.00380293259836,1.00433645525892,1.00395129750945))
REPRESENTATION_ITEM('')
);
#630=(
BOUNDED_CURVE()
B_SPLINE_CURVE(2,(#4889,#4890,#4891),.UNSPECIFIED.,.F.,.F.)
B_SPLINE_CURVE_WITH_KNOTS((3,3),(0.10926913972901,0.180449472381376),
 .UNSPECIFIED.)
CURVE()
GEOMETRIC_REPRESENTATION_ITEM()
RATIONAL_B_SPLINE_CURVE((1.00380293273335,1.0043364554141,1.00395129765188))
REPRESENTATION_ITEM('')
);
#631=(
BOUNDED_CURVE()
B_SPLINE_CURVE(2,(#4895,#4896,#4897),.UNSPECIFIED.,.F.,.F.)
B_SPLINE_CURVE_WITH_KNOTS((3,3),(0.109269139812361,0.180449472463002),
 .UNSPECIFIED.)
CURVE()
GEOMETRIC_REPRESENTATION_ITEM()
RATIONAL_B_SPLINE_CURVE((1.00380293259751,1.00433645525795,1.00395129750856))
REPRESENTATION_ITEM('')
);
#632=(
BOUNDED_CURVE()
B_SPLINE_CURVE(2,(#4901,#4902,#4903),.UNSPECIFIED.,.F.,.F.)
B_SPLINE_CURVE_WITH_KNOTS((3,3),(0.109269139727787,0.180449472380225),
 .UNSPECIFIED.)
CURVE()
GEOMETRIC_REPRESENTATION_ITEM()
RATIONAL_B_SPLINE_CURVE((1.00380293273596,1.0043364554171,1.00395129765462))
REPRESENTATION_ITEM('')
);
#633=(
BOUNDED_CURVE()
B_SPLINE_CURVE(2,(#4907,#4908,#4909),.UNSPECIFIED.,.F.,.F.)
B_SPLINE_CURVE_WITH_KNOTS((3,3),(0.109269139810364,0.180449472461064),
 .UNSPECIFIED.)
CURVE()
GEOMETRIC_REPRESENTATION_ITEM()
RATIONAL_B_SPLINE_CURVE((1.003802932601,1.00433645526196,1.00395129751224))
REPRESENTATION_ITEM('')
);
#634=(
BOUNDED_CURVE()
B_SPLINE_CURVE(2,(#4913,#4914,#4915),.UNSPECIFIED.,.F.,.F.)
B_SPLINE_CURVE_WITH_KNOTS((3,3),(0.109269139804632,0.180449472455495),
 .UNSPECIFIED.)
CURVE()
GEOMETRIC_REPRESENTATION_ITEM()
RATIONAL_B_SPLINE_CURVE((1.00380293261093,1.00433645527336,1.0039512975227))
REPRESENTATION_ITEM('')
);
#635=(
BOUNDED_CURVE()
B_SPLINE_CURVE(2,(#4919,#4920,#4921),.UNSPECIFIED.,.F.,.F.)
B_SPLINE_CURVE_WITH_KNOTS((3,3),(0.10926913980605,0.180449472456784),
 .UNSPECIFIED.)
CURVE()
GEOMETRIC_REPRESENTATION_ITEM()
RATIONAL_B_SPLINE_CURVE((1.0038029326073,1.00433645526921,1.0039512975189))
REPRESENTATION_ITEM('')
);
#636=(
BOUNDED_CURVE()
B_SPLINE_CURVE(2,(#4925,#4926,#4927),.UNSPECIFIED.,.F.,.F.)
B_SPLINE_CURVE_WITH_KNOTS((3,3),(0.109269139715241,0.180449472367911),
 .UNSPECIFIED.)
CURVE()
GEOMETRIC_REPRESENTATION_ITEM()
RATIONAL_B_SPLINE_CURVE((1.00380293275604,1.0043364554402,1.00395129767582))
REPRESENTATION_ITEM('')
);
#637=(
BOUNDED_CURVE()
B_SPLINE_CURVE(2,(#5606,#5607,#5608,#5609,#5610,#5611,#5612,#5613,#5614,
#5615,#5616,#5617,#5618),.UNSPECIFIED.,.F.,.F.)
B_SPLINE_CURVE_WITH_KNOTS((3,2,2,2,2,2,3),(0.0568229715327687,0.0757639620436919,
0.0947049525546151,0.113645943065538,0.132586933576461,0.151527924087385,
0.170468914598308),.UNSPECIFIED.)
CURVE()
GEOMETRIC_REPRESENTATION_ITEM()
RATIONAL_B_SPLINE_CURVE((1.00000000000001,0.866025403784433,1.,0.866025403784439,
1.,0.866025403784439,1.,0.866025403784439,1.,0.866025403784439,1.,0.866025403784439,
1.))
REPRESENTATION_ITEM('')
);
#638=(
BOUNDED_CURVE()
B_SPLINE_CURVE(2,(#5620,#5621,#5622,#5623,#5624,#5625,#5626,#5627,#5628,
#5629,#5630,#5631,#5632),.UNSPECIFIED.,.F.,.F.)
B_SPLINE_CURVE_WITH_KNOTS((3,2,2,2,2,2,3),(0.0568229912136683,0.075763988284891,
0.0947049853561138,0.113645982427337,0.132586979498559,0.151527976569782,
0.170468973641005),.UNSPECIFIED.)
CURVE()
GEOMETRIC_REPRESENTATION_ITEM()
RATIONAL_B_SPLINE_CURVE((1.,0.866025403784439,1.,0.866025403784439,1.,0.866025403784439,
1.,0.866025403784439,1.,0.866025403784439,1.,0.866025403784439,1.))
REPRESENTATION_ITEM('')
);
#639=LINE('',#3906,#908);
#640=LINE('',#3925,#909);
#641=LINE('',#3955,#910);
#642=LINE('',#3985,#911);
#643=LINE('',#4015,#912);
#644=LINE('',#4045,#913);
#645=LINE('',#4075,#914);
#646=LINE('',#4105,#915);
#647=LINE('',#4114,#916);
#648=LINE('',#4129,#917);
#649=LINE('',#4150,#918);
#650=LINE('',#4226,#919);
#651=LINE('',#4302,#920);
#652=LINE('',#4378,#921);
#653=LINE('',#4454,#922);
#654=LINE('',#4532,#923);
#655=LINE('',#4603,#924);
#656=LINE('',#4669,#925);
#657=LINE('',#4674,#926);
#658=LINE('',#4700,#927);
#659=LINE('',#4703,#928);
#660=LINE('',#4705,#929);
#661=LINE('',#4783,#930);
#662=LINE('',#4978,#931);
#663=LINE('',#4981,#932);
#664=LINE('',#4984,#933);
#665=LINE('',#4987,#934);
#666=LINE('',#4993,#935);
#667=LINE('',#4996,#936);
#668=LINE('',#4998,#937);
#669=LINE('',#4999,#938);
#670=LINE('',#5005,#939);
#671=LINE('',#5008,#940);
#672=LINE('',#5010,#941);
#673=LINE('',#5011,#942);
#674=LINE('',#5017,#943);
#675=LINE('',#5020,#944);
#676=LINE('',#5022,#945);
#677=LINE('',#5023,#946);
#678=LINE('',#5029,#947);
#679=LINE('',#5032,#948);
#680=LINE('',#5034,#949);
#681=LINE('',#5035,#950);
#682=LINE('',#5041,#951);
#683=LINE('',#5044,#952);
#684=LINE('',#5046,#953);
#685=LINE('',#5047,#954);
#686=LINE('',#5053,#955);
#687=LINE('',#5056,#956);
#688=LINE('',#5058,#957);
#689=LINE('',#5059,#958);
#690=LINE('',#5065,#959);
#691=LINE('',#5068,#960);
#692=LINE('',#5070,#961);
#693=LINE('',#5071,#962);
#694=LINE('',#5077,#963);
#695=LINE('',#5080,#964);
#696=LINE('',#5082,#965);
#697=LINE('',#5083,#966);
#698=LINE('',#5089,#967);
#699=LINE('',#5092,#968);
#700=LINE('',#5094,#969);
#701=LINE('',#5095,#970);
#702=LINE('',#5099,#971);
#703=LINE('',#5103,#972);
#704=LINE('',#5106,#973);
#705=LINE('',#5107,#974);
#706=LINE('',#5113,#975);
#707=LINE('',#5116,#976);
#708=LINE('',#5118,#977);
#709=LINE('',#5119,#978);
#710=LINE('',#5123,#979);
#711=LINE('',#5125,#980);
#712=LINE('',#5127,#981);
#713=LINE('',#5128,#982);
#714=LINE('',#5131,#983);
#715=LINE('',#5133,#984);
#716=LINE('',#5134,#985);
#717=LINE('',#5136,#986);
#718=LINE('',#5137,#987);
#719=LINE('',#5140,#988);
#720=LINE('',#5142,#989);
#721=LINE('',#5143,#990);
#722=LINE('',#5147,#991);
#723=LINE('',#5149,#992);
#724=LINE('',#5151,#993);
#725=LINE('',#5152,#994);
#726=LINE('',#5154,#995);
#727=LINE('',#5155,#996);
#728=LINE('',#5158,#997);
#729=LINE('',#5160,#998);
#730=LINE('',#5161,#999);
#731=LINE('',#5165,#1000);
#732=LINE('',#5167,#1001);
#733=LINE('',#5169,#1002);
#734=LINE('',#5170,#1003);
#735=LINE('',#5172,#1004);
#736=LINE('',#5173,#1005);
#737=LINE('',#5176,#1006);
#738=LINE('',#5178,#1007);
#739=LINE('',#5179,#1008);
#740=LINE('',#5183,#1009);
#741=LINE('',#5185,#1010);
#742=LINE('',#5187,#1011);
#743=LINE('',#5188,#1012);
#744=LINE('',#5190,#1013);
#745=LINE('',#5191,#1014);
#746=LINE('',#5194,#1015);
#747=LINE('',#5196,#1016);
#748=LINE('',#5197,#1017);
#749=LINE('',#5201,#1018);
#750=LINE('',#5203,#1019);
#751=LINE('',#5205,#1020);
#752=LINE('',#5206,#1021);
#753=LINE('',#5208,#1022);
#754=LINE('',#5209,#1023);
#755=LINE('',#5212,#1024);
#756=LINE('',#5214,#1025);
#757=LINE('',#5215,#1026);
#758=LINE('',#5219,#1027);
#759=LINE('',#5221,#1028);
#760=LINE('',#5223,#1029);
#761=LINE('',#5224,#1030);
#762=LINE('',#5226,#1031);
#763=LINE('',#5227,#1032);
#764=LINE('',#5230,#1033);
#765=LINE('',#5232,#1034);
#766=LINE('',#5233,#1035);
#767=LINE('',#5237,#1036);
#768=LINE('',#5239,#1037);
#769=LINE('',#5241,#1038);
#770=LINE('',#5242,#1039);
#771=LINE('',#5244,#1040);
#772=LINE('',#5245,#1041);
#773=LINE('',#5248,#1042);
#774=LINE('',#5250,#1043);
#775=LINE('',#5251,#1044);
#776=LINE('',#5255,#1045);
#777=LINE('',#5257,#1046);
#778=LINE('',#5259,#1047);
#779=LINE('',#5260,#1048);
#780=LINE('',#5262,#1049);
#781=LINE('',#5263,#1050);
#782=LINE('',#5266,#1051);
#783=LINE('',#5268,#1052);
#784=LINE('',#5269,#1053);
#785=LINE('',#5273,#1054);
#786=LINE('',#5275,#1055);
#787=LINE('',#5277,#1056);
#788=LINE('',#5278,#1057);
#789=LINE('',#5280,#1058);
#790=LINE('',#5281,#1059);
#791=LINE('',#5284,#1060);
#792=LINE('',#5286,#1061);
#793=LINE('',#5287,#1062);
#794=LINE('',#5291,#1063);
#795=LINE('',#5293,#1064);
#796=LINE('',#5295,#1065);
#797=LINE('',#5296,#1066);
#798=LINE('',#5298,#1067);
#799=LINE('',#5299,#1068);
#800=LINE('',#5302,#1069);
#801=LINE('',#5304,#1070);
#802=LINE('',#5305,#1071);
#803=LINE('',#5309,#1072);
#804=LINE('',#5311,#1073);
#805=LINE('',#5313,#1074);
#806=LINE('',#5314,#1075);
#807=LINE('',#5316,#1076);
#808=LINE('',#5317,#1077);
#809=LINE('',#5321,#1078);
#810=LINE('',#5323,#1079);
#811=LINE('',#5325,#1080);
#812=LINE('',#5326,#1081);
#813=LINE('',#5329,#1082);
#814=LINE('',#5331,#1083);
#815=LINE('',#5332,#1084);
#816=LINE('',#5334,#1085);
#817=LINE('',#5335,#1086);
#818=LINE('',#5338,#1087);
#819=LINE('',#5339,#1088);
#820=LINE('',#5340,#1089);
#821=LINE('',#5341,#1090);
#822=LINE('',#5342,#1091);
#823=LINE('',#5343,#1092);
#824=LINE('',#5344,#1093);
#825=LINE('',#5345,#1094);
#826=LINE('',#5346,#1095);
#827=LINE('',#5347,#1096);
#828=LINE('',#5348,#1097);
#829=LINE('',#5349,#1098);
#830=LINE('',#5350,#1099);
#831=LINE('',#5351,#1100);
#832=LINE('',#5352,#1101);
#833=LINE('',#5353,#1102);
#834=LINE('',#5354,#1103);
#835=LINE('',#5355,#1104);
#836=LINE('',#5356,#1105);
#837=LINE('',#5357,#1106);
#838=LINE('',#5358,#1107);
#839=LINE('',#5359,#1108);
#840=LINE('',#5360,#1109);
#841=LINE('',#5361,#1110);
#842=LINE('',#5850,#1111);
#843=LINE('',#5852,#1112);
#844=LINE('',#5854,#1113);
#845=LINE('',#5855,#1114);
#846=LINE('',#5858,#1115);
#847=LINE('',#5860,#1116);
#848=LINE('',#5861,#1117);
#849=LINE('',#5864,#1118);
#850=LINE('',#5866,#1119);
#851=LINE('',#5867,#1120);
#852=LINE('',#5869,#1121);
#853=LINE('',#5870,#1122);
#854=LINE('',#5875,#1123);
#855=LINE('',#5877,#1124);
#856=LINE('',#5879,#1125);
#857=LINE('',#5880,#1126);
#858=LINE('',#5883,#1127);
#859=LINE('',#5885,#1128);
#860=LINE('',#5886,#1129);
#861=LINE('',#5889,#1130);
#862=LINE('',#5891,#1131);
#863=LINE('',#5892,#1132);
#864=LINE('',#5894,#1133);
#865=LINE('',#5895,#1134);
#866=LINE('',#5901,#1135);
#867=LINE('',#5903,#1136);
#868=LINE('',#5905,#1137);
#869=LINE('',#5906,#1138);
#870=LINE('',#5909,#1139);
#871=LINE('',#5911,#1140);
#872=LINE('',#5912,#1141);
#873=LINE('',#5915,#1142);
#874=LINE('',#5917,#1143);
#875=LINE('',#5918,#1144);
#876=LINE('',#5920,#1145);
#877=LINE('',#5921,#1146);
#878=LINE('',#5926,#1147);
#879=LINE('',#5933,#1148);
#880=LINE('',#5941,#1149);
#881=LINE('',#5947,#1150);
#882=LINE('',#5952,#1151);
#883=LINE('',#5954,#1152);
#884=LINE('',#5956,#1153);
#885=LINE('',#5957,#1154);
#886=LINE('',#5960,#1155);
#887=LINE('',#5962,#1156);
#888=LINE('',#5963,#1157);
#889=LINE('',#5966,#1158);
#890=LINE('',#5968,#1159);
#891=LINE('',#5969,#1160);
#892=LINE('',#5971,#1161);
#893=LINE('',#5972,#1162);
#894=LINE('',#5979,#1163);
#895=LINE('',#5985,#1164);
#896=LINE('',#5990,#1165);
#897=LINE('',#5992,#1166);
#898=LINE('',#5994,#1167);
#899=LINE('',#5995,#1168);
#900=LINE('',#5998,#1169);
#901=LINE('',#6000,#1170);
#902=LINE('',#6001,#1171);
#903=LINE('',#6004,#1172);
#904=LINE('',#6006,#1173);
#905=LINE('',#6007,#1174);
#906=LINE('',#6009,#1175);
#907=LINE('',#6010,#1176);
#908=VECTOR('',#3156,0.117524047358084);
#909=VECTOR('',#3161,0.117524047358084);
#910=VECTOR('',#3164,0.117524047358084);
#911=VECTOR('',#3167,0.117524047358084);
#912=VECTOR('',#3170,0.117524047358084);
#913=VECTOR('',#3173,0.117524047358084);
#914=VECTOR('',#3176,0.117524047358084);
#915=VECTOR('',#3179,0.117524047358084);
#916=VECTOR('',#3184,0.15);
#917=VECTOR('',#3187,0.15);
#918=VECTOR('',#3194,0.15);
#919=VECTOR('',#3197,0.15);
#920=VECTOR('',#3200,0.15);
#921=VECTOR('',#3203,0.15);
#922=VECTOR('',#3206,0.15);
#923=VECTOR('',#3209,0.15);
#924=VECTOR('',#3214,0.117524047358084);
#925=VECTOR('',#3225,0.114817717971257);
#926=VECTOR('',#3230,0.0375);
#927=VECTOR('',#3263,0.139174682452695);
#928=VECTOR('',#3268,0.139174682452695);
#929=VECTOR('',#3271,0.15);
#930=VECTOR('',#3276,0.151353164693414);
#931=VECTOR('',#3331,100.);
#932=VECTOR('',#3334,100.);
#933=VECTOR('',#3337,100.);
#934=VECTOR('',#3340,100.);
#935=VECTOR('',#3345,100.);
#936=VECTOR('',#3348,100.);
#937=VECTOR('',#3351,100.);
#938=VECTOR('',#3352,100.);
#939=VECTOR('',#3357,100.);
#940=VECTOR('',#3360,100.);
#941=VECTOR('',#3363,100.);
#942=VECTOR('',#3364,100.);
#943=VECTOR('',#3369,100.);
#944=VECTOR('',#3372,100.);
#945=VECTOR('',#3375,100.);
#946=VECTOR('',#3376,100.);
#947=VECTOR('',#3381,100.);
#948=VECTOR('',#3384,100.);
#949=VECTOR('',#3387,100.);
#950=VECTOR('',#3388,100.);
#951=VECTOR('',#3393,100.);
#952=VECTOR('',#3396,100.);
#953=VECTOR('',#3399,100.);
#954=VECTOR('',#3400,100.);
#955=VECTOR('',#3405,100.);
#956=VECTOR('',#3408,100.);
#957=VECTOR('',#3411,100.);
#958=VECTOR('',#3412,100.);
#959=VECTOR('',#3417,100.);
#960=VECTOR('',#3420,100.);
#961=VECTOR('',#3423,100.);
#962=VECTOR('',#3424,100.);
#963=VECTOR('',#3429,100.);
#964=VECTOR('',#3432,100.);
#965=VECTOR('',#3435,100.);
#966=VECTOR('',#3436,100.);
#967=VECTOR('',#3441,100.);
#968=VECTOR('',#3444,100.);
#969=VECTOR('',#3447,100.);
#970=VECTOR('',#3448,100.);
#971=VECTOR('',#3451,100.);
#972=VECTOR('',#3454,100.);
#973=VECTOR('',#3459,100.);
#974=VECTOR('',#3460,100.);
#975=VECTOR('',#3465,100.);
#976=VECTOR('',#3468,100.);
#977=VECTOR('',#3471,100.);
#978=VECTOR('',#3472,100.);
#979=VECTOR('',#3475,100.);
#980=VECTOR('',#3476,100.);
#981=VECTOR('',#3477,100.);
#982=VECTOR('',#3478,100.);
#983=VECTOR('',#3481,100.);
#984=VECTOR('',#3482,100.);
#985=VECTOR('',#3483,100.);
#986=VECTOR('',#3486,100.);
#987=VECTOR('',#3487,100.);
#988=VECTOR('',#3490,100.);
#989=VECTOR('',#3491,100.);
#990=VECTOR('',#3492,100.);
#991=VECTOR('',#3495,100.);
#992=VECTOR('',#3496,100.);
#993=VECTOR('',#3497,100.);
#994=VECTOR('',#3498,100.);
#995=VECTOR('',#3501,100.);
#996=VECTOR('',#3502,100.);
#997=VECTOR('',#3505,100.);
#998=VECTOR('',#3506,100.);
#999=VECTOR('',#3507,100.);
#1000=VECTOR('',#3510,100.);
#1001=VECTOR('',#3511,100.);
#1002=VECTOR('',#3512,100.);
#1003=VECTOR('',#3513,100.);
#1004=VECTOR('',#3516,100.);
#1005=VECTOR('',#3517,100.);
#1006=VECTOR('',#3520,100.);
#1007=VECTOR('',#3521,100.);
#1008=VECTOR('',#3522,100.);
#1009=VECTOR('',#3525,100.);
#1010=VECTOR('',#3526,100.);
#1011=VECTOR('',#3527,100.);
#1012=VECTOR('',#3528,100.);
#1013=VECTOR('',#3531,100.);
#1014=VECTOR('',#3532,100.);
#1015=VECTOR('',#3535,100.);
#1016=VECTOR('',#3536,100.);
#1017=VECTOR('',#3537,100.);
#1018=VECTOR('',#3540,100.);
#1019=VECTOR('',#3541,100.);
#1020=VECTOR('',#3542,100.);
#1021=VECTOR('',#3543,100.);
#1022=VECTOR('',#3546,100.);
#1023=VECTOR('',#3547,100.);
#1024=VECTOR('',#3550,100.);
#1025=VECTOR('',#3551,100.);
#1026=VECTOR('',#3552,100.);
#1027=VECTOR('',#3555,100.);
#1028=VECTOR('',#3556,100.);
#1029=VECTOR('',#3557,100.);
#1030=VECTOR('',#3558,100.);
#1031=VECTOR('',#3561,100.);
#1032=VECTOR('',#3562,100.);
#1033=VECTOR('',#3565,100.);
#1034=VECTOR('',#3566,100.);
#1035=VECTOR('',#3567,100.);
#1036=VECTOR('',#3570,100.);
#1037=VECTOR('',#3571,100.);
#1038=VECTOR('',#3572,100.);
#1039=VECTOR('',#3573,100.);
#1040=VECTOR('',#3576,100.);
#1041=VECTOR('',#3577,100.);
#1042=VECTOR('',#3580,100.);
#1043=VECTOR('',#3581,100.);
#1044=VECTOR('',#3582,100.);
#1045=VECTOR('',#3585,100.);
#1046=VECTOR('',#3586,100.);
#1047=VECTOR('',#3587,100.);
#1048=VECTOR('',#3588,100.);
#1049=VECTOR('',#3591,100.);
#1050=VECTOR('',#3592,100.);
#1051=VECTOR('',#3595,100.);
#1052=VECTOR('',#3596,100.);
#1053=VECTOR('',#3597,100.);
#1054=VECTOR('',#3600,100.);
#1055=VECTOR('',#3601,100.);
#1056=VECTOR('',#3602,100.);
#1057=VECTOR('',#3603,100.);
#1058=VECTOR('',#3606,100.);
#1059=VECTOR('',#3607,100.);
#1060=VECTOR('',#3610,100.);
#1061=VECTOR('',#3611,100.);
#1062=VECTOR('',#3612,100.);
#1063=VECTOR('',#3615,100.);
#1064=VECTOR('',#3616,100.);
#1065=VECTOR('',#3617,100.);
#1066=VECTOR('',#3618,100.);
#1067=VECTOR('',#3621,100.);
#1068=VECTOR('',#3622,100.);
#1069=VECTOR('',#3625,100.);
#1070=VECTOR('',#3626,100.);
#1071=VECTOR('',#3627,100.);
#1072=VECTOR('',#3630,100.);
#1073=VECTOR('',#3631,100.);
#1074=VECTOR('',#3632,100.);
#1075=VECTOR('',#3633,100.);
#1076=VECTOR('',#3636,100.);
#1077=VECTOR('',#3637,100.);
#1078=VECTOR('',#3640,100.);
#1079=VECTOR('',#3641,100.);
#1080=VECTOR('',#3642,100.);
#1081=VECTOR('',#3643,100.);
#1082=VECTOR('',#3646,100.);
#1083=VECTOR('',#3647,100.);
#1084=VECTOR('',#3648,100.);
#1085=VECTOR('',#3651,100.);
#1086=VECTOR('',#3652,100.);
#1087=VECTOR('',#3657,100.);
#1088=VECTOR('',#3658,100.);
#1089=VECTOR('',#3659,100.);
#1090=VECTOR('',#3660,100.);
#1091=VECTOR('',#3661,100.);
#1092=VECTOR('',#3662,100.);
#1093=VECTOR('',#3663,100.);
#1094=VECTOR('',#3664,100.);
#1095=VECTOR('',#3665,100.);
#1096=VECTOR('',#3666,100.);
#1097=VECTOR('',#3667,100.);
#1098=VECTOR('',#3668,100.);
#1099=VECTOR('',#3669,100.);
#1100=VECTOR('',#3670,100.);
#1101=VECTOR('',#3671,100.);
#1102=VECTOR('',#3672,100.);
#1103=VECTOR('',#3673,100.);
#1104=VECTOR('',#3674,100.);
#1105=VECTOR('',#3675,100.);
#1106=VECTOR('',#3676,100.);
#1107=VECTOR('',#3677,100.);
#1108=VECTOR('',#3678,100.);
#1109=VECTOR('',#3679,100.);
#1110=VECTOR('',#3680,100.);
#1111=VECTOR('',#3737,1.);
#1112=VECTOR('',#3738,1.);
#1113=VECTOR('',#3739,1.);
#1114=VECTOR('',#3740,1.);
#1115=VECTOR('',#3743,1.);
#1116=VECTOR('',#3744,1.);
#1117=VECTOR('',#3745,1.);
#1118=VECTOR('',#3748,1.);
#1119=VECTOR('',#3749,1.);
#1120=VECTOR('',#3750,1.);
#1121=VECTOR('',#3753,1.);
#1122=VECTOR('',#3754,1.);
#1123=VECTOR('',#3759,1.);
#1124=VECTOR('',#3760,1.);
#1125=VECTOR('',#3761,1.);
#1126=VECTOR('',#3762,1.);
#1127=VECTOR('',#3765,1.);
#1128=VECTOR('',#3766,1.);
#1129=VECTOR('',#3767,1.);
#1130=VECTOR('',#3770,1.);
#1131=VECTOR('',#3771,1.);
#1132=VECTOR('',#3772,1.);
#1133=VECTOR('',#3775,1.);
#1134=VECTOR('',#3776,1.);
#1135=VECTOR('',#3783,1.);
#1136=VECTOR('',#3784,1.);
#1137=VECTOR('',#3785,1.);
#1138=VECTOR('',#3786,1.);
#1139=VECTOR('',#3789,1.);
#1140=VECTOR('',#3790,1.);
#1141=VECTOR('',#3791,1.);
#1142=VECTOR('',#3794,1.);
#1143=VECTOR('',#3795,1.);
#1144=VECTOR('',#3796,1.);
#1145=VECTOR('',#3799,1.);
#1146=VECTOR('',#3800,1.);
#1147=VECTOR('',#3805,3.75);
#1148=VECTOR('',#3814,3.75);
#1149=VECTOR('',#3825,0.25);
#1150=VECTOR('',#3832,0.25);
#1151=VECTOR('',#3837,1.);
#1152=VECTOR('',#3838,1.);
#1153=VECTOR('',#3839,1.);
#1154=VECTOR('',#3840,1.);
#1155=VECTOR('',#3843,1.);
#1156=VECTOR('',#3844,1.);
#1157=VECTOR('',#3845,1.);
#1158=VECTOR('',#3848,1.);
#1159=VECTOR('',#3849,1.);
#1160=VECTOR('',#3850,1.);
#1161=VECTOR('',#3853,1.);
#1162=VECTOR('',#3854,1.);
#1163=VECTOR('',#3863,0.25);
#1164=VECTOR('',#3870,0.25);
#1165=VECTOR('',#3875,1.);
#1166=VECTOR('',#3876,1.);
#1167=VECTOR('',#3877,1.);
#1168=VECTOR('',#3878,1.);
#1169=VECTOR('',#3881,1.);
#1170=VECTOR('',#3882,1.);
#1171=VECTOR('',#3883,1.);
#1172=VECTOR('',#3886,1.);
#1173=VECTOR('',#3887,1.);
#1174=VECTOR('',#3888,1.);
#1175=VECTOR('',#3891,1.);
#1176=VECTOR('',#3892,1.);
#1177=VERTEX_POINT('',#3904);
#1178=VERTEX_POINT('',#3905);
#1179=VERTEX_POINT('',#3907);
#1180=VERTEX_POINT('',#3913);
#1181=VERTEX_POINT('',#3923);
#1182=VERTEX_POINT('',#3924);
#1183=VERTEX_POINT('',#3953);
#1184=VERTEX_POINT('',#3954);
#1185=VERTEX_POINT('',#3983);
#1186=VERTEX_POINT('',#3984);
#1187=VERTEX_POINT('',#4013);
#1188=VERTEX_POINT('',#4014);
#1189=VERTEX_POINT('',#4043);
#1190=VERTEX_POINT('',#4044);
#1191=VERTEX_POINT('',#4073);
#1192=VERTEX_POINT('',#4074);
#1193=VERTEX_POINT('',#4103);
#1194=VERTEX_POINT('',#4104);
#1195=VERTEX_POINT('',#4106);
#1196=VERTEX_POINT('',#4112);
#1197=VERTEX_POINT('',#4113);
#1198=VERTEX_POINT('',#4115);
#1199=VERTEX_POINT('',#4126);
#1200=VERTEX_POINT('',#4128);
#1201=VERTEX_POINT('',#4131);
#1202=VERTEX_POINT('',#4148);
#1203=VERTEX_POINT('',#4149);
#1204=VERTEX_POINT('',#4224);
#1205=VERTEX_POINT('',#4225);
#1206=VERTEX_POINT('',#4300);
#1207=VERTEX_POINT('',#4301);
#1208=VERTEX_POINT('',#4376);
#1209=VERTEX_POINT('',#4377);
#1210=VERTEX_POINT('',#4452);
#1211=VERTEX_POINT('',#4453);
#1212=VERTEX_POINT('',#4530);
#1213=VERTEX_POINT('',#4531);
#1214=VERTEX_POINT('',#4533);
#1215=VERTEX_POINT('',#4564);
#1216=VERTEX_POINT('',#4601);
#1217=VERTEX_POINT('',#4602);
#1218=VERTEX_POINT('',#4666);
#1219=VERTEX_POINT('',#4668);
#1220=VERTEX_POINT('',#4672);
#1221=VERTEX_POINT('',#4673);
#1222=VERTEX_POINT('',#4677);
#1223=VERTEX_POINT('',#4679);
#1224=VERTEX_POINT('',#4681);
#1225=VERTEX_POINT('',#4685);
#1226=VERTEX_POINT('',#4687);
#1227=VERTEX_POINT('',#4691);
#1228=VERTEX_POINT('',#4693);
#1229=VERTEX_POINT('',#4697);
#1230=VERTEX_POINT('',#4698);
#1231=VERTEX_POINT('',#4782);
#1232=VERTEX_POINT('',#4784);
#1233=VERTEX_POINT('',#4786);
#1234=VERTEX_POINT('',#4790);
#1235=VERTEX_POINT('',#4792);
#1236=VERTEX_POINT('',#4796);
#1237=VERTEX_POINT('',#4798);
#1238=VERTEX_POINT('',#4802);
#1239=VERTEX_POINT('',#4804);
#1240=VERTEX_POINT('',#4808);
#1241=VERTEX_POINT('',#4810);
#1242=VERTEX_POINT('',#4814);
#1243=VERTEX_POINT('',#4816);
#1244=VERTEX_POINT('',#4820);
#1245=VERTEX_POINT('',#4822);
#1246=VERTEX_POINT('',#4826);
#1247=VERTEX_POINT('',#4828);
#1248=VERTEX_POINT('',#4832);
#1249=VERTEX_POINT('',#4834);
#1250=VERTEX_POINT('',#4838);
#1251=VERTEX_POINT('',#4840);
#1252=VERTEX_POINT('',#4844);
#1253=VERTEX_POINT('',#4846);
#1254=VERTEX_POINT('',#4850);
#1255=VERTEX_POINT('',#4852);
#1256=VERTEX_POINT('',#4856);
#1257=VERTEX_POINT('',#4858);
#1258=VERTEX_POINT('',#4862);
#1259=VERTEX_POINT('',#4864);
#1260=VERTEX_POINT('',#4868);
#1261=VERTEX_POINT('',#4870);
#1262=VERTEX_POINT('',#4874);
#1263=VERTEX_POINT('',#4876);
#1264=VERTEX_POINT('',#4880);
#1265=VERTEX_POINT('',#4882);
#1266=VERTEX_POINT('',#4886);
#1267=VERTEX_POINT('',#4888);
#1268=VERTEX_POINT('',#4892);
#1269=VERTEX_POINT('',#4894);
#1270=VERTEX_POINT('',#4898);
#1271=VERTEX_POINT('',#4900);
#1272=VERTEX_POINT('',#4904);
#1273=VERTEX_POINT('',#4906);
#1274=VERTEX_POINT('',#4910);
#1275=VERTEX_POINT('',#4912);
#1276=VERTEX_POINT('',#4916);
#1277=VERTEX_POINT('',#4918);
#1278=VERTEX_POINT('',#4922);
#1279=VERTEX_POINT('',#4924);
#1280=VERTEX_POINT('',#4930);
#1281=VERTEX_POINT('',#4977);
#1282=VERTEX_POINT('',#4979);
#1283=VERTEX_POINT('',#4983);
#1284=VERTEX_POINT('',#4985);
#1285=VERTEX_POINT('',#4989);
#1286=VERTEX_POINT('',#4990);
#1287=VERTEX_POINT('',#4992);
#1288=VERTEX_POINT('',#4994);
#1289=VERTEX_POINT('',#5001);
#1290=VERTEX_POINT('',#5002);
#1291=VERTEX_POINT('',#5004);
#1292=VERTEX_POINT('',#5006);
#1293=VERTEX_POINT('',#5013);
#1294=VERTEX_POINT('',#5014);
#1295=VERTEX_POINT('',#5016);
#1296=VERTEX_POINT('',#5018);
#1297=VERTEX_POINT('',#5025);
#1298=VERTEX_POINT('',#5026);
#1299=VERTEX_POINT('',#5028);
#1300=VERTEX_POINT('',#5030);
#1301=VERTEX_POINT('',#5037);
#1302=VERTEX_POINT('',#5038);
#1303=VERTEX_POINT('',#5040);
#1304=VERTEX_POINT('',#5042);
#1305=VERTEX_POINT('',#5049);
#1306=VERTEX_POINT('',#5050);
#1307=VERTEX_POINT('',#5052);
#1308=VERTEX_POINT('',#5054);
#1309=VERTEX_POINT('',#5061);
#1310=VERTEX_POINT('',#5062);
#1311=VERTEX_POINT('',#5064);
#1312=VERTEX_POINT('',#5066);
#1313=VERTEX_POINT('',#5073);
#1314=VERTEX_POINT('',#5074);
#1315=VERTEX_POINT('',#5076);
#1316=VERTEX_POINT('',#5078);
#1317=VERTEX_POINT('',#5085);
#1318=VERTEX_POINT('',#5086);
#1319=VERTEX_POINT('',#5088);
#1320=VERTEX_POINT('',#5090);
#1321=VERTEX_POINT('',#5097);
#1322=VERTEX_POINT('',#5098);
#1323=VERTEX_POINT('',#5100);
#1324=VERTEX_POINT('',#5102);
#1325=VERTEX_POINT('',#5109);
#1326=VERTEX_POINT('',#5110);
#1327=VERTEX_POINT('',#5112);
#1328=VERTEX_POINT('',#5114);
#1329=VERTEX_POINT('',#5121);
#1330=VERTEX_POINT('',#5122);
#1331=VERTEX_POINT('',#5124);
#1332=VERTEX_POINT('',#5126);
#1333=VERTEX_POINT('',#5130);
#1334=VERTEX_POINT('',#5132);
#1335=VERTEX_POINT('',#5139);
#1336=VERTEX_POINT('',#5141);
#1337=VERTEX_POINT('',#5145);
#1338=VERTEX_POINT('',#5146);
#1339=VERTEX_POINT('',#5148);
#1340=VERTEX_POINT('',#5150);
#1341=VERTEX_POINT('',#5157);
#1342=VERTEX_POINT('',#5159);
#1343=VERTEX_POINT('',#5163);
#1344=VERTEX_POINT('',#5164);
#1345=VERTEX_POINT('',#5166);
#1346=VERTEX_POINT('',#5168);
#1347=VERTEX_POINT('',#5175);
#1348=VERTEX_POINT('',#5177);
#1349=VERTEX_POINT('',#5181);
#1350=VERTEX_POINT('',#5182);
#1351=VERTEX_POINT('',#5184);
#1352=VERTEX_POINT('',#5186);
#1353=VERTEX_POINT('',#5193);
#1354=VERTEX_POINT('',#5195);
#1355=VERTEX_POINT('',#5199);
#1356=VERTEX_POINT('',#5200);
#1357=VERTEX_POINT('',#5202);
#1358=VERTEX_POINT('',#5204);
#1359=VERTEX_POINT('',#5211);
#1360=VERTEX_POINT('',#5213);
#1361=VERTEX_POINT('',#5217);
#1362=VERTEX_POINT('',#5218);
#1363=VERTEX_POINT('',#5220);
#1364=VERTEX_POINT('',#5222);
#1365=VERTEX_POINT('',#5229);
#1366=VERTEX_POINT('',#5231);
#1367=VERTEX_POINT('',#5235);
#1368=VERTEX_POINT('',#5236);
#1369=VERTEX_POINT('',#5238);
#1370=VERTEX_POINT('',#5240);
#1371=VERTEX_POINT('',#5247);
#1372=VERTEX_POINT('',#5249);
#1373=VERTEX_POINT('',#5253);
#1374=VERTEX_POINT('',#5254);
#1375=VERTEX_POINT('',#5256);
#1376=VERTEX_POINT('',#5258);
#1377=VERTEX_POINT('',#5265);
#1378=VERTEX_POINT('',#5267);
#1379=VERTEX_POINT('',#5271);
#1380=VERTEX_POINT('',#5272);
#1381=VERTEX_POINT('',#5274);
#1382=VERTEX_POINT('',#5276);
#1383=VERTEX_POINT('',#5283);
#1384=VERTEX_POINT('',#5285);
#1385=VERTEX_POINT('',#5289);
#1386=VERTEX_POINT('',#5290);
#1387=VERTEX_POINT('',#5292);
#1388=VERTEX_POINT('',#5294);
#1389=VERTEX_POINT('',#5301);
#1390=VERTEX_POINT('',#5303);
#1391=VERTEX_POINT('',#5307);
#1392=VERTEX_POINT('',#5308);
#1393=VERTEX_POINT('',#5310);
#1394=VERTEX_POINT('',#5312);
#1395=VERTEX_POINT('',#5319);
#1396=VERTEX_POINT('',#5320);
#1397=VERTEX_POINT('',#5322);
#1398=VERTEX_POINT('',#5324);
#1399=VERTEX_POINT('',#5328);
#1400=VERTEX_POINT('',#5330);
#1401=VERTEX_POINT('',#5848);
#1402=VERTEX_POINT('',#5849);
#1403=VERTEX_POINT('',#5851);
#1404=VERTEX_POINT('',#5853);
#1405=VERTEX_POINT('',#5857);
#1406=VERTEX_POINT('',#5859);
#1407=VERTEX_POINT('',#5863);
#1408=VERTEX_POINT('',#5865);
#1409=VERTEX_POINT('',#5873);
#1410=VERTEX_POINT('',#5874);
#1411=VERTEX_POINT('',#5876);
#1412=VERTEX_POINT('',#5878);
#1413=VERTEX_POINT('',#5882);
#1414=VERTEX_POINT('',#5884);
#1415=VERTEX_POINT('',#5888);
#1416=VERTEX_POINT('',#5890);
#1417=VERTEX_POINT('',#5899);
#1418=VERTEX_POINT('',#5900);
#1419=VERTEX_POINT('',#5902);
#1420=VERTEX_POINT('',#5904);
#1421=VERTEX_POINT('',#5908);
#1422=VERTEX_POINT('',#5910);
#1423=VERTEX_POINT('',#5914);
#1424=VERTEX_POINT('',#5916);
#1425=VERTEX_POINT('',#5923);
#1426=VERTEX_POINT('',#5925);
#1427=VERTEX_POINT('',#5930);
#1428=VERTEX_POINT('',#5932);
#1429=VERTEX_POINT('',#5938);
#1430=VERTEX_POINT('',#5940);
#1431=VERTEX_POINT('',#5944);
#1432=VERTEX_POINT('',#5946);
#1433=VERTEX_POINT('',#5950);
#1434=VERTEX_POINT('',#5951);
#1435=VERTEX_POINT('',#5953);
#1436=VERTEX_POINT('',#5955);
#1437=VERTEX_POINT('',#5959);
#1438=VERTEX_POINT('',#5961);
#1439=VERTEX_POINT('',#5965);
#1440=VERTEX_POINT('',#5967);
#1441=VERTEX_POINT('',#5976);
#1442=VERTEX_POINT('',#5978);
#1443=VERTEX_POINT('',#5982);
#1444=VERTEX_POINT('',#5984);
#1445=VERTEX_POINT('',#5988);
#1446=VERTEX_POINT('',#5989);
#1447=VERTEX_POINT('',#5991);
#1448=VERTEX_POINT('',#5993);
#1449=VERTEX_POINT('',#5997);
#1450=VERTEX_POINT('',#5999);
#1451=VERTEX_POINT('',#6003);
#1452=VERTEX_POINT('',#6005);
#1453=EDGE_CURVE('',#1177,#1178,#639,.T.);
#1454=EDGE_CURVE('',#1178,#1179,#598,.T.);
#1455=EDGE_CURVE('',#1180,#1179,#514,.T.);
#1456=EDGE_CURVE('',#1177,#1180,#599,.T.);
#1457=EDGE_CURVE('',#1181,#1182,#640,.T.);
#1458=EDGE_CURVE('',#1182,#1178,#600,.T.);
#1459=EDGE_CURVE('',#1181,#1177,#601,.T.);
#1460=EDGE_CURVE('',#1183,#1184,#641,.T.);
#1461=EDGE_CURVE('',#1184,#1182,#602,.T.);
#1462=EDGE_CURVE('',#1183,#1181,#603,.T.);
#1463=EDGE_CURVE('',#1185,#1186,#642,.T.);
#1464=EDGE_CURVE('',#1186,#1184,#604,.T.);
#1465=EDGE_CURVE('',#1185,#1183,#605,.T.);
#1466=EDGE_CURVE('',#1187,#1188,#643,.T.);
#1467=EDGE_CURVE('',#1188,#1186,#606,.T.);
#1468=EDGE_CURVE('',#1187,#1185,#607,.T.);
#1469=EDGE_CURVE('',#1189,#1190,#644,.T.);
#1470=EDGE_CURVE('',#1190,#1188,#608,.T.);
#1471=EDGE_CURVE('',#1189,#1187,#609,.T.);
#1472=EDGE_CURVE('',#1191,#1192,#645,.T.);
#1473=EDGE_CURVE('',#1192,#1190,#610,.T.);
#1474=EDGE_CURVE('',#1191,#1189,#611,.T.);
#1475=EDGE_CURVE('',#1193,#1194,#646,.T.);
#1476=EDGE_CURVE('',#1195,#1193,#515,.T.);
#1477=EDGE_CURVE('',#1195,#1194,#612,.T.);
#1478=EDGE_CURVE('',#1196,#1197,#647,.T.);
#1479=EDGE_CURVE('',#1198,#1197,#167,.F.);
#1480=EDGE_CURVE('',#1199,#1198,#516,.T.);
#1481=EDGE_CURVE('',#1199,#1200,#648,.T.);
#1482=EDGE_CURVE('',#1200,#1200,#517,.T.);
#1483=EDGE_CURVE('',#1201,#1199,#518,.T.);
#1484=EDGE_CURVE('',#1201,#1196,#168,.T.);
#1485=EDGE_CURVE('',#1202,#1203,#649,.T.);
#1486=EDGE_CURVE('',#1197,#1203,#169,.F.);
#1487=EDGE_CURVE('',#1196,#1202,#170,.T.);
#1488=EDGE_CURVE('',#1204,#1205,#650,.T.);
#1489=EDGE_CURVE('',#1203,#1205,#171,.F.);
#1490=EDGE_CURVE('',#1202,#1204,#172,.T.);
#1491=EDGE_CURVE('',#1206,#1207,#651,.T.);
#1492=EDGE_CURVE('',#1205,#1207,#173,.F.);
#1493=EDGE_CURVE('',#1204,#1206,#174,.T.);
#1494=EDGE_CURVE('',#1208,#1209,#652,.T.);
#1495=EDGE_CURVE('',#1207,#1209,#175,.F.);
#1496=EDGE_CURVE('',#1206,#1208,#176,.T.);
#1497=EDGE_CURVE('',#1210,#1211,#653,.T.);
#1498=EDGE_CURVE('',#1209,#1211,#177,.F.);
#1499=EDGE_CURVE('',#1208,#1210,#178,.T.);
#1500=EDGE_CURVE('',#1212,#1213,#654,.T.);
#1501=EDGE_CURVE('',#1212,#1214,#179,.T.);
#1502=EDGE_CURVE('',#1215,#1214,#519,.T.);
#1503=EDGE_CURVE('',#1213,#1215,#180,.F.);
#1504=EDGE_CURVE('',#1216,#1217,#655,.T.);
#1505=EDGE_CURVE('',#1215,#1216,#181,.F.);
#1506=EDGE_CURVE('',#1195,#1214,#182,.F.);
#1507=EDGE_CURVE('',#1217,#1195,#520,.T.);
#1508=EDGE_CURVE('',#1193,#1217,#521,.T.);
#1509=EDGE_CURVE('',#1216,#1193,#183,.F.);
#1510=EDGE_CURVE('',#1218,#1218,#522,.T.);
#1511=EDGE_CURVE('',#1218,#1219,#656,.T.);
#1512=EDGE_CURVE('',#1219,#1219,#523,.T.);
#1513=EDGE_CURVE('',#1220,#1221,#657,.T.);
#1514=EDGE_CURVE('',#1221,#1221,#524,.T.);
#1515=EDGE_CURVE('',#1222,#1222,#525,.T.);
#1516=EDGE_CURVE('',#1222,#1223,#526,.T.);
#1517=EDGE_CURVE('',#1224,#1223,#527,.T.);
#1518=EDGE_CURVE('',#1223,#1224,#528,.T.);
#1519=EDGE_CURVE('',#1225,#1225,#529,.T.);
#1520=EDGE_CURVE('',#1225,#1226,#530,.T.);
#1521=EDGE_CURVE('',#1226,#1226,#531,.T.);
#1522=EDGE_CURVE('',#1227,#1227,#532,.T.);
#1523=EDGE_CURVE('',#1227,#1228,#533,.T.);
#1524=EDGE_CURVE('',#1228,#1228,#534,.T.);
#1525=EDGE_CURVE('',#1229,#1230,#535,.T.);
#1526=EDGE_CURVE('',#1230,#1224,#658,.T.);
#1527=EDGE_CURVE('',#1230,#1229,#536,.T.);
#1528=EDGE_CURVE('',#1226,#1222,#659,.T.);
#1529=EDGE_CURVE('',#1200,#1225,#660,.T.);
#1530=EDGE_CURVE('',#1211,#1213,#184,.F.);
#1531=EDGE_CURVE('',#1210,#1212,#185,.T.);
#1532=EDGE_CURVE('',#1229,#1231,#661,.T.);
#1533=EDGE_CURVE('',#1231,#1232,#537,.T.);
#1534=EDGE_CURVE('',#1232,#1233,#613,.T.);
#1535=EDGE_CURVE('',#1234,#1233,#538,.T.);
#1536=EDGE_CURVE('',#1235,#1234,#614,.T.);
#1537=EDGE_CURVE('',#1235,#1236,#539,.T.);
#1538=EDGE_CURVE('',#1236,#1237,#615,.T.);
#1539=EDGE_CURVE('',#1238,#1237,#540,.T.);
#1540=EDGE_CURVE('',#1239,#1238,#616,.T.);
#1541=EDGE_CURVE('',#1239,#1240,#541,.T.);
#1542=EDGE_CURVE('',#1240,#1241,#617,.T.);
#1543=EDGE_CURVE('',#1242,#1241,#542,.T.);
#1544=EDGE_CURVE('',#1243,#1242,#618,.T.);
#1545=EDGE_CURVE('',#1243,#1244,#543,.T.);
#1546=EDGE_CURVE('',#1244,#1245,#619,.T.);
#1547=EDGE_CURVE('',#1246,#1245,#544,.T.);
#1548=EDGE_CURVE('',#1247,#1246,#620,.T.);
#1549=EDGE_CURVE('',#1247,#1248,#545,.T.);
#1550=EDGE_CURVE('',#1248,#1249,#621,.T.);
#1551=EDGE_CURVE('',#1250,#1249,#546,.T.);
#1552=EDGE_CURVE('',#1251,#1250,#622,.T.);
#1553=EDGE_CURVE('',#1251,#1252,#547,.T.);
#1554=EDGE_CURVE('',#1252,#1253,#623,.T.);
#1555=EDGE_CURVE('',#1254,#1253,#548,.T.);
#1556=EDGE_CURVE('',#1255,#1254,#624,.T.);
#1557=EDGE_CURVE('',#1255,#1256,#549,.T.);
#1558=EDGE_CURVE('',#1256,#1257,#625,.T.);
#1559=EDGE_CURVE('',#1258,#1257,#550,.T.);
#1560=EDGE_CURVE('',#1258,#1259,#626,.T.);
#1561=EDGE_CURVE('',#1259,#1260,#551,.T.);
#1562=EDGE_CURVE('',#1260,#1261,#627,.T.);
#1563=EDGE_CURVE('',#1262,#1261,#552,.T.);
#1564=EDGE_CURVE('',#1263,#1262,#628,.T.);
#1565=EDGE_CURVE('',#1263,#1264,#553,.T.);
#1566=EDGE_CURVE('',#1264,#1265,#629,.T.);
#1567=EDGE_CURVE('',#1266,#1265,#554,.T.);
#1568=EDGE_CURVE('',#1267,#1266,#630,.T.);
#1569=EDGE_CURVE('',#1267,#1268,#555,.T.);
#1570=EDGE_CURVE('',#1268,#1269,#631,.T.);
#1571=EDGE_CURVE('',#1270,#1269,#556,.T.);
#1572=EDGE_CURVE('',#1271,#1270,#632,.T.);
#1573=EDGE_CURVE('',#1271,#1272,#557,.T.);
#1574=EDGE_CURVE('',#1272,#1273,#633,.T.);
#1575=EDGE_CURVE('',#1274,#1273,#558,.T.);
#1576=EDGE_CURVE('',#1275,#1274,#634,.T.);
#1577=EDGE_CURVE('',#1275,#1276,#559,.T.);
#1578=EDGE_CURVE('',#1276,#1277,#635,.T.);
#1579=EDGE_CURVE('',#1278,#1277,#560,.T.);
#1580=EDGE_CURVE('',#1279,#1278,#636,.T.);
#1581=EDGE_CURVE('',#1279,#1231,#561,.T.);
#1582=EDGE_CURVE('',#1179,#1280,#186,.T.);
#1583=EDGE_CURVE('',#1280,#1201,#187,.T.);
#1584=EDGE_CURVE('',#1198,#1180,#188,.T.);
#1585=EDGE_CURVE('',#1281,#1257,#662,.T.);
#1586=EDGE_CURVE('',#1281,#1282,#562,.T.);
#1587=EDGE_CURVE('',#1258,#1282,#663,.T.);
#1588=EDGE_CURVE('',#1281,#1283,#664,.T.);
#1589=EDGE_CURVE('',#1283,#1284,#563,.T.);
#1590=EDGE_CURVE('',#1284,#1282,#665,.T.);
#1591=EDGE_CURVE('',#1285,#1286,#564,.T.);
#1592=EDGE_CURVE('',#1285,#1287,#666,.T.);
#1593=EDGE_CURVE('',#1287,#1288,#565,.T.);
#1594=EDGE_CURVE('',#1286,#1288,#667,.T.);
#1595=EDGE_CURVE('',#1285,#1261,#668,.T.);
#1596=EDGE_CURVE('',#1286,#1262,#669,.T.);
#1597=EDGE_CURVE('',#1289,#1290,#566,.T.);
#1598=EDGE_CURVE('',#1289,#1291,#670,.T.);
#1599=EDGE_CURVE('',#1291,#1292,#567,.T.);
#1600=EDGE_CURVE('',#1290,#1292,#671,.T.);
#1601=EDGE_CURVE('',#1289,#1265,#672,.T.);
#1602=EDGE_CURVE('',#1290,#1266,#673,.T.);
#1603=EDGE_CURVE('',#1293,#1294,#568,.T.);
#1604=EDGE_CURVE('',#1293,#1295,#674,.T.);
#1605=EDGE_CURVE('',#1295,#1296,#569,.T.);
#1606=EDGE_CURVE('',#1294,#1296,#675,.T.);
#1607=EDGE_CURVE('',#1293,#1269,#676,.T.);
#1608=EDGE_CURVE('',#1294,#1270,#677,.T.);
#1609=EDGE_CURVE('',#1297,#1298,#570,.T.);
#1610=EDGE_CURVE('',#1297,#1299,#678,.T.);
#1611=EDGE_CURVE('',#1299,#1300,#571,.T.);
#1612=EDGE_CURVE('',#1298,#1300,#679,.T.);
#1613=EDGE_CURVE('',#1297,#1273,#680,.T.);
#1614=EDGE_CURVE('',#1298,#1274,#681,.T.);
#1615=EDGE_CURVE('',#1301,#1302,#572,.T.);
#1616=EDGE_CURVE('',#1301,#1303,#682,.T.);
#1617=EDGE_CURVE('',#1303,#1304,#573,.T.);
#1618=EDGE_CURVE('',#1302,#1304,#683,.T.);
#1619=EDGE_CURVE('',#1301,#1277,#684,.T.);
#1620=EDGE_CURVE('',#1302,#1278,#685,.T.);
#1621=EDGE_CURVE('',#1305,#1306,#574,.T.);
#1622=EDGE_CURVE('',#1305,#1307,#686,.T.);
#1623=EDGE_CURVE('',#1307,#1308,#575,.T.);
#1624=EDGE_CURVE('',#1306,#1308,#687,.T.);
#1625=EDGE_CURVE('',#1305,#1233,#688,.T.);
#1626=EDGE_CURVE('',#1306,#1234,#689,.T.);
#1627=EDGE_CURVE('',#1309,#1310,#576,.T.);
#1628=EDGE_CURVE('',#1309,#1311,#690,.T.);
#1629=EDGE_CURVE('',#1311,#1312,#577,.T.);
#1630=EDGE_CURVE('',#1310,#1312,#691,.T.);
#1631=EDGE_CURVE('',#1309,#1237,#692,.T.);
#1632=EDGE_CURVE('',#1310,#1238,#693,.T.);
#1633=EDGE_CURVE('',#1313,#1314,#578,.T.);
#1634=EDGE_CURVE('',#1313,#1315,#694,.T.);
#1635=EDGE_CURVE('',#1315,#1316,#579,.T.);
#1636=EDGE_CURVE('',#1314,#1316,#695,.T.);
#1637=EDGE_CURVE('',#1313,#1241,#696,.T.);
#1638=EDGE_CURVE('',#1314,#1242,#697,.T.);
#1639=EDGE_CURVE('',#1317,#1318,#580,.T.);
#1640=EDGE_CURVE('',#1317,#1319,#698,.T.);
#1641=EDGE_CURVE('',#1319,#1320,#581,.T.);
#1642=EDGE_CURVE('',#1318,#1320,#699,.T.);
#1643=EDGE_CURVE('',#1317,#1245,#700,.T.);
#1644=EDGE_CURVE('',#1318,#1246,#701,.T.);
#1645=EDGE_CURVE('',#1321,#1322,#702,.T.);
#1646=EDGE_CURVE('',#1323,#1321,#582,.T.);
#1647=EDGE_CURVE('',#1323,#1324,#703,.T.);
#1648=EDGE_CURVE('',#1324,#1322,#583,.T.);
#1649=EDGE_CURVE('',#1321,#1254,#704,.T.);
#1650=EDGE_CURVE('',#1323,#1253,#705,.T.);
#1651=EDGE_CURVE('',#1325,#1326,#584,.T.);
#1652=EDGE_CURVE('',#1325,#1327,#706,.T.);
#1653=EDGE_CURVE('',#1327,#1328,#585,.T.);
#1654=EDGE_CURVE('',#1326,#1328,#707,.T.);
#1655=EDGE_CURVE('',#1325,#1249,#708,.T.);
#1656=EDGE_CURVE('',#1326,#1250,#709,.T.);
#1657=EDGE_CURVE('',#1329,#1330,#710,.T.);
#1658=EDGE_CURVE('',#1331,#1330,#711,.T.);
#1659=EDGE_CURVE('',#1332,#1331,#712,.T.);
#1660=EDGE_CURVE('',#1332,#1329,#713,.T.);
#1661=EDGE_CURVE('',#1333,#1329,#714,.T.);
#1662=EDGE_CURVE('',#1334,#1332,#715,.T.);
#1663=EDGE_CURVE('',#1334,#1333,#716,.T.);
#1664=EDGE_CURVE('',#1251,#1333,#717,.T.);
#1665=EDGE_CURVE('',#1252,#1334,#718,.T.);
#1666=EDGE_CURVE('',#1247,#1335,#719,.T.);
#1667=EDGE_CURVE('',#1336,#1335,#720,.T.);
#1668=EDGE_CURVE('',#1248,#1336,#721,.T.);
#1669=EDGE_CURVE('',#1337,#1338,#722,.T.);
#1670=EDGE_CURVE('',#1339,#1338,#723,.T.);
#1671=EDGE_CURVE('',#1340,#1339,#724,.T.);
#1672=EDGE_CURVE('',#1340,#1337,#725,.T.);
#1673=EDGE_CURVE('',#1335,#1337,#726,.T.);
#1674=EDGE_CURVE('',#1336,#1340,#727,.T.);
#1675=EDGE_CURVE('',#1243,#1341,#728,.T.);
#1676=EDGE_CURVE('',#1342,#1341,#729,.T.);
#1677=EDGE_CURVE('',#1244,#1342,#730,.T.);
#1678=EDGE_CURVE('',#1343,#1344,#731,.T.);
#1679=EDGE_CURVE('',#1345,#1344,#732,.T.);
#1680=EDGE_CURVE('',#1346,#1345,#733,.T.);
#1681=EDGE_CURVE('',#1346,#1343,#734,.T.);
#1682=EDGE_CURVE('',#1341,#1343,#735,.T.);
#1683=EDGE_CURVE('',#1342,#1346,#736,.T.);
#1684=EDGE_CURVE('',#1239,#1347,#737,.T.);
#1685=EDGE_CURVE('',#1348,#1347,#738,.T.);
#1686=EDGE_CURVE('',#1240,#1348,#739,.T.);
#1687=EDGE_CURVE('',#1349,#1350,#740,.T.);
#1688=EDGE_CURVE('',#1351,#1350,#741,.T.);
#1689=EDGE_CURVE('',#1352,#1351,#742,.T.);
#1690=EDGE_CURVE('',#1352,#1349,#743,.T.);
#1691=EDGE_CURVE('',#1347,#1349,#744,.T.);
#1692=EDGE_CURVE('',#1348,#1352,#745,.T.);
#1693=EDGE_CURVE('',#1235,#1353,#746,.T.);
#1694=EDGE_CURVE('',#1354,#1353,#747,.T.);
#1695=EDGE_CURVE('',#1236,#1354,#748,.T.);
#1696=EDGE_CURVE('',#1355,#1356,#749,.T.);
#1697=EDGE_CURVE('',#1357,#1356,#750,.T.);
#1698=EDGE_CURVE('',#1358,#1357,#751,.T.);
#1699=EDGE_CURVE('',#1358,#1355,#752,.T.);
#1700=EDGE_CURVE('',#1353,#1355,#753,.T.);
#1701=EDGE_CURVE('',#1354,#1358,#754,.T.);
#1702=EDGE_CURVE('',#1279,#1359,#755,.T.);
#1703=EDGE_CURVE('',#1360,#1359,#756,.T.);
#1704=EDGE_CURVE('',#1232,#1360,#757,.T.);
#1705=EDGE_CURVE('',#1361,#1362,#758,.T.);
#1706=EDGE_CURVE('',#1363,#1362,#759,.T.);
#1707=EDGE_CURVE('',#1364,#1363,#760,.T.);
#1708=EDGE_CURVE('',#1364,#1361,#761,.T.);
#1709=EDGE_CURVE('',#1359,#1361,#762,.T.);
#1710=EDGE_CURVE('',#1360,#1364,#763,.T.);
#1711=EDGE_CURVE('',#1275,#1365,#764,.T.);
#1712=EDGE_CURVE('',#1366,#1365,#765,.T.);
#1713=EDGE_CURVE('',#1276,#1366,#766,.T.);
#1714=EDGE_CURVE('',#1367,#1368,#767,.T.);
#1715=EDGE_CURVE('',#1369,#1368,#768,.T.);
#1716=EDGE_CURVE('',#1370,#1369,#769,.T.);
#1717=EDGE_CURVE('',#1370,#1367,#770,.T.);
#1718=EDGE_CURVE('',#1365,#1367,#771,.T.);
#1719=EDGE_CURVE('',#1366,#1370,#772,.T.);
#1720=EDGE_CURVE('',#1271,#1371,#773,.T.);
#1721=EDGE_CURVE('',#1372,#1371,#774,.T.);
#1722=EDGE_CURVE('',#1272,#1372,#775,.T.);
#1723=EDGE_CURVE('',#1373,#1374,#776,.T.);
#1724=EDGE_CURVE('',#1375,#1374,#777,.T.);
#1725=EDGE_CURVE('',#1376,#1375,#778,.T.);
#1726=EDGE_CURVE('',#1376,#1373,#779,.T.);
#1727=EDGE_CURVE('',#1371,#1373,#780,.T.);
#1728=EDGE_CURVE('',#1372,#1376,#781,.T.);
#1729=EDGE_CURVE('',#1267,#1377,#782,.T.);
#1730=EDGE_CURVE('',#1378,#1377,#783,.T.);
#1731=EDGE_CURVE('',#1268,#1378,#784,.T.);
#1732=EDGE_CURVE('',#1379,#1380,#785,.T.);
#1733=EDGE_CURVE('',#1381,#1380,#786,.T.);
#1734=EDGE_CURVE('',#1382,#1381,#787,.T.);
#1735=EDGE_CURVE('',#1382,#1379,#788,.T.);
#1736=EDGE_CURVE('',#1377,#1379,#789,.T.);
#1737=EDGE_CURVE('',#1378,#1382,#790,.T.);
#1738=EDGE_CURVE('',#1263,#1383,#791,.T.);
#1739=EDGE_CURVE('',#1384,#1383,#792,.T.);
#1740=EDGE_CURVE('',#1264,#1384,#793,.T.);
#1741=EDGE_CURVE('',#1385,#1386,#794,.T.);
#1742=EDGE_CURVE('',#1387,#1386,#795,.T.);
#1743=EDGE_CURVE('',#1388,#1387,#796,.T.);
#1744=EDGE_CURVE('',#1388,#1385,#797,.T.);
#1745=EDGE_CURVE('',#1383,#1385,#798,.T.);
#1746=EDGE_CURVE('',#1384,#1388,#799,.T.);
#1747=EDGE_CURVE('',#1389,#1259,#800,.T.);
#1748=EDGE_CURVE('',#1390,#1389,#801,.T.);
#1749=EDGE_CURVE('',#1260,#1390,#802,.T.);
#1750=EDGE_CURVE('',#1391,#1392,#803,.T.);
#1751=EDGE_CURVE('',#1393,#1392,#804,.T.);
#1752=EDGE_CURVE('',#1394,#1393,#805,.T.);
#1753=EDGE_CURVE('',#1394,#1391,#806,.T.);
#1754=EDGE_CURVE('',#1389,#1391,#807,.T.);
#1755=EDGE_CURVE('',#1390,#1394,#808,.T.);
#1756=EDGE_CURVE('',#1395,#1396,#809,.T.);
#1757=EDGE_CURVE('',#1397,#1396,#810,.T.);
#1758=EDGE_CURVE('',#1398,#1397,#811,.T.);
#1759=EDGE_CURVE('',#1398,#1395,#812,.T.);
#1760=EDGE_CURVE('',#1399,#1395,#813,.T.);
#1761=EDGE_CURVE('',#1400,#1398,#814,.T.);
#1762=EDGE_CURVE('',#1400,#1399,#815,.T.);
#1763=EDGE_CURVE('',#1255,#1399,#816,.T.);
#1764=EDGE_CURVE('',#1256,#1400,#817,.T.);
#1765=EDGE_CURVE('',#1396,#1322,#818,.T.);
#1766=EDGE_CURVE('',#1331,#1324,#819,.T.);
#1767=EDGE_CURVE('',#1330,#1328,#820,.T.);
#1768=EDGE_CURVE('',#1339,#1327,#821,.T.);
#1769=EDGE_CURVE('',#1338,#1320,#822,.T.);
#1770=EDGE_CURVE('',#1345,#1319,#823,.T.);
#1771=EDGE_CURVE('',#1344,#1316,#824,.T.);
#1772=EDGE_CURVE('',#1351,#1315,#825,.T.);
#1773=EDGE_CURVE('',#1350,#1312,#826,.T.);
#1774=EDGE_CURVE('',#1357,#1311,#827,.T.);
#1775=EDGE_CURVE('',#1356,#1308,#828,.T.);
#1776=EDGE_CURVE('',#1363,#1307,#829,.T.);
#1777=EDGE_CURVE('',#1362,#1304,#830,.T.);
#1778=EDGE_CURVE('',#1369,#1303,#831,.T.);
#1779=EDGE_CURVE('',#1368,#1300,#832,.T.);
#1780=EDGE_CURVE('',#1375,#1299,#833,.T.);
#1781=EDGE_CURVE('',#1374,#1296,#834,.T.);
#1782=EDGE_CURVE('',#1381,#1295,#835,.T.);
#1783=EDGE_CURVE('',#1380,#1292,#836,.T.);
#1784=EDGE_CURVE('',#1387,#1291,#837,.T.);
#1785=EDGE_CURVE('',#1386,#1288,#838,.T.);
#1786=EDGE_CURVE('',#1393,#1287,#839,.T.);
#1787=EDGE_CURVE('',#1392,#1284,#840,.T.);
#1788=EDGE_CURVE('',#1397,#1283,#841,.T.);
#1789=EDGE_CURVE('',#1193,#1191,#637,.T.);
#1790=EDGE_CURVE('',#1194,#1192,#638,.T.);
#1791=EDGE_CURVE('',#1401,#1402,#842,.T.);
#1792=EDGE_CURVE('',#1402,#1403,#843,.T.);
#1793=EDGE_CURVE('',#1404,#1403,#844,.T.);
#1794=EDGE_CURVE('',#1401,#1404,#845,.T.);
#1795=EDGE_CURVE('',#1402,#1405,#846,.T.);
#1796=EDGE_CURVE('',#1405,#1406,#847,.T.);
#1797=EDGE_CURVE('',#1403,#1406,#848,.T.);
#1798=EDGE_CURVE('',#1405,#1407,#849,.T.);
#1799=EDGE_CURVE('',#1407,#1408,#850,.T.);
#1800=EDGE_CURVE('',#1406,#1408,#851,.T.);
#1801=EDGE_CURVE('',#1407,#1401,#852,.T.);
#1802=EDGE_CURVE('',#1408,#1404,#853,.T.);
#1803=EDGE_CURVE('',#1409,#1410,#854,.T.);
#1804=EDGE_CURVE('',#1409,#1411,#855,.T.);
#1805=EDGE_CURVE('',#1412,#1411,#856,.F.);
#1806=EDGE_CURVE('',#1410,#1412,#857,.F.);
#1807=EDGE_CURVE('',#1410,#1413,#858,.T.);
#1808=EDGE_CURVE('',#1414,#1412,#859,.F.);
#1809=EDGE_CURVE('',#1413,#1414,#860,.F.);
#1810=EDGE_CURVE('',#1413,#1415,#861,.T.);
#1811=EDGE_CURVE('',#1416,#1414,#862,.F.);
#1812=EDGE_CURVE('',#1415,#1416,#863,.F.);
#1813=EDGE_CURVE('',#1415,#1409,#864,.T.);
#1814=EDGE_CURVE('',#1411,#1416,#865,.F.);
#1815=EDGE_CURVE('',#1417,#1418,#866,.T.);
#1816=EDGE_CURVE('',#1417,#1419,#867,.T.);
#1817=EDGE_CURVE('',#1420,#1419,#868,.T.);
#1818=EDGE_CURVE('',#1418,#1420,#869,.T.);
#1819=EDGE_CURVE('',#1418,#1421,#870,.T.);
#1820=EDGE_CURVE('',#1422,#1420,#871,.T.);
#1821=EDGE_CURVE('',#1421,#1422,#872,.T.);
#1822=EDGE_CURVE('',#1421,#1423,#873,.T.);
#1823=EDGE_CURVE('',#1424,#1422,#874,.T.);
#1824=EDGE_CURVE('',#1423,#1424,#875,.T.);
#1825=EDGE_CURVE('',#1423,#1417,#876,.T.);
#1826=EDGE_CURVE('',#1419,#1424,#877,.T.);
#1827=EDGE_CURVE('',#1425,#1425,#586,.T.);
#1828=EDGE_CURVE('',#1425,#1426,#878,.T.);
#1829=EDGE_CURVE('',#1426,#1426,#587,.F.);
#1830=EDGE_CURVE('',#1427,#1427,#588,.T.);
#1831=EDGE_CURVE('',#1427,#1428,#879,.T.);
#1832=EDGE_CURVE('',#1428,#1428,#589,.T.);
#1833=EDGE_CURVE('',#1429,#1429,#590,.T.);
#1834=EDGE_CURVE('',#1429,#1430,#880,.T.);
#1835=EDGE_CURVE('',#1430,#1430,#591,.T.);
#1836=EDGE_CURVE('',#1431,#1431,#592,.T.);
#1837=EDGE_CURVE('',#1431,#1432,#881,.T.);
#1838=EDGE_CURVE('',#1432,#1432,#593,.T.);
#1839=EDGE_CURVE('',#1433,#1434,#882,.T.);
#1840=EDGE_CURVE('',#1433,#1435,#883,.T.);
#1841=EDGE_CURVE('',#1436,#1435,#884,.T.);
#1842=EDGE_CURVE('',#1434,#1436,#885,.T.);
#1843=EDGE_CURVE('',#1434,#1437,#886,.T.);
#1844=EDGE_CURVE('',#1438,#1436,#887,.T.);
#1845=EDGE_CURVE('',#1437,#1438,#888,.T.);
#1846=EDGE_CURVE('',#1437,#1439,#889,.T.);
#1847=EDGE_CURVE('',#1440,#1438,#890,.T.);
#1848=EDGE_CURVE('',#1439,#1440,#891,.T.);
#1849=EDGE_CURVE('',#1439,#1433,#892,.T.);
#1850=EDGE_CURVE('',#1435,#1440,#893,.T.);
#1851=EDGE_CURVE('',#1441,#1441,#594,.T.);
#1852=EDGE_CURVE('',#1441,#1442,#894,.T.);
#1853=EDGE_CURVE('',#1442,#1442,#595,.T.);
#1854=EDGE_CURVE('',#1443,#1443,#596,.T.);
#1855=EDGE_CURVE('',#1443,#1444,#895,.T.);
#1856=EDGE_CURVE('',#1444,#1444,#597,.T.);
#1857=EDGE_CURVE('',#1445,#1446,#896,.T.);
#1858=EDGE_CURVE('',#1445,#1447,#897,.T.);
#1859=EDGE_CURVE('',#1448,#1447,#898,.T.);
#1860=EDGE_CURVE('',#1446,#1448,#899,.T.);
#1861=EDGE_CURVE('',#1446,#1449,#900,.T.);
#1862=EDGE_CURVE('',#1450,#1448,#901,.T.);
#1863=EDGE_CURVE('',#1449,#1450,#902,.T.);
#1864=EDGE_CURVE('',#1449,#1451,#903,.T.);
#1865=EDGE_CURVE('',#1452,#1450,#904,.T.);
#1866=EDGE_CURVE('',#1451,#1452,#905,.T.);
#1867=EDGE_CURVE('',#1451,#1445,#906,.T.);
#1868=EDGE_CURVE('',#1447,#1452,#907,.T.);
#1869=ORIENTED_EDGE('',*,*,#1453,.T.);
#1870=ORIENTED_EDGE('',*,*,#1454,.T.);
#1871=ORIENTED_EDGE('',*,*,#1455,.F.);
#1872=ORIENTED_EDGE('',*,*,#1456,.F.);
#1873=ORIENTED_EDGE('',*,*,#1457,.T.);
#1874=ORIENTED_EDGE('',*,*,#1458,.T.);
#1875=ORIENTED_EDGE('',*,*,#1453,.F.);
#1876=ORIENTED_EDGE('',*,*,#1459,.F.);
#1877=ORIENTED_EDGE('',*,*,#1460,.T.);
#1878=ORIENTED_EDGE('',*,*,#1461,.T.);
#1879=ORIENTED_EDGE('',*,*,#1457,.F.);
#1880=ORIENTED_EDGE('',*,*,#1462,.F.);
#1881=ORIENTED_EDGE('',*,*,#1463,.T.);
#1882=ORIENTED_EDGE('',*,*,#1464,.T.);
#1883=ORIENTED_EDGE('',*,*,#1460,.F.);
#1884=ORIENTED_EDGE('',*,*,#1465,.F.);
#1885=ORIENTED_EDGE('',*,*,#1466,.T.);
#1886=ORIENTED_EDGE('',*,*,#1467,.T.);
#1887=ORIENTED_EDGE('',*,*,#1463,.F.);
#1888=ORIENTED_EDGE('',*,*,#1468,.F.);
#1889=ORIENTED_EDGE('',*,*,#1469,.T.);
#1890=ORIENTED_EDGE('',*,*,#1470,.T.);
#1891=ORIENTED_EDGE('',*,*,#1466,.F.);
#1892=ORIENTED_EDGE('',*,*,#1471,.F.);
#1893=ORIENTED_EDGE('',*,*,#1472,.T.);
#1894=ORIENTED_EDGE('',*,*,#1473,.T.);
#1895=ORIENTED_EDGE('',*,*,#1469,.F.);
#1896=ORIENTED_EDGE('',*,*,#1474,.F.);
#1897=ORIENTED_EDGE('',*,*,#1475,.F.);
#1898=ORIENTED_EDGE('',*,*,#1476,.F.);
#1899=ORIENTED_EDGE('',*,*,#1477,.T.);
#1900=ORIENTED_EDGE('',*,*,#1478,.T.);
#1901=ORIENTED_EDGE('',*,*,#1479,.F.);
#1902=ORIENTED_EDGE('',*,*,#1480,.F.);
#1903=ORIENTED_EDGE('',*,*,#1481,.T.);
#1904=ORIENTED_EDGE('',*,*,#1482,.T.);
#1905=ORIENTED_EDGE('',*,*,#1481,.F.);
#1906=ORIENTED_EDGE('',*,*,#1483,.F.);
#1907=ORIENTED_EDGE('',*,*,#1484,.T.);
#1908=ORIENTED_EDGE('',*,*,#1485,.T.);
#1909=ORIENTED_EDGE('',*,*,#1486,.F.);
#1910=ORIENTED_EDGE('',*,*,#1478,.F.);
#1911=ORIENTED_EDGE('',*,*,#1487,.T.);
#1912=ORIENTED_EDGE('',*,*,#1488,.T.);
#1913=ORIENTED_EDGE('',*,*,#1489,.F.);
#1914=ORIENTED_EDGE('',*,*,#1485,.F.);
#1915=ORIENTED_EDGE('',*,*,#1490,.T.);
#1916=ORIENTED_EDGE('',*,*,#1491,.T.);
#1917=ORIENTED_EDGE('',*,*,#1492,.F.);
#1918=ORIENTED_EDGE('',*,*,#1488,.F.);
#1919=ORIENTED_EDGE('',*,*,#1493,.T.);
#1920=ORIENTED_EDGE('',*,*,#1494,.T.);
#1921=ORIENTED_EDGE('',*,*,#1495,.F.);
#1922=ORIENTED_EDGE('',*,*,#1491,.F.);
#1923=ORIENTED_EDGE('',*,*,#1496,.T.);
#1924=ORIENTED_EDGE('',*,*,#1497,.T.);
#1925=ORIENTED_EDGE('',*,*,#1498,.F.);
#1926=ORIENTED_EDGE('',*,*,#1494,.F.);
#1927=ORIENTED_EDGE('',*,*,#1499,.T.);
#1928=ORIENTED_EDGE('',*,*,#1500,.F.);
#1929=ORIENTED_EDGE('',*,*,#1501,.T.);
#1930=ORIENTED_EDGE('',*,*,#1502,.F.);
#1931=ORIENTED_EDGE('',*,*,#1503,.F.);
#1932=ORIENTED_EDGE('',*,*,#1504,.F.);
#1933=ORIENTED_EDGE('',*,*,#1505,.F.);
#1934=ORIENTED_EDGE('',*,*,#1502,.T.);
#1935=ORIENTED_EDGE('',*,*,#1506,.F.);
#1936=ORIENTED_EDGE('',*,*,#1507,.F.);
#1937=ORIENTED_EDGE('',*,*,#1504,.T.);
#1938=ORIENTED_EDGE('',*,*,#1508,.F.);
#1939=ORIENTED_EDGE('',*,*,#1509,.F.);
#1940=ORIENTED_EDGE('',*,*,#1510,.F.);
#1941=ORIENTED_EDGE('',*,*,#1511,.T.);
#1942=ORIENTED_EDGE('',*,*,#1512,.T.);
#1943=ORIENTED_EDGE('',*,*,#1511,.F.);
#1944=ORIENTED_EDGE('',*,*,#1513,.T.);
#1945=ORIENTED_EDGE('',*,*,#1514,.T.);
#1946=ORIENTED_EDGE('',*,*,#1513,.F.);
#1947=ORIENTED_EDGE('',*,*,#1515,.F.);
#1948=ORIENTED_EDGE('',*,*,#1516,.T.);
#1949=ORIENTED_EDGE('',*,*,#1517,.F.);
#1950=ORIENTED_EDGE('',*,*,#1518,.F.);
#1951=ORIENTED_EDGE('',*,*,#1516,.F.);
#1952=ORIENTED_EDGE('',*,*,#1519,.F.);
#1953=ORIENTED_EDGE('',*,*,#1520,.T.);
#1954=ORIENTED_EDGE('',*,*,#1521,.F.);
#1955=ORIENTED_EDGE('',*,*,#1520,.F.);
#1956=ORIENTED_EDGE('',*,*,#1522,.F.);
#1957=ORIENTED_EDGE('',*,*,#1523,.T.);
#1958=ORIENTED_EDGE('',*,*,#1524,.T.);
#1959=ORIENTED_EDGE('',*,*,#1523,.F.);
#1960=ORIENTED_EDGE('',*,*,#1525,.T.);
#1961=ORIENTED_EDGE('',*,*,#1526,.T.);
#1962=ORIENTED_EDGE('',*,*,#1517,.T.);
#1963=ORIENTED_EDGE('',*,*,#1518,.T.);
#1964=ORIENTED_EDGE('',*,*,#1526,.F.);
#1965=ORIENTED_EDGE('',*,*,#1527,.T.);
#1966=ORIENTED_EDGE('',*,*,#1521,.T.);
#1967=ORIENTED_EDGE('',*,*,#1528,.T.);
#1968=ORIENTED_EDGE('',*,*,#1515,.T.);
#1969=ORIENTED_EDGE('',*,*,#1528,.F.);
#1970=ORIENTED_EDGE('',*,*,#1482,.F.);
#1971=ORIENTED_EDGE('',*,*,#1529,.T.);
#1972=ORIENTED_EDGE('',*,*,#1519,.T.);
#1973=ORIENTED_EDGE('',*,*,#1529,.F.);
#1974=ORIENTED_EDGE('',*,*,#1500,.T.);
#1975=ORIENTED_EDGE('',*,*,#1530,.F.);
#1976=ORIENTED_EDGE('',*,*,#1497,.F.);
#1977=ORIENTED_EDGE('',*,*,#1531,.T.);
#1978=ORIENTED_EDGE('',*,*,#1525,.F.);
#1979=ORIENTED_EDGE('',*,*,#1532,.T.);
#1980=ORIENTED_EDGE('',*,*,#1533,.T.);
#1981=ORIENTED_EDGE('',*,*,#1534,.T.);
#1982=ORIENTED_EDGE('',*,*,#1535,.F.);
#1983=ORIENTED_EDGE('',*,*,#1536,.F.);
#1984=ORIENTED_EDGE('',*,*,#1537,.T.);
#1985=ORIENTED_EDGE('',*,*,#1538,.T.);
#1986=ORIENTED_EDGE('',*,*,#1539,.F.);
#1987=ORIENTED_EDGE('',*,*,#1540,.F.);
#1988=ORIENTED_EDGE('',*,*,#1541,.T.);
#1989=ORIENTED_EDGE('',*,*,#1542,.T.);
#1990=ORIENTED_EDGE('',*,*,#1543,.F.);
#1991=ORIENTED_EDGE('',*,*,#1544,.F.);
#1992=ORIENTED_EDGE('',*,*,#1545,.T.);
#1993=ORIENTED_EDGE('',*,*,#1546,.T.);
#1994=ORIENTED_EDGE('',*,*,#1547,.F.);
#1995=ORIENTED_EDGE('',*,*,#1548,.F.);
#1996=ORIENTED_EDGE('',*,*,#1549,.T.);
#1997=ORIENTED_EDGE('',*,*,#1550,.T.);
#1998=ORIENTED_EDGE('',*,*,#1551,.F.);
#1999=ORIENTED_EDGE('',*,*,#1552,.F.);
#2000=ORIENTED_EDGE('',*,*,#1553,.T.);
#2001=ORIENTED_EDGE('',*,*,#1554,.T.);
#2002=ORIENTED_EDGE('',*,*,#1555,.F.);
#2003=ORIENTED_EDGE('',*,*,#1556,.F.);
#2004=ORIENTED_EDGE('',*,*,#1557,.T.);
#2005=ORIENTED_EDGE('',*,*,#1558,.T.);
#2006=ORIENTED_EDGE('',*,*,#1559,.F.);
#2007=ORIENTED_EDGE('',*,*,#1560,.T.);
#2008=ORIENTED_EDGE('',*,*,#1561,.T.);
#2009=ORIENTED_EDGE('',*,*,#1562,.T.);
#2010=ORIENTED_EDGE('',*,*,#1563,.F.);
#2011=ORIENTED_EDGE('',*,*,#1564,.F.);
#2012=ORIENTED_EDGE('',*,*,#1565,.T.);
#2013=ORIENTED_EDGE('',*,*,#1566,.T.);
#2014=ORIENTED_EDGE('',*,*,#1567,.F.);
#2015=ORIENTED_EDGE('',*,*,#1568,.F.);
#2016=ORIENTED_EDGE('',*,*,#1569,.T.);
#2017=ORIENTED_EDGE('',*,*,#1570,.T.);
#2018=ORIENTED_EDGE('',*,*,#1571,.F.);
#2019=ORIENTED_EDGE('',*,*,#1572,.F.);
#2020=ORIENTED_EDGE('',*,*,#1573,.T.);
#2021=ORIENTED_EDGE('',*,*,#1574,.T.);
#2022=ORIENTED_EDGE('',*,*,#1575,.F.);
#2023=ORIENTED_EDGE('',*,*,#1576,.F.);
#2024=ORIENTED_EDGE('',*,*,#1577,.T.);
#2025=ORIENTED_EDGE('',*,*,#1578,.T.);
#2026=ORIENTED_EDGE('',*,*,#1579,.F.);
#2027=ORIENTED_EDGE('',*,*,#1580,.F.);
#2028=ORIENTED_EDGE('',*,*,#1581,.T.);
#2029=ORIENTED_EDGE('',*,*,#1532,.F.);
#2030=ORIENTED_EDGE('',*,*,#1527,.F.);
#2031=ORIENTED_EDGE('',*,*,#1455,.T.);
#2032=ORIENTED_EDGE('',*,*,#1582,.T.);
#2033=ORIENTED_EDGE('',*,*,#1583,.T.);
#2034=ORIENTED_EDGE('',*,*,#1483,.T.);
#2035=ORIENTED_EDGE('',*,*,#1480,.T.);
#2036=ORIENTED_EDGE('',*,*,#1584,.T.);
#2037=ORIENTED_EDGE('',*,*,#1585,.F.);
#2038=ORIENTED_EDGE('',*,*,#1586,.T.);
#2039=ORIENTED_EDGE('',*,*,#1587,.F.);
#2040=ORIENTED_EDGE('',*,*,#1559,.T.);
#2041=ORIENTED_EDGE('',*,*,#1586,.F.);
#2042=ORIENTED_EDGE('',*,*,#1588,.T.);
#2043=ORIENTED_EDGE('',*,*,#1589,.T.);
#2044=ORIENTED_EDGE('',*,*,#1590,.T.);
#2045=ORIENTED_EDGE('',*,*,#1591,.F.);
#2046=ORIENTED_EDGE('',*,*,#1592,.T.);
#2047=ORIENTED_EDGE('',*,*,#1593,.T.);
#2048=ORIENTED_EDGE('',*,*,#1594,.F.);
#2049=ORIENTED_EDGE('',*,*,#1595,.F.);
#2050=ORIENTED_EDGE('',*,*,#1591,.T.);
#2051=ORIENTED_EDGE('',*,*,#1596,.T.);
#2052=ORIENTED_EDGE('',*,*,#1563,.T.);
#2053=ORIENTED_EDGE('',*,*,#1597,.F.);
#2054=ORIENTED_EDGE('',*,*,#1598,.T.);
#2055=ORIENTED_EDGE('',*,*,#1599,.T.);
#2056=ORIENTED_EDGE('',*,*,#1600,.F.);
#2057=ORIENTED_EDGE('',*,*,#1601,.F.);
#2058=ORIENTED_EDGE('',*,*,#1597,.T.);
#2059=ORIENTED_EDGE('',*,*,#1602,.T.);
#2060=ORIENTED_EDGE('',*,*,#1567,.T.);
#2061=ORIENTED_EDGE('',*,*,#1603,.F.);
#2062=ORIENTED_EDGE('',*,*,#1604,.T.);
#2063=ORIENTED_EDGE('',*,*,#1605,.T.);
#2064=ORIENTED_EDGE('',*,*,#1606,.F.);
#2065=ORIENTED_EDGE('',*,*,#1607,.F.);
#2066=ORIENTED_EDGE('',*,*,#1603,.T.);
#2067=ORIENTED_EDGE('',*,*,#1608,.T.);
#2068=ORIENTED_EDGE('',*,*,#1571,.T.);
#2069=ORIENTED_EDGE('',*,*,#1609,.F.);
#2070=ORIENTED_EDGE('',*,*,#1610,.T.);
#2071=ORIENTED_EDGE('',*,*,#1611,.T.);
#2072=ORIENTED_EDGE('',*,*,#1612,.F.);
#2073=ORIENTED_EDGE('',*,*,#1613,.F.);
#2074=ORIENTED_EDGE('',*,*,#1609,.T.);
#2075=ORIENTED_EDGE('',*,*,#1614,.T.);
#2076=ORIENTED_EDGE('',*,*,#1575,.T.);
#2077=ORIENTED_EDGE('',*,*,#1615,.F.);
#2078=ORIENTED_EDGE('',*,*,#1616,.T.);
#2079=ORIENTED_EDGE('',*,*,#1617,.T.);
#2080=ORIENTED_EDGE('',*,*,#1618,.F.);
#2081=ORIENTED_EDGE('',*,*,#1619,.F.);
#2082=ORIENTED_EDGE('',*,*,#1615,.T.);
#2083=ORIENTED_EDGE('',*,*,#1620,.T.);
#2084=ORIENTED_EDGE('',*,*,#1579,.T.);
#2085=ORIENTED_EDGE('',*,*,#1621,.F.);
#2086=ORIENTED_EDGE('',*,*,#1622,.T.);
#2087=ORIENTED_EDGE('',*,*,#1623,.T.);
#2088=ORIENTED_EDGE('',*,*,#1624,.F.);
#2089=ORIENTED_EDGE('',*,*,#1625,.F.);
#2090=ORIENTED_EDGE('',*,*,#1621,.T.);
#2091=ORIENTED_EDGE('',*,*,#1626,.T.);
#2092=ORIENTED_EDGE('',*,*,#1535,.T.);
#2093=ORIENTED_EDGE('',*,*,#1627,.F.);
#2094=ORIENTED_EDGE('',*,*,#1628,.T.);
#2095=ORIENTED_EDGE('',*,*,#1629,.T.);
#2096=ORIENTED_EDGE('',*,*,#1630,.F.);
#2097=ORIENTED_EDGE('',*,*,#1631,.F.);
#2098=ORIENTED_EDGE('',*,*,#1627,.T.);
#2099=ORIENTED_EDGE('',*,*,#1632,.T.);
#2100=ORIENTED_EDGE('',*,*,#1539,.T.);
#2101=ORIENTED_EDGE('',*,*,#1633,.F.);
#2102=ORIENTED_EDGE('',*,*,#1634,.T.);
#2103=ORIENTED_EDGE('',*,*,#1635,.T.);
#2104=ORIENTED_EDGE('',*,*,#1636,.F.);
#2105=ORIENTED_EDGE('',*,*,#1637,.F.);
#2106=ORIENTED_EDGE('',*,*,#1633,.T.);
#2107=ORIENTED_EDGE('',*,*,#1638,.T.);
#2108=ORIENTED_EDGE('',*,*,#1543,.T.);
#2109=ORIENTED_EDGE('',*,*,#1639,.F.);
#2110=ORIENTED_EDGE('',*,*,#1640,.T.);
#2111=ORIENTED_EDGE('',*,*,#1641,.T.);
#2112=ORIENTED_EDGE('',*,*,#1642,.F.);
#2113=ORIENTED_EDGE('',*,*,#1643,.F.);
#2114=ORIENTED_EDGE('',*,*,#1639,.T.);
#2115=ORIENTED_EDGE('',*,*,#1644,.T.);
#2116=ORIENTED_EDGE('',*,*,#1547,.T.);
#2117=ORIENTED_EDGE('',*,*,#1645,.F.);
#2118=ORIENTED_EDGE('',*,*,#1646,.F.);
#2119=ORIENTED_EDGE('',*,*,#1647,.T.);
#2120=ORIENTED_EDGE('',*,*,#1648,.T.);
#2121=ORIENTED_EDGE('',*,*,#1646,.T.);
#2122=ORIENTED_EDGE('',*,*,#1649,.T.);
#2123=ORIENTED_EDGE('',*,*,#1555,.T.);
#2124=ORIENTED_EDGE('',*,*,#1650,.F.);
#2125=ORIENTED_EDGE('',*,*,#1651,.F.);
#2126=ORIENTED_EDGE('',*,*,#1652,.T.);
#2127=ORIENTED_EDGE('',*,*,#1653,.T.);
#2128=ORIENTED_EDGE('',*,*,#1654,.F.);
#2129=ORIENTED_EDGE('',*,*,#1655,.F.);
#2130=ORIENTED_EDGE('',*,*,#1651,.T.);
#2131=ORIENTED_EDGE('',*,*,#1656,.T.);
#2132=ORIENTED_EDGE('',*,*,#1551,.T.);
#2133=ORIENTED_EDGE('',*,*,#1657,.T.);
#2134=ORIENTED_EDGE('',*,*,#1658,.F.);
#2135=ORIENTED_EDGE('',*,*,#1659,.F.);
#2136=ORIENTED_EDGE('',*,*,#1660,.T.);
#2137=ORIENTED_EDGE('',*,*,#1661,.T.);
#2138=ORIENTED_EDGE('',*,*,#1660,.F.);
#2139=ORIENTED_EDGE('',*,*,#1662,.F.);
#2140=ORIENTED_EDGE('',*,*,#1663,.T.);
#2141=ORIENTED_EDGE('',*,*,#1553,.F.);
#2142=ORIENTED_EDGE('',*,*,#1664,.T.);
#2143=ORIENTED_EDGE('',*,*,#1663,.F.);
#2144=ORIENTED_EDGE('',*,*,#1665,.F.);
#2145=ORIENTED_EDGE('',*,*,#1549,.F.);
#2146=ORIENTED_EDGE('',*,*,#1666,.T.);
#2147=ORIENTED_EDGE('',*,*,#1667,.F.);
#2148=ORIENTED_EDGE('',*,*,#1668,.F.);
#2149=ORIENTED_EDGE('',*,*,#1669,.T.);
#2150=ORIENTED_EDGE('',*,*,#1670,.F.);
#2151=ORIENTED_EDGE('',*,*,#1671,.F.);
#2152=ORIENTED_EDGE('',*,*,#1672,.T.);
#2153=ORIENTED_EDGE('',*,*,#1673,.T.);
#2154=ORIENTED_EDGE('',*,*,#1672,.F.);
#2155=ORIENTED_EDGE('',*,*,#1674,.F.);
#2156=ORIENTED_EDGE('',*,*,#1667,.T.);
#2157=ORIENTED_EDGE('',*,*,#1545,.F.);
#2158=ORIENTED_EDGE('',*,*,#1675,.T.);
#2159=ORIENTED_EDGE('',*,*,#1676,.F.);
#2160=ORIENTED_EDGE('',*,*,#1677,.F.);
#2161=ORIENTED_EDGE('',*,*,#1678,.T.);
#2162=ORIENTED_EDGE('',*,*,#1679,.F.);
#2163=ORIENTED_EDGE('',*,*,#1680,.F.);
#2164=ORIENTED_EDGE('',*,*,#1681,.T.);
#2165=ORIENTED_EDGE('',*,*,#1682,.T.);
#2166=ORIENTED_EDGE('',*,*,#1681,.F.);
#2167=ORIENTED_EDGE('',*,*,#1683,.F.);
#2168=ORIENTED_EDGE('',*,*,#1676,.T.);
#2169=ORIENTED_EDGE('',*,*,#1541,.F.);
#2170=ORIENTED_EDGE('',*,*,#1684,.T.);
#2171=ORIENTED_EDGE('',*,*,#1685,.F.);
#2172=ORIENTED_EDGE('',*,*,#1686,.F.);
#2173=ORIENTED_EDGE('',*,*,#1687,.T.);
#2174=ORIENTED_EDGE('',*,*,#1688,.F.);
#2175=ORIENTED_EDGE('',*,*,#1689,.F.);
#2176=ORIENTED_EDGE('',*,*,#1690,.T.);
#2177=ORIENTED_EDGE('',*,*,#1691,.T.);
#2178=ORIENTED_EDGE('',*,*,#1690,.F.);
#2179=ORIENTED_EDGE('',*,*,#1692,.F.);
#2180=ORIENTED_EDGE('',*,*,#1685,.T.);
#2181=ORIENTED_EDGE('',*,*,#1537,.F.);
#2182=ORIENTED_EDGE('',*,*,#1693,.T.);
#2183=ORIENTED_EDGE('',*,*,#1694,.F.);
#2184=ORIENTED_EDGE('',*,*,#1695,.F.);
#2185=ORIENTED_EDGE('',*,*,#1696,.T.);
#2186=ORIENTED_EDGE('',*,*,#1697,.F.);
#2187=ORIENTED_EDGE('',*,*,#1698,.F.);
#2188=ORIENTED_EDGE('',*,*,#1699,.T.);
#2189=ORIENTED_EDGE('',*,*,#1700,.T.);
#2190=ORIENTED_EDGE('',*,*,#1699,.F.);
#2191=ORIENTED_EDGE('',*,*,#1701,.F.);
#2192=ORIENTED_EDGE('',*,*,#1694,.T.);
#2193=ORIENTED_EDGE('',*,*,#1581,.F.);
#2194=ORIENTED_EDGE('',*,*,#1702,.T.);
#2195=ORIENTED_EDGE('',*,*,#1703,.F.);
#2196=ORIENTED_EDGE('',*,*,#1704,.F.);
#2197=ORIENTED_EDGE('',*,*,#1533,.F.);
#2198=ORIENTED_EDGE('',*,*,#1705,.T.);
#2199=ORIENTED_EDGE('',*,*,#1706,.F.);
#2200=ORIENTED_EDGE('',*,*,#1707,.F.);
#2201=ORIENTED_EDGE('',*,*,#1708,.T.);
#2202=ORIENTED_EDGE('',*,*,#1709,.T.);
#2203=ORIENTED_EDGE('',*,*,#1708,.F.);
#2204=ORIENTED_EDGE('',*,*,#1710,.F.);
#2205=ORIENTED_EDGE('',*,*,#1703,.T.);
#2206=ORIENTED_EDGE('',*,*,#1577,.F.);
#2207=ORIENTED_EDGE('',*,*,#1711,.T.);
#2208=ORIENTED_EDGE('',*,*,#1712,.F.);
#2209=ORIENTED_EDGE('',*,*,#1713,.F.);
#2210=ORIENTED_EDGE('',*,*,#1714,.T.);
#2211=ORIENTED_EDGE('',*,*,#1715,.F.);
#2212=ORIENTED_EDGE('',*,*,#1716,.F.);
#2213=ORIENTED_EDGE('',*,*,#1717,.T.);
#2214=ORIENTED_EDGE('',*,*,#1718,.T.);
#2215=ORIENTED_EDGE('',*,*,#1717,.F.);
#2216=ORIENTED_EDGE('',*,*,#1719,.F.);
#2217=ORIENTED_EDGE('',*,*,#1712,.T.);
#2218=ORIENTED_EDGE('',*,*,#1573,.F.);
#2219=ORIENTED_EDGE('',*,*,#1720,.T.);
#2220=ORIENTED_EDGE('',*,*,#1721,.F.);
#2221=ORIENTED_EDGE('',*,*,#1722,.F.);
#2222=ORIENTED_EDGE('',*,*,#1723,.T.);
#2223=ORIENTED_EDGE('',*,*,#1724,.F.);
#2224=ORIENTED_EDGE('',*,*,#1725,.F.);
#2225=ORIENTED_EDGE('',*,*,#1726,.T.);
#2226=ORIENTED_EDGE('',*,*,#1727,.T.);
#2227=ORIENTED_EDGE('',*,*,#1726,.F.);
#2228=ORIENTED_EDGE('',*,*,#1728,.F.);
#2229=ORIENTED_EDGE('',*,*,#1721,.T.);
#2230=ORIENTED_EDGE('',*,*,#1569,.F.);
#2231=ORIENTED_EDGE('',*,*,#1729,.T.);
#2232=ORIENTED_EDGE('',*,*,#1730,.F.);
#2233=ORIENTED_EDGE('',*,*,#1731,.F.);
#2234=ORIENTED_EDGE('',*,*,#1732,.T.);
#2235=ORIENTED_EDGE('',*,*,#1733,.F.);
#2236=ORIENTED_EDGE('',*,*,#1734,.F.);
#2237=ORIENTED_EDGE('',*,*,#1735,.T.);
#2238=ORIENTED_EDGE('',*,*,#1736,.T.);
#2239=ORIENTED_EDGE('',*,*,#1735,.F.);
#2240=ORIENTED_EDGE('',*,*,#1737,.F.);
#2241=ORIENTED_EDGE('',*,*,#1730,.T.);
#2242=ORIENTED_EDGE('',*,*,#1565,.F.);
#2243=ORIENTED_EDGE('',*,*,#1738,.T.);
#2244=ORIENTED_EDGE('',*,*,#1739,.F.);
#2245=ORIENTED_EDGE('',*,*,#1740,.F.);
#2246=ORIENTED_EDGE('',*,*,#1741,.T.);
#2247=ORIENTED_EDGE('',*,*,#1742,.F.);
#2248=ORIENTED_EDGE('',*,*,#1743,.F.);
#2249=ORIENTED_EDGE('',*,*,#1744,.T.);
#2250=ORIENTED_EDGE('',*,*,#1745,.T.);
#2251=ORIENTED_EDGE('',*,*,#1744,.F.);
#2252=ORIENTED_EDGE('',*,*,#1746,.F.);
#2253=ORIENTED_EDGE('',*,*,#1739,.T.);
#2254=ORIENTED_EDGE('',*,*,#1561,.F.);
#2255=ORIENTED_EDGE('',*,*,#1747,.F.);
#2256=ORIENTED_EDGE('',*,*,#1748,.F.);
#2257=ORIENTED_EDGE('',*,*,#1749,.F.);
#2258=ORIENTED_EDGE('',*,*,#1750,.T.);
#2259=ORIENTED_EDGE('',*,*,#1751,.F.);
#2260=ORIENTED_EDGE('',*,*,#1752,.F.);
#2261=ORIENTED_EDGE('',*,*,#1753,.T.);
#2262=ORIENTED_EDGE('',*,*,#1754,.T.);
#2263=ORIENTED_EDGE('',*,*,#1753,.F.);
#2264=ORIENTED_EDGE('',*,*,#1755,.F.);
#2265=ORIENTED_EDGE('',*,*,#1748,.T.);
#2266=ORIENTED_EDGE('',*,*,#1756,.T.);
#2267=ORIENTED_EDGE('',*,*,#1757,.F.);
#2268=ORIENTED_EDGE('',*,*,#1758,.F.);
#2269=ORIENTED_EDGE('',*,*,#1759,.T.);
#2270=ORIENTED_EDGE('',*,*,#1760,.T.);
#2271=ORIENTED_EDGE('',*,*,#1759,.F.);
#2272=ORIENTED_EDGE('',*,*,#1761,.F.);
#2273=ORIENTED_EDGE('',*,*,#1762,.T.);
#2274=ORIENTED_EDGE('',*,*,#1557,.F.);
#2275=ORIENTED_EDGE('',*,*,#1763,.T.);
#2276=ORIENTED_EDGE('',*,*,#1762,.F.);
#2277=ORIENTED_EDGE('',*,*,#1764,.F.);
#2278=ORIENTED_EDGE('',*,*,#1524,.F.);
#2279=ORIENTED_EDGE('',*,*,#1522,.T.);
#2280=ORIENTED_EDGE('',*,*,#1765,.T.);
#2281=ORIENTED_EDGE('',*,*,#1648,.F.);
#2282=ORIENTED_EDGE('',*,*,#1766,.F.);
#2283=ORIENTED_EDGE('',*,*,#1658,.T.);
#2284=ORIENTED_EDGE('',*,*,#1767,.T.);
#2285=ORIENTED_EDGE('',*,*,#1653,.F.);
#2286=ORIENTED_EDGE('',*,*,#1768,.F.);
#2287=ORIENTED_EDGE('',*,*,#1670,.T.);
#2288=ORIENTED_EDGE('',*,*,#1769,.T.);
#2289=ORIENTED_EDGE('',*,*,#1641,.F.);
#2290=ORIENTED_EDGE('',*,*,#1770,.F.);
#2291=ORIENTED_EDGE('',*,*,#1679,.T.);
#2292=ORIENTED_EDGE('',*,*,#1771,.T.);
#2293=ORIENTED_EDGE('',*,*,#1635,.F.);
#2294=ORIENTED_EDGE('',*,*,#1772,.F.);
#2295=ORIENTED_EDGE('',*,*,#1688,.T.);
#2296=ORIENTED_EDGE('',*,*,#1773,.T.);
#2297=ORIENTED_EDGE('',*,*,#1629,.F.);
#2298=ORIENTED_EDGE('',*,*,#1774,.F.);
#2299=ORIENTED_EDGE('',*,*,#1697,.T.);
#2300=ORIENTED_EDGE('',*,*,#1775,.T.);
#2301=ORIENTED_EDGE('',*,*,#1623,.F.);
#2302=ORIENTED_EDGE('',*,*,#1776,.F.);
#2303=ORIENTED_EDGE('',*,*,#1706,.T.);
#2304=ORIENTED_EDGE('',*,*,#1777,.T.);
#2305=ORIENTED_EDGE('',*,*,#1617,.F.);
#2306=ORIENTED_EDGE('',*,*,#1778,.F.);
#2307=ORIENTED_EDGE('',*,*,#1715,.T.);
#2308=ORIENTED_EDGE('',*,*,#1779,.T.);
#2309=ORIENTED_EDGE('',*,*,#1611,.F.);
#2310=ORIENTED_EDGE('',*,*,#1780,.F.);
#2311=ORIENTED_EDGE('',*,*,#1724,.T.);
#2312=ORIENTED_EDGE('',*,*,#1781,.T.);
#2313=ORIENTED_EDGE('',*,*,#1605,.F.);
#2314=ORIENTED_EDGE('',*,*,#1782,.F.);
#2315=ORIENTED_EDGE('',*,*,#1733,.T.);
#2316=ORIENTED_EDGE('',*,*,#1783,.T.);
#2317=ORIENTED_EDGE('',*,*,#1599,.F.);
#2318=ORIENTED_EDGE('',*,*,#1784,.F.);
#2319=ORIENTED_EDGE('',*,*,#1742,.T.);
#2320=ORIENTED_EDGE('',*,*,#1785,.T.);
#2321=ORIENTED_EDGE('',*,*,#1593,.F.);
#2322=ORIENTED_EDGE('',*,*,#1786,.F.);
#2323=ORIENTED_EDGE('',*,*,#1751,.T.);
#2324=ORIENTED_EDGE('',*,*,#1787,.T.);
#2325=ORIENTED_EDGE('',*,*,#1589,.F.);
#2326=ORIENTED_EDGE('',*,*,#1788,.F.);
#2327=ORIENTED_EDGE('',*,*,#1757,.T.);
#2328=ORIENTED_EDGE('',*,*,#1656,.F.);
#2329=ORIENTED_EDGE('',*,*,#1654,.T.);
#2330=ORIENTED_EDGE('',*,*,#1767,.F.);
#2331=ORIENTED_EDGE('',*,*,#1657,.F.);
#2332=ORIENTED_EDGE('',*,*,#1661,.F.);
#2333=ORIENTED_EDGE('',*,*,#1664,.F.);
#2334=ORIENTED_EDGE('',*,*,#1552,.T.);
#2335=ORIENTED_EDGE('',*,*,#1647,.F.);
#2336=ORIENTED_EDGE('',*,*,#1650,.T.);
#2337=ORIENTED_EDGE('',*,*,#1554,.F.);
#2338=ORIENTED_EDGE('',*,*,#1665,.T.);
#2339=ORIENTED_EDGE('',*,*,#1662,.T.);
#2340=ORIENTED_EDGE('',*,*,#1659,.T.);
#2341=ORIENTED_EDGE('',*,*,#1766,.T.);
#2342=ORIENTED_EDGE('',*,*,#1652,.F.);
#2343=ORIENTED_EDGE('',*,*,#1655,.T.);
#2344=ORIENTED_EDGE('',*,*,#1550,.F.);
#2345=ORIENTED_EDGE('',*,*,#1668,.T.);
#2346=ORIENTED_EDGE('',*,*,#1674,.T.);
#2347=ORIENTED_EDGE('',*,*,#1671,.T.);
#2348=ORIENTED_EDGE('',*,*,#1768,.T.);
#2349=ORIENTED_EDGE('',*,*,#1644,.F.);
#2350=ORIENTED_EDGE('',*,*,#1642,.T.);
#2351=ORIENTED_EDGE('',*,*,#1769,.F.);
#2352=ORIENTED_EDGE('',*,*,#1669,.F.);
#2353=ORIENTED_EDGE('',*,*,#1673,.F.);
#2354=ORIENTED_EDGE('',*,*,#1666,.F.);
#2355=ORIENTED_EDGE('',*,*,#1548,.T.);
#2356=ORIENTED_EDGE('',*,*,#1640,.F.);
#2357=ORIENTED_EDGE('',*,*,#1643,.T.);
#2358=ORIENTED_EDGE('',*,*,#1546,.F.);
#2359=ORIENTED_EDGE('',*,*,#1677,.T.);
#2360=ORIENTED_EDGE('',*,*,#1683,.T.);
#2361=ORIENTED_EDGE('',*,*,#1680,.T.);
#2362=ORIENTED_EDGE('',*,*,#1770,.T.);
#2363=ORIENTED_EDGE('',*,*,#1638,.F.);
#2364=ORIENTED_EDGE('',*,*,#1636,.T.);
#2365=ORIENTED_EDGE('',*,*,#1771,.F.);
#2366=ORIENTED_EDGE('',*,*,#1678,.F.);
#2367=ORIENTED_EDGE('',*,*,#1682,.F.);
#2368=ORIENTED_EDGE('',*,*,#1675,.F.);
#2369=ORIENTED_EDGE('',*,*,#1544,.T.);
#2370=ORIENTED_EDGE('',*,*,#1634,.F.);
#2371=ORIENTED_EDGE('',*,*,#1637,.T.);
#2372=ORIENTED_EDGE('',*,*,#1542,.F.);
#2373=ORIENTED_EDGE('',*,*,#1686,.T.);
#2374=ORIENTED_EDGE('',*,*,#1692,.T.);
#2375=ORIENTED_EDGE('',*,*,#1689,.T.);
#2376=ORIENTED_EDGE('',*,*,#1772,.T.);
#2377=ORIENTED_EDGE('',*,*,#1632,.F.);
#2378=ORIENTED_EDGE('',*,*,#1630,.T.);
#2379=ORIENTED_EDGE('',*,*,#1773,.F.);
#2380=ORIENTED_EDGE('',*,*,#1687,.F.);
#2381=ORIENTED_EDGE('',*,*,#1691,.F.);
#2382=ORIENTED_EDGE('',*,*,#1684,.F.);
#2383=ORIENTED_EDGE('',*,*,#1540,.T.);
#2384=ORIENTED_EDGE('',*,*,#1626,.F.);
#2385=ORIENTED_EDGE('',*,*,#1624,.T.);
#2386=ORIENTED_EDGE('',*,*,#1775,.F.);
#2387=ORIENTED_EDGE('',*,*,#1696,.F.);
#2388=ORIENTED_EDGE('',*,*,#1700,.F.);
#2389=ORIENTED_EDGE('',*,*,#1693,.F.);
#2390=ORIENTED_EDGE('',*,*,#1536,.T.);
#2391=ORIENTED_EDGE('',*,*,#1628,.F.);
#2392=ORIENTED_EDGE('',*,*,#1631,.T.);
#2393=ORIENTED_EDGE('',*,*,#1538,.F.);
#2394=ORIENTED_EDGE('',*,*,#1695,.T.);
#2395=ORIENTED_EDGE('',*,*,#1701,.T.);
#2396=ORIENTED_EDGE('',*,*,#1698,.T.);
#2397=ORIENTED_EDGE('',*,*,#1774,.T.);
#2398=ORIENTED_EDGE('',*,*,#1620,.F.);
#2399=ORIENTED_EDGE('',*,*,#1618,.T.);
#2400=ORIENTED_EDGE('',*,*,#1777,.F.);
#2401=ORIENTED_EDGE('',*,*,#1705,.F.);
#2402=ORIENTED_EDGE('',*,*,#1709,.F.);
#2403=ORIENTED_EDGE('',*,*,#1702,.F.);
#2404=ORIENTED_EDGE('',*,*,#1580,.T.);
#2405=ORIENTED_EDGE('',*,*,#1622,.F.);
#2406=ORIENTED_EDGE('',*,*,#1625,.T.);
#2407=ORIENTED_EDGE('',*,*,#1534,.F.);
#2408=ORIENTED_EDGE('',*,*,#1704,.T.);
#2409=ORIENTED_EDGE('',*,*,#1710,.T.);
#2410=ORIENTED_EDGE('',*,*,#1707,.T.);
#2411=ORIENTED_EDGE('',*,*,#1776,.T.);
#2412=ORIENTED_EDGE('',*,*,#1614,.F.);
#2413=ORIENTED_EDGE('',*,*,#1612,.T.);
#2414=ORIENTED_EDGE('',*,*,#1779,.F.);
#2415=ORIENTED_EDGE('',*,*,#1714,.F.);
#2416=ORIENTED_EDGE('',*,*,#1718,.F.);
#2417=ORIENTED_EDGE('',*,*,#1711,.F.);
#2418=ORIENTED_EDGE('',*,*,#1576,.T.);
#2419=ORIENTED_EDGE('',*,*,#1616,.F.);
#2420=ORIENTED_EDGE('',*,*,#1619,.T.);
#2421=ORIENTED_EDGE('',*,*,#1578,.F.);
#2422=ORIENTED_EDGE('',*,*,#1713,.T.);
#2423=ORIENTED_EDGE('',*,*,#1719,.T.);
#2424=ORIENTED_EDGE('',*,*,#1716,.T.);
#2425=ORIENTED_EDGE('',*,*,#1778,.T.);
#2426=ORIENTED_EDGE('',*,*,#1608,.F.);
#2427=ORIENTED_EDGE('',*,*,#1606,.T.);
#2428=ORIENTED_EDGE('',*,*,#1781,.F.);
#2429=ORIENTED_EDGE('',*,*,#1723,.F.);
#2430=ORIENTED_EDGE('',*,*,#1727,.F.);
#2431=ORIENTED_EDGE('',*,*,#1720,.F.);
#2432=ORIENTED_EDGE('',*,*,#1572,.T.);
#2433=ORIENTED_EDGE('',*,*,#1610,.F.);
#2434=ORIENTED_EDGE('',*,*,#1613,.T.);
#2435=ORIENTED_EDGE('',*,*,#1574,.F.);
#2436=ORIENTED_EDGE('',*,*,#1722,.T.);
#2437=ORIENTED_EDGE('',*,*,#1728,.T.);
#2438=ORIENTED_EDGE('',*,*,#1725,.T.);
#2439=ORIENTED_EDGE('',*,*,#1780,.T.);
#2440=ORIENTED_EDGE('',*,*,#1602,.F.);
#2441=ORIENTED_EDGE('',*,*,#1600,.T.);
#2442=ORIENTED_EDGE('',*,*,#1783,.F.);
#2443=ORIENTED_EDGE('',*,*,#1732,.F.);
#2444=ORIENTED_EDGE('',*,*,#1736,.F.);
#2445=ORIENTED_EDGE('',*,*,#1729,.F.);
#2446=ORIENTED_EDGE('',*,*,#1568,.T.);
#2447=ORIENTED_EDGE('',*,*,#1604,.F.);
#2448=ORIENTED_EDGE('',*,*,#1607,.T.);
#2449=ORIENTED_EDGE('',*,*,#1570,.F.);
#2450=ORIENTED_EDGE('',*,*,#1731,.T.);
#2451=ORIENTED_EDGE('',*,*,#1737,.T.);
#2452=ORIENTED_EDGE('',*,*,#1734,.T.);
#2453=ORIENTED_EDGE('',*,*,#1782,.T.);
#2454=ORIENTED_EDGE('',*,*,#1596,.F.);
#2455=ORIENTED_EDGE('',*,*,#1594,.T.);
#2456=ORIENTED_EDGE('',*,*,#1785,.F.);
#2457=ORIENTED_EDGE('',*,*,#1741,.F.);
#2458=ORIENTED_EDGE('',*,*,#1745,.F.);
#2459=ORIENTED_EDGE('',*,*,#1738,.F.);
#2460=ORIENTED_EDGE('',*,*,#1564,.T.);
#2461=ORIENTED_EDGE('',*,*,#1598,.F.);
#2462=ORIENTED_EDGE('',*,*,#1601,.T.);
#2463=ORIENTED_EDGE('',*,*,#1566,.F.);
#2464=ORIENTED_EDGE('',*,*,#1740,.T.);
#2465=ORIENTED_EDGE('',*,*,#1746,.T.);
#2466=ORIENTED_EDGE('',*,*,#1743,.T.);
#2467=ORIENTED_EDGE('',*,*,#1784,.T.);
#2468=ORIENTED_EDGE('',*,*,#1590,.F.);
#2469=ORIENTED_EDGE('',*,*,#1787,.F.);
#2470=ORIENTED_EDGE('',*,*,#1750,.F.);
#2471=ORIENTED_EDGE('',*,*,#1754,.F.);
#2472=ORIENTED_EDGE('',*,*,#1747,.T.);
#2473=ORIENTED_EDGE('',*,*,#1560,.F.);
#2474=ORIENTED_EDGE('',*,*,#1587,.T.);
#2475=ORIENTED_EDGE('',*,*,#1592,.F.);
#2476=ORIENTED_EDGE('',*,*,#1595,.T.);
#2477=ORIENTED_EDGE('',*,*,#1562,.F.);
#2478=ORIENTED_EDGE('',*,*,#1749,.T.);
#2479=ORIENTED_EDGE('',*,*,#1755,.T.);
#2480=ORIENTED_EDGE('',*,*,#1752,.T.);
#2481=ORIENTED_EDGE('',*,*,#1786,.T.);
#2482=ORIENTED_EDGE('',*,*,#1649,.F.);
#2483=ORIENTED_EDGE('',*,*,#1645,.T.);
#2484=ORIENTED_EDGE('',*,*,#1765,.F.);
#2485=ORIENTED_EDGE('',*,*,#1756,.F.);
#2486=ORIENTED_EDGE('',*,*,#1760,.F.);
#2487=ORIENTED_EDGE('',*,*,#1763,.F.);
#2488=ORIENTED_EDGE('',*,*,#1556,.T.);
#2489=ORIENTED_EDGE('',*,*,#1588,.F.);
#2490=ORIENTED_EDGE('',*,*,#1585,.T.);
#2491=ORIENTED_EDGE('',*,*,#1558,.F.);
#2492=ORIENTED_EDGE('',*,*,#1764,.T.);
#2493=ORIENTED_EDGE('',*,*,#1761,.T.);
#2494=ORIENTED_EDGE('',*,*,#1758,.T.);
#2495=ORIENTED_EDGE('',*,*,#1788,.T.);
#2496=ORIENTED_EDGE('',*,*,#1510,.T.);
#2497=ORIENTED_EDGE('',*,*,#1514,.F.);
#2498=ORIENTED_EDGE('',*,*,#1476,.T.);
#2499=ORIENTED_EDGE('',*,*,#1508,.T.);
#2500=ORIENTED_EDGE('',*,*,#1507,.T.);
#2501=ORIENTED_EDGE('',*,*,#1512,.F.);
#2502=ORIENTED_EDGE('',*,*,#1584,.F.);
#2503=ORIENTED_EDGE('',*,*,#1479,.T.);
#2504=ORIENTED_EDGE('',*,*,#1486,.T.);
#2505=ORIENTED_EDGE('',*,*,#1489,.T.);
#2506=ORIENTED_EDGE('',*,*,#1492,.T.);
#2507=ORIENTED_EDGE('',*,*,#1495,.T.);
#2508=ORIENTED_EDGE('',*,*,#1498,.T.);
#2509=ORIENTED_EDGE('',*,*,#1530,.T.);
#2510=ORIENTED_EDGE('',*,*,#1503,.T.);
#2511=ORIENTED_EDGE('',*,*,#1505,.T.);
#2512=ORIENTED_EDGE('',*,*,#1509,.T.);
#2513=ORIENTED_EDGE('',*,*,#1789,.T.);
#2514=ORIENTED_EDGE('',*,*,#1474,.T.);
#2515=ORIENTED_EDGE('',*,*,#1471,.T.);
#2516=ORIENTED_EDGE('',*,*,#1468,.T.);
#2517=ORIENTED_EDGE('',*,*,#1465,.T.);
#2518=ORIENTED_EDGE('',*,*,#1462,.T.);
#2519=ORIENTED_EDGE('',*,*,#1459,.T.);
#2520=ORIENTED_EDGE('',*,*,#1456,.T.);
#2521=ORIENTED_EDGE('',*,*,#1475,.T.);
#2522=ORIENTED_EDGE('',*,*,#1790,.T.);
#2523=ORIENTED_EDGE('',*,*,#1472,.F.);
#2524=ORIENTED_EDGE('',*,*,#1789,.F.);
#2525=ORIENTED_EDGE('',*,*,#1582,.F.);
#2526=ORIENTED_EDGE('',*,*,#1454,.F.);
#2527=ORIENTED_EDGE('',*,*,#1458,.F.);
#2528=ORIENTED_EDGE('',*,*,#1461,.F.);
#2529=ORIENTED_EDGE('',*,*,#1464,.F.);
#2530=ORIENTED_EDGE('',*,*,#1467,.F.);
#2531=ORIENTED_EDGE('',*,*,#1470,.F.);
#2532=ORIENTED_EDGE('',*,*,#1473,.F.);
#2533=ORIENTED_EDGE('',*,*,#1790,.F.);
#2534=ORIENTED_EDGE('',*,*,#1477,.F.);
#2535=ORIENTED_EDGE('',*,*,#1506,.T.);
#2536=ORIENTED_EDGE('',*,*,#1501,.F.);
#2537=ORIENTED_EDGE('',*,*,#1531,.F.);
#2538=ORIENTED_EDGE('',*,*,#1499,.F.);
#2539=ORIENTED_EDGE('',*,*,#1496,.F.);
#2540=ORIENTED_EDGE('',*,*,#1493,.F.);
#2541=ORIENTED_EDGE('',*,*,#1490,.F.);
#2542=ORIENTED_EDGE('',*,*,#1487,.F.);
#2543=ORIENTED_EDGE('',*,*,#1484,.F.);
#2544=ORIENTED_EDGE('',*,*,#1583,.F.);
#2545=ORIENTED_EDGE('',*,*,#1791,.T.);
#2546=ORIENTED_EDGE('',*,*,#1792,.T.);
#2547=ORIENTED_EDGE('',*,*,#1793,.F.);
#2548=ORIENTED_EDGE('',*,*,#1794,.F.);
#2549=ORIENTED_EDGE('',*,*,#1795,.T.);
#2550=ORIENTED_EDGE('',*,*,#1796,.T.);
#2551=ORIENTED_EDGE('',*,*,#1797,.F.);
#2552=ORIENTED_EDGE('',*,*,#1792,.F.);
#2553=ORIENTED_EDGE('',*,*,#1798,.T.);
#2554=ORIENTED_EDGE('',*,*,#1799,.T.);
#2555=ORIENTED_EDGE('',*,*,#1800,.F.);
#2556=ORIENTED_EDGE('',*,*,#1796,.F.);
#2557=ORIENTED_EDGE('',*,*,#1801,.T.);
#2558=ORIENTED_EDGE('',*,*,#1794,.T.);
#2559=ORIENTED_EDGE('',*,*,#1802,.F.);
#2560=ORIENTED_EDGE('',*,*,#1799,.F.);
#2561=ORIENTED_EDGE('',*,*,#1801,.F.);
#2562=ORIENTED_EDGE('',*,*,#1798,.F.);
#2563=ORIENTED_EDGE('',*,*,#1795,.F.);
#2564=ORIENTED_EDGE('',*,*,#1791,.F.);
#2565=ORIENTED_EDGE('',*,*,#1803,.F.);
#2566=ORIENTED_EDGE('',*,*,#1804,.T.);
#2567=ORIENTED_EDGE('',*,*,#1805,.F.);
#2568=ORIENTED_EDGE('',*,*,#1806,.F.);
#2569=ORIENTED_EDGE('',*,*,#1807,.F.);
#2570=ORIENTED_EDGE('',*,*,#1806,.T.);
#2571=ORIENTED_EDGE('',*,*,#1808,.F.);
#2572=ORIENTED_EDGE('',*,*,#1809,.F.);
#2573=ORIENTED_EDGE('',*,*,#1810,.F.);
#2574=ORIENTED_EDGE('',*,*,#1809,.T.);
#2575=ORIENTED_EDGE('',*,*,#1811,.F.);
#2576=ORIENTED_EDGE('',*,*,#1812,.F.);
#2577=ORIENTED_EDGE('',*,*,#1813,.F.);
#2578=ORIENTED_EDGE('',*,*,#1812,.T.);
#2579=ORIENTED_EDGE('',*,*,#1814,.F.);
#2580=ORIENTED_EDGE('',*,*,#1804,.F.);
#2581=ORIENTED_EDGE('',*,*,#1814,.T.);
#2582=ORIENTED_EDGE('',*,*,#1811,.T.);
#2583=ORIENTED_EDGE('',*,*,#1808,.T.);
#2584=ORIENTED_EDGE('',*,*,#1805,.T.);
#2585=ORIENTED_EDGE('',*,*,#1793,.T.);
#2586=ORIENTED_EDGE('',*,*,#1797,.T.);
#2587=ORIENTED_EDGE('',*,*,#1800,.T.);
#2588=ORIENTED_EDGE('',*,*,#1802,.T.);
#2589=ORIENTED_EDGE('',*,*,#1813,.T.);
#2590=ORIENTED_EDGE('',*,*,#1803,.T.);
#2591=ORIENTED_EDGE('',*,*,#1807,.T.);
#2592=ORIENTED_EDGE('',*,*,#1810,.T.);
#2593=ORIENTED_EDGE('',*,*,#1815,.F.);
#2594=ORIENTED_EDGE('',*,*,#1816,.T.);
#2595=ORIENTED_EDGE('',*,*,#1817,.F.);
#2596=ORIENTED_EDGE('',*,*,#1818,.F.);
#2597=ORIENTED_EDGE('',*,*,#1819,.F.);
#2598=ORIENTED_EDGE('',*,*,#1818,.T.);
#2599=ORIENTED_EDGE('',*,*,#1820,.F.);
#2600=ORIENTED_EDGE('',*,*,#1821,.F.);
#2601=ORIENTED_EDGE('',*,*,#1822,.F.);
#2602=ORIENTED_EDGE('',*,*,#1821,.T.);
#2603=ORIENTED_EDGE('',*,*,#1823,.F.);
#2604=ORIENTED_EDGE('',*,*,#1824,.F.);
#2605=ORIENTED_EDGE('',*,*,#1825,.F.);
#2606=ORIENTED_EDGE('',*,*,#1824,.T.);
#2607=ORIENTED_EDGE('',*,*,#1826,.F.);
#2608=ORIENTED_EDGE('',*,*,#1816,.F.);
#2609=ORIENTED_EDGE('',*,*,#1827,.F.);
#2610=ORIENTED_EDGE('',*,*,#1828,.T.);
#2611=ORIENTED_EDGE('',*,*,#1829,.T.);
#2612=ORIENTED_EDGE('',*,*,#1828,.F.);
#2613=ORIENTED_EDGE('',*,*,#1829,.F.);
#2614=ORIENTED_EDGE('',*,*,#1822,.T.);
#2615=ORIENTED_EDGE('',*,*,#1825,.T.);
#2616=ORIENTED_EDGE('',*,*,#1815,.T.);
#2617=ORIENTED_EDGE('',*,*,#1819,.T.);
#2618=ORIENTED_EDGE('',*,*,#1830,.F.);
#2619=ORIENTED_EDGE('',*,*,#1831,.T.);
#2620=ORIENTED_EDGE('',*,*,#1832,.T.);
#2621=ORIENTED_EDGE('',*,*,#1831,.F.);
#2622=ORIENTED_EDGE('',*,*,#1830,.T.);
#2623=ORIENTED_EDGE('',*,*,#1823,.T.);
#2624=ORIENTED_EDGE('',*,*,#1820,.T.);
#2625=ORIENTED_EDGE('',*,*,#1817,.T.);
#2626=ORIENTED_EDGE('',*,*,#1826,.T.);
#2627=ORIENTED_EDGE('',*,*,#1832,.F.);
#2628=ORIENTED_EDGE('',*,*,#1827,.T.);
#2629=ORIENTED_EDGE('',*,*,#1833,.F.);
#2630=ORIENTED_EDGE('',*,*,#1834,.T.);
#2631=ORIENTED_EDGE('',*,*,#1835,.F.);
#2632=ORIENTED_EDGE('',*,*,#1834,.F.);
#2633=ORIENTED_EDGE('',*,*,#1836,.F.);
#2634=ORIENTED_EDGE('',*,*,#1837,.T.);
#2635=ORIENTED_EDGE('',*,*,#1838,.F.);
#2636=ORIENTED_EDGE('',*,*,#1837,.F.);
#2637=ORIENTED_EDGE('',*,*,#1839,.F.);
#2638=ORIENTED_EDGE('',*,*,#1840,.T.);
#2639=ORIENTED_EDGE('',*,*,#1841,.F.);
#2640=ORIENTED_EDGE('',*,*,#1842,.F.);
#2641=ORIENTED_EDGE('',*,*,#1843,.F.);
#2642=ORIENTED_EDGE('',*,*,#1842,.T.);
#2643=ORIENTED_EDGE('',*,*,#1844,.F.);
#2644=ORIENTED_EDGE('',*,*,#1845,.F.);
#2645=ORIENTED_EDGE('',*,*,#1846,.F.);
#2646=ORIENTED_EDGE('',*,*,#1845,.T.);
#2647=ORIENTED_EDGE('',*,*,#1847,.F.);
#2648=ORIENTED_EDGE('',*,*,#1848,.F.);
#2649=ORIENTED_EDGE('',*,*,#1849,.F.);
#2650=ORIENTED_EDGE('',*,*,#1848,.T.);
#2651=ORIENTED_EDGE('',*,*,#1850,.F.);
#2652=ORIENTED_EDGE('',*,*,#1840,.F.);
#2653=ORIENTED_EDGE('',*,*,#1850,.T.);
#2654=ORIENTED_EDGE('',*,*,#1847,.T.);
#2655=ORIENTED_EDGE('',*,*,#1844,.T.);
#2656=ORIENTED_EDGE('',*,*,#1841,.T.);
#2657=ORIENTED_EDGE('',*,*,#1833,.T.);
#2658=ORIENTED_EDGE('',*,*,#1836,.T.);
#2659=ORIENTED_EDGE('',*,*,#1849,.T.);
#2660=ORIENTED_EDGE('',*,*,#1839,.T.);
#2661=ORIENTED_EDGE('',*,*,#1843,.T.);
#2662=ORIENTED_EDGE('',*,*,#1846,.T.);
#2663=ORIENTED_EDGE('',*,*,#1835,.T.);
#2664=ORIENTED_EDGE('',*,*,#1838,.T.);
#2665=ORIENTED_EDGE('',*,*,#1851,.F.);
#2666=ORIENTED_EDGE('',*,*,#1852,.T.);
#2667=ORIENTED_EDGE('',*,*,#1853,.F.);
#2668=ORIENTED_EDGE('',*,*,#1852,.F.);
#2669=ORIENTED_EDGE('',*,*,#1854,.F.);
#2670=ORIENTED_EDGE('',*,*,#1855,.T.);
#2671=ORIENTED_EDGE('',*,*,#1856,.F.);
#2672=ORIENTED_EDGE('',*,*,#1855,.F.);
#2673=ORIENTED_EDGE('',*,*,#1857,.F.);
#2674=ORIENTED_EDGE('',*,*,#1858,.T.);
#2675=ORIENTED_EDGE('',*,*,#1859,.F.);
#2676=ORIENTED_EDGE('',*,*,#1860,.F.);
#2677=ORIENTED_EDGE('',*,*,#1861,.F.);
#2678=ORIENTED_EDGE('',*,*,#1860,.T.);
#2679=ORIENTED_EDGE('',*,*,#1862,.F.);
#2680=ORIENTED_EDGE('',*,*,#1863,.F.);
#2681=ORIENTED_EDGE('',*,*,#1864,.F.);
#2682=ORIENTED_EDGE('',*,*,#1863,.T.);
#2683=ORIENTED_EDGE('',*,*,#1865,.F.);
#2684=ORIENTED_EDGE('',*,*,#1866,.F.);
#2685=ORIENTED_EDGE('',*,*,#1867,.F.);
#2686=ORIENTED_EDGE('',*,*,#1866,.T.);
#2687=ORIENTED_EDGE('',*,*,#1868,.F.);
#2688=ORIENTED_EDGE('',*,*,#1858,.F.);
#2689=ORIENTED_EDGE('',*,*,#1868,.T.);
#2690=ORIENTED_EDGE('',*,*,#1865,.T.);
#2691=ORIENTED_EDGE('',*,*,#1862,.T.);
#2692=ORIENTED_EDGE('',*,*,#1859,.T.);
#2693=ORIENTED_EDGE('',*,*,#1851,.T.);
#2694=ORIENTED_EDGE('',*,*,#1854,.T.);
#2695=ORIENTED_EDGE('',*,*,#1867,.T.);
#2696=ORIENTED_EDGE('',*,*,#1857,.T.);
#2697=ORIENTED_EDGE('',*,*,#1861,.T.);
#2698=ORIENTED_EDGE('',*,*,#1864,.T.);
#2699=ORIENTED_EDGE('',*,*,#1853,.T.);
#2700=ORIENTED_EDGE('',*,*,#1856,.T.);
#2701=CYLINDRICAL_SURFACE('',#2911,0.117524047358084);
#2702=CYLINDRICAL_SURFACE('',#2913,0.117524047358084);
#2703=CYLINDRICAL_SURFACE('',#2914,0.117524047358084);
#2704=CYLINDRICAL_SURFACE('',#2915,0.117524047358084);
#2705=CYLINDRICAL_SURFACE('',#2916,0.117524047358084);
#2706=CYLINDRICAL_SURFACE('',#2917,0.117524047358084);
#2707=CYLINDRICAL_SURFACE('',#2918,0.117524047358084);
#2708=CYLINDRICAL_SURFACE('',#2919,0.117524047358084);
#2709=CYLINDRICAL_SURFACE('',#2921,0.15);
#2710=CYLINDRICAL_SURFACE('',#2925,0.15);
#2711=CYLINDRICAL_SURFACE('',#2926,0.15);
#2712=CYLINDRICAL_SURFACE('',#2927,0.15);
#2713=CYLINDRICAL_SURFACE('',#2928,0.15);
#2714=CYLINDRICAL_SURFACE('',#2929,0.15);
#2715=CYLINDRICAL_SURFACE('',#2930,0.15);
#2716=CYLINDRICAL_SURFACE('',#2957,0.139174682452695);
#2717=CYLINDRICAL_SURFACE('',#2959,0.15);
#2718=CYLINDRICAL_SURFACE('',#2989,0.181578865331459);
#2719=CYLINDRICAL_SURFACE('',#2991,0.181578865331459);
#2720=CYLINDRICAL_SURFACE('',#2995,0.181578865331459);
#2721=CYLINDRICAL_SURFACE('',#2999,0.181578865331459);
#2722=CYLINDRICAL_SURFACE('',#3003,0.181578865331459);
#2723=CYLINDRICAL_SURFACE('',#3007,0.181578865331459);
#2724=CYLINDRICAL_SURFACE('',#3011,0.181578865331459);
#2725=CYLINDRICAL_SURFACE('',#3015,0.181578865331459);
#2726=CYLINDRICAL_SURFACE('',#3019,0.181578865331459);
#2727=CYLINDRICAL_SURFACE('',#3023,0.181578865331459);
#2728=CYLINDRICAL_SURFACE('',#3027,0.181578865331459);
#2729=CYLINDRICAL_SURFACE('',#3031,0.181578865331459);
#2730=CYLINDRICAL_SURFACE('',#3099,0.117524047358084);
#2731=CYLINDRICAL_SURFACE('',#3115,3.65);
#2732=CYLINDRICAL_SURFACE('',#3119,3.75);
#2733=CYLINDRICAL_SURFACE('',#3124,0.25);
#2734=CYLINDRICAL_SURFACE('',#3127,0.25);
#2735=CYLINDRICAL_SURFACE('',#3136,0.25);
#2736=CYLINDRICAL_SURFACE('',#3139,0.25);
#2737=ADVANCED_FACE('',(#189),#2701,.T.);
#2738=ADVANCED_FACE('',(#190),#2702,.T.);
#2739=ADVANCED_FACE('',(#191),#2703,.T.);
#2740=ADVANCED_FACE('',(#192),#2704,.T.);
#2741=ADVANCED_FACE('',(#193),#2705,.T.);
#2742=ADVANCED_FACE('',(#194),#2706,.T.);
#2743=ADVANCED_FACE('',(#195),#2707,.T.);
#2744=ADVANCED_FACE('',(#196),#2708,.T.);
#2745=ADVANCED_FACE('',(#197),#2709,.T.);
#2746=ADVANCED_FACE('',(#198),#2710,.T.);
#2747=ADVANCED_FACE('',(#199),#2711,.T.);
#2748=ADVANCED_FACE('',(#200),#2712,.T.);
#2749=ADVANCED_FACE('',(#201),#2713,.T.);
#2750=ADVANCED_FACE('',(#202),#2714,.T.);
#2751=ADVANCED_FACE('',(#203),#2715,.T.);
#2752=ADVANCED_FACE('',(#204),#159,.T.);
#2753=ADVANCED_FACE('',(#205),#160,.T.);
#2754=ADVANCED_FACE('',(#206),#161,.F.);
#2755=ADVANCED_FACE('',(#207),#162,.F.);
#2756=ADVANCED_FACE('',(#208),#156,.F.);
#2757=ADVANCED_FACE('',(#209),#157,.F.);
#2758=ADVANCED_FACE('',(#210),#158,.T.);
#2759=ADVANCED_FACE('',(#211),#163,.T.);
#2760=ADVANCED_FACE('',(#212),#2716,.T.);
#2761=ADVANCED_FACE('',(#213),#164,.T.);
#2762=ADVANCED_FACE('',(#214),#2717,.T.);
#2763=ADVANCED_FACE('',(#215),#165,.T.);
#2764=ADVANCED_FACE('',(#216),#166,.T.);
#2765=ADVANCED_FACE('',(#217),#50,.T.);
#2766=ADVANCED_FACE('',(#218),#2718,.T.);
#2767=ADVANCED_FACE('',(#219),#2719,.T.);
#2768=ADVANCED_FACE('',(#220),#51,.T.);
#2769=ADVANCED_FACE('',(#221),#2720,.T.);
#2770=ADVANCED_FACE('',(#222),#52,.T.);
#2771=ADVANCED_FACE('',(#223),#2721,.T.);
#2772=ADVANCED_FACE('',(#224),#53,.T.);
#2773=ADVANCED_FACE('',(#225),#2722,.T.);
#2774=ADVANCED_FACE('',(#226),#54,.T.);
#2775=ADVANCED_FACE('',(#227),#2723,.T.);
#2776=ADVANCED_FACE('',(#228),#55,.T.);
#2777=ADVANCED_FACE('',(#229),#2724,.T.);
#2778=ADVANCED_FACE('',(#230),#56,.T.);
#2779=ADVANCED_FACE('',(#231),#2725,.T.);
#2780=ADVANCED_FACE('',(#232),#57,.T.);
#2781=ADVANCED_FACE('',(#233),#2726,.T.);
#2782=ADVANCED_FACE('',(#234),#58,.T.);
#2783=ADVANCED_FACE('',(#235),#2727,.T.);
#2784=ADVANCED_FACE('',(#236),#59,.T.);
#2785=ADVANCED_FACE('',(#237),#2728,.T.);
#2786=ADVANCED_FACE('',(#238),#60,.T.);
#2787=ADVANCED_FACE('',(#239),#2729,.T.);
#2788=ADVANCED_FACE('',(#240),#61,.T.);
#2789=ADVANCED_FACE('',(#241),#62,.F.);
#2790=ADVANCED_FACE('',(#242),#63,.F.);
#2791=ADVANCED_FACE('',(#243),#64,.F.);
#2792=ADVANCED_FACE('',(#244),#65,.F.);
#2793=ADVANCED_FACE('',(#245),#66,.F.);
#2794=ADVANCED_FACE('',(#246),#67,.F.);
#2795=ADVANCED_FACE('',(#247),#68,.F.);
#2796=ADVANCED_FACE('',(#248),#69,.F.);
#2797=ADVANCED_FACE('',(#249),#70,.F.);
#2798=ADVANCED_FACE('',(#250),#71,.F.);
#2799=ADVANCED_FACE('',(#251),#72,.F.);
#2800=ADVANCED_FACE('',(#252),#73,.F.);
#2801=ADVANCED_FACE('',(#253),#74,.F.);
#2802=ADVANCED_FACE('',(#254),#75,.F.);
#2803=ADVANCED_FACE('',(#255),#76,.F.);
#2804=ADVANCED_FACE('',(#256),#77,.F.);
#2805=ADVANCED_FACE('',(#257),#78,.F.);
#2806=ADVANCED_FACE('',(#258),#79,.F.);
#2807=ADVANCED_FACE('',(#259),#80,.F.);
#2808=ADVANCED_FACE('',(#260),#81,.F.);
#2809=ADVANCED_FACE('',(#261),#82,.F.);
#2810=ADVANCED_FACE('',(#262),#83,.F.);
#2811=ADVANCED_FACE('',(#263),#84,.F.);
#2812=ADVANCED_FACE('',(#264),#85,.F.);
#2813=ADVANCED_FACE('',(#265),#86,.F.);
#2814=ADVANCED_FACE('',(#266),#87,.F.);
#2815=ADVANCED_FACE('',(#267),#88,.F.);
#2816=ADVANCED_FACE('',(#268),#89,.F.);
#2817=ADVANCED_FACE('',(#269),#90,.F.);
#2818=ADVANCED_FACE('',(#270),#91,.F.);
#2819=ADVANCED_FACE('',(#271),#92,.F.);
#2820=ADVANCED_FACE('',(#272),#93,.F.);
#2821=ADVANCED_FACE('',(#273),#94,.F.);
#2822=ADVANCED_FACE('',(#274),#95,.F.);
#2823=ADVANCED_FACE('',(#275),#96,.F.);
#2824=ADVANCED_FACE('',(#276),#97,.F.);
#2825=ADVANCED_FACE('',(#277),#98,.T.);
#2826=ADVANCED_FACE('',(#278,#35),#99,.T.);
#2827=ADVANCED_FACE('',(#279),#100,.T.);
#2828=ADVANCED_FACE('',(#280),#101,.F.);
#2829=ADVANCED_FACE('',(#281),#102,.F.);
#2830=ADVANCED_FACE('',(#282),#103,.T.);
#2831=ADVANCED_FACE('',(#283),#104,.F.);
#2832=ADVANCED_FACE('',(#284),#105,.T.);
#2833=ADVANCED_FACE('',(#285),#106,.F.);
#2834=ADVANCED_FACE('',(#286),#107,.T.);
#2835=ADVANCED_FACE('',(#287),#108,.T.);
#2836=ADVANCED_FACE('',(#288),#109,.F.);
#2837=ADVANCED_FACE('',(#289),#110,.T.);
#2838=ADVANCED_FACE('',(#290),#111,.F.);
#2839=ADVANCED_FACE('',(#291),#112,.T.);
#2840=ADVANCED_FACE('',(#292),#113,.F.);
#2841=ADVANCED_FACE('',(#293),#114,.T.);
#2842=ADVANCED_FACE('',(#294),#115,.F.);
#2843=ADVANCED_FACE('',(#295),#116,.T.);
#2844=ADVANCED_FACE('',(#296),#117,.F.);
#2845=ADVANCED_FACE('',(#297),#118,.T.);
#2846=ADVANCED_FACE('',(#298),#119,.F.);
#2847=ADVANCED_FACE('',(#299),#120,.F.);
#2848=ADVANCED_FACE('',(#300),#121,.F.);
#2849=ADVANCED_FACE('',(#301),#122,.T.);
#2850=ADVANCED_FACE('',(#302),#123,.F.);
#2851=ADVANCED_FACE('',(#303,#36),#124,.T.);
#2852=ADVANCED_FACE('',(#304,#37),#125,.T.);
#2853=ADVANCED_FACE('',(#305),#33,.F.);
#2854=ADVANCED_FACE('',(#306),#2730,.T.);
#2855=ADVANCED_FACE('',(#307),#34,.F.);
#2856=ADVANCED_FACE('',(#308),#126,.F.);
#2857=ADVANCED_FACE('',(#309),#127,.F.);
#2858=ADVANCED_FACE('',(#310),#128,.F.);
#2859=ADVANCED_FACE('',(#311),#129,.F.);
#2860=ADVANCED_FACE('',(#312),#130,.T.);
#2861=ADVANCED_FACE('',(#313),#131,.T.);
#2862=ADVANCED_FACE('',(#314),#132,.T.);
#2863=ADVANCED_FACE('',(#315),#133,.T.);
#2864=ADVANCED_FACE('',(#316),#134,.T.);
#2865=ADVANCED_FACE('',(#317,#38),#135,.T.);
#2866=ADVANCED_FACE('',(#318),#136,.F.);
#2867=ADVANCED_FACE('',(#319),#137,.F.);
#2868=ADVANCED_FACE('',(#320),#138,.F.);
#2869=ADVANCED_FACE('',(#321),#139,.F.);
#2870=ADVANCED_FACE('',(#322),#140,.F.);
#2871=ADVANCED_FACE('',(#323),#2731,.F.);
#2872=ADVANCED_FACE('',(#324,#39),#141,.F.);
#2873=ADVANCED_FACE('',(#325),#2732,.T.);
#2874=ADVANCED_FACE('',(#326,#40),#142,.T.);
#2875=ADVANCED_FACE('',(#327,#41),#143,.F.);
#2876=ADVANCED_FACE('',(#328),#2733,.F.);
#2877=ADVANCED_FACE('',(#329),#2734,.F.);
#2878=ADVANCED_FACE('',(#330),#144,.T.);
#2879=ADVANCED_FACE('',(#331),#145,.T.);
#2880=ADVANCED_FACE('',(#332),#146,.T.);
#2881=ADVANCED_FACE('',(#333),#147,.T.);
#2882=ADVANCED_FACE('',(#334,#42,#43),#148,.T.);
#2883=ADVANCED_FACE('',(#335,#44,#45),#149,.F.);
#2884=ADVANCED_FACE('',(#336),#2735,.F.);
#2885=ADVANCED_FACE('',(#337),#2736,.F.);
#2886=ADVANCED_FACE('',(#338),#150,.T.);
#2887=ADVANCED_FACE('',(#339),#151,.T.);
#2888=ADVANCED_FACE('',(#340),#152,.T.);
#2889=ADVANCED_FACE('',(#341),#153,.T.);
#2890=ADVANCED_FACE('',(#342,#46,#47),#154,.T.);
#2891=ADVANCED_FACE('',(#343,#48,#49),#155,.F.);
#2892=CLOSED_SHELL('',(#2737,#2738,#2739,#2740,#2741,#2742,#2743,#2744,
#2745,#2746,#2747,#2748,#2749,#2750,#2751,#2752,#2753,#2754,#2755,#2756,
#2757,#2758,#2759,#2760,#2761,#2762,#2763,#2764,#2765,#2766,#2767,#2768,
#2769,#2770,#2771,#2772,#2773,#2774,#2775,#2776,#2777,#2778,#2779,#2780,
#2781,#2782,#2783,#2784,#2785,#2786,#2787,#2788,#2789,#2790,#2791,#2792,
#2793,#2794,#2795,#2796,#2797,#2798,#2799,#2800,#2801,#2802,#2803,#2804,
#2805,#2806,#2807,#2808,#2809,#2810,#2811,#2812,#2813,#2814,#2815,#2816,
#2817,#2818,#2819,#2820,#2821,#2822,#2823,#2824,#2825,#2826,#2827,#2828,
#2829,#2830,#2831,#2832,#2833,#2834,#2835,#2836,#2837,#2838,#2839,#2840,
#2841,#2842,#2843,#2844,#2845,#2846,#2847,#2848,#2849,#2850,#2851,#2852,
#2853,#2854,#2855));
#2893=CLOSED_SHELL('',(#2856,#2857,#2858,#2859,#2860,#2861,#2862,#2863,
#2864,#2865,#2866));
#2894=CLOSED_SHELL('',(#2867,#2868,#2869,#2870,#2871,#2872,#2873,#2874,
#2875));
#2895=CLOSED_SHELL('',(#2876,#2877,#2878,#2879,#2880,#2881,#2882,#2883));
#2896=CLOSED_SHELL('',(#2884,#2885,#2886,#2887,#2888,#2889,#2890,#2891));
#2897=DERIVED_UNIT_ELEMENT(#2899,1.);
#2898=DERIVED_UNIT_ELEMENT(#6022,-3.);
#2899=(
MASS_UNIT()
NAMED_UNIT(*)
SI_UNIT(.KILO.,.GRAM.)
);
#2900=DERIVED_UNIT((#2897,#2898));
#2901=MEASURE_REPRESENTATION_ITEM('density measure',
POSITIVE_RATIO_MEASURE(7850.),#2900);
#2902=PROPERTY_DEFINITION_REPRESENTATION(#2907,#2904);
#2903=PROPERTY_DEFINITION_REPRESENTATION(#2908,#2905);
#2904=REPRESENTATION('material name',(#2906),#6019);
#2905=REPRESENTATION('density',(#2901),#6019);
#2906=DESCRIPTIVE_REPRESENTATION_ITEM('\X\C7elik','\X\C7elik');
#2907=PROPERTY_DEFINITION('material property','material name',#6035);
#2908=PROPERTY_DEFINITION('material property','density of part',#6035);
#2909=AXIS2_PLACEMENT_3D('',#3901,#3150,#3151);
#2910=AXIS2_PLACEMENT_3D('',#3902,#3152,#3153);
#2911=AXIS2_PLACEMENT_3D('',#3903,#3154,#3155);
#2912=AXIS2_PLACEMENT_3D('',#3914,#3157,#3158);
#2913=AXIS2_PLACEMENT_3D('',#3922,#3159,#3160);
#2914=AXIS2_PLACEMENT_3D('',#3952,#3162,#3163);
#2915=AXIS2_PLACEMENT_3D('',#3982,#3165,#3166);
#2916=AXIS2_PLACEMENT_3D('',#4012,#3168,#3169);
#2917=AXIS2_PLACEMENT_3D('',#4042,#3171,#3172);
#2918=AXIS2_PLACEMENT_3D('',#4072,#3174,#3175);
#2919=AXIS2_PLACEMENT_3D('',#4102,#3177,#3178);
#2920=AXIS2_PLACEMENT_3D('',#4107,#3180,#3181);
#2921=AXIS2_PLACEMENT_3D('',#4111,#3182,#3183);
#2922=AXIS2_PLACEMENT_3D('',#4127,#3185,#3186);
#2923=AXIS2_PLACEMENT_3D('',#4130,#3188,#3189);
#2924=AXIS2_PLACEMENT_3D('',#4132,#3190,#3191);
#2925=AXIS2_PLACEMENT_3D('',#4147,#3192,#3193);
#2926=AXIS2_PLACEMENT_3D('',#4223,#3195,#3196);
#2927=AXIS2_PLACEMENT_3D('',#4299,#3198,#3199);
#2928=AXIS2_PLACEMENT_3D('',#4375,#3201,#3202);
#2929=AXIS2_PLACEMENT_3D('',#4451,#3204,#3205);
#2930=AXIS2_PLACEMENT_3D('',#4529,#3207,#3208);
#2931=AXIS2_PLACEMENT_3D('',#4565,#3210,#3211);
#2932=AXIS2_PLACEMENT_3D('',#4600,#3212,#3213);
#2933=AXIS2_PLACEMENT_3D('',#4640,#3215,#3216);
#2934=AXIS2_PLACEMENT_3D('',#4641,#3217,#3218);
#2935=AXIS2_PLACEMENT_3D('',#4642,#3219,#3220);
#2936=AXIS2_PLACEMENT_3D('',#4665,#3221,#3222);
#2937=AXIS2_PLACEMENT_3D('',#4667,#3223,#3224);
#2938=AXIS2_PLACEMENT_3D('',#4670,#3226,#3227);
#2939=AXIS2_PLACEMENT_3D('',#4671,#3228,#3229);
#2940=AXIS2_PLACEMENT_3D('',#4675,#3231,#3232);
#2941=AXIS2_PLACEMENT_3D('',#4676,#3233,#3234);
#2942=AXIS2_PLACEMENT_3D('',#4678,#3235,#3236);
#2943=AXIS2_PLACEMENT_3D('',#4680,#3237,#3238);
#2944=AXIS2_PLACEMENT_3D('',#4682,#3239,#3240);
#2945=AXIS2_PLACEMENT_3D('',#4683,#3241,#3242);
#2946=AXIS2_PLACEMENT_3D('',#4684,#3243,#3244);
#2947=AXIS2_PLACEMENT_3D('',#4686,#3245,#3246);
#2948=AXIS2_PLACEMENT_3D('',#4688,#3247,#3248);
#2949=AXIS2_PLACEMENT_3D('',#4689,#3249,#3250);
#2950=AXIS2_PLACEMENT_3D('',#4690,#3251,#3252);
#2951=AXIS2_PLACEMENT_3D('',#4692,#3253,#3254);
#2952=AXIS2_PLACEMENT_3D('',#4694,#3255,#3256);
#2953=AXIS2_PLACEMENT_3D('',#4695,#3257,#3258);
#2954=AXIS2_PLACEMENT_3D('',#4696,#3259,#3260);
#2955=AXIS2_PLACEMENT_3D('',#4699,#3261,#3262);
#2956=AXIS2_PLACEMENT_3D('',#4701,#3264,#3265);
#2957=AXIS2_PLACEMENT_3D('',#4702,#3266,#3267);
#2958=AXIS2_PLACEMENT_3D('',#4704,#3269,#3270);
#2959=AXIS2_PLACEMENT_3D('',#4706,#3272,#3273);
#2960=AXIS2_PLACEMENT_3D('',#4781,#3274,#3275);
#2961=AXIS2_PLACEMENT_3D('',#4785,#3277,#3278);
#2962=AXIS2_PLACEMENT_3D('',#4791,#3279,#3280);
#2963=AXIS2_PLACEMENT_3D('',#4797,#3281,#3282);
#2964=AXIS2_PLACEMENT_3D('',#4803,#3283,#3284);
#2965=AXIS2_PLACEMENT_3D('',#4809,#3285,#3286);
#2966=AXIS2_PLACEMENT_3D('',#4815,#3287,#3288);
#2967=AXIS2_PLACEMENT_3D('',#4821,#3289,#3290);
#2968=AXIS2_PLACEMENT_3D('',#4827,#3291,#3292);
#2969=AXIS2_PLACEMENT_3D('',#4833,#3293,#3294);
#2970=AXIS2_PLACEMENT_3D('',#4839,#3295,#3296);
#2971=AXIS2_PLACEMENT_3D('',#4845,#3297,#3298);
#2972=AXIS2_PLACEMENT_3D('',#4851,#3299,#3300);
#2973=AXIS2_PLACEMENT_3D('',#4857,#3301,#3302);
#2974=AXIS2_PLACEMENT_3D('',#4863,#3303,#3304);
#2975=AXIS2_PLACEMENT_3D('',#4869,#3305,#3306);
#2976=AXIS2_PLACEMENT_3D('',#4875,#3307,#3308);
#2977=AXIS2_PLACEMENT_3D('',#4881,#3309,#3310);
#2978=AXIS2_PLACEMENT_3D('',#4887,#3311,#3312);
#2979=AXIS2_PLACEMENT_3D('',#4893,#3313,#3314);
#2980=AXIS2_PLACEMENT_3D('',#4899,#3315,#3316);
#2981=AXIS2_PLACEMENT_3D('',#4905,#3317,#3318);
#2982=AXIS2_PLACEMENT_3D('',#4911,#3319,#3320);
#2983=AXIS2_PLACEMENT_3D('',#4917,#3321,#3322);
#2984=AXIS2_PLACEMENT_3D('',#4923,#3323,#3324);
#2985=AXIS2_PLACEMENT_3D('',#4928,#3325,#3326);
#2986=AXIS2_PLACEMENT_3D('',#4929,#3327,#3328);
#2987=AXIS2_PLACEMENT_3D('',#4976,#3329,#3330);
#2988=AXIS2_PLACEMENT_3D('',#4980,#3332,#3333);
#2989=AXIS2_PLACEMENT_3D('',#4982,#3335,#3336);
#2990=AXIS2_PLACEMENT_3D('',#4986,#3338,#3339);
#2991=AXIS2_PLACEMENT_3D('',#4988,#3341,#3342);
#2992=AXIS2_PLACEMENT_3D('',#4991,#3343,#3344);
#2993=AXIS2_PLACEMENT_3D('',#4995,#3346,#3347);
#2994=AXIS2_PLACEMENT_3D('',#4997,#3349,#3350);
#2995=AXIS2_PLACEMENT_3D('',#5000,#3353,#3354);
#2996=AXIS2_PLACEMENT_3D('',#5003,#3355,#3356);
#2997=AXIS2_PLACEMENT_3D('',#5007,#3358,#3359);
#2998=AXIS2_PLACEMENT_3D('',#5009,#3361,#3362);
#2999=AXIS2_PLACEMENT_3D('',#5012,#3365,#3366);
#3000=AXIS2_PLACEMENT_3D('',#5015,#3367,#3368);
#3001=AXIS2_PLACEMENT_3D('',#5019,#3370,#3371);
#3002=AXIS2_PLACEMENT_3D('',#5021,#3373,#3374);
#3003=AXIS2_PLACEMENT_3D('',#5024,#3377,#3378);
#3004=AXIS2_PLACEMENT_3D('',#5027,#3379,#3380);
#3005=AXIS2_PLACEMENT_3D('',#5031,#3382,#3383);
#3006=AXIS2_PLACEMENT_3D('',#5033,#3385,#3386);
#3007=AXIS2_PLACEMENT_3D('',#5036,#3389,#3390);
#3008=AXIS2_PLACEMENT_3D('',#5039,#3391,#3392);
#3009=AXIS2_PLACEMENT_3D('',#5043,#3394,#3395);
#3010=AXIS2_PLACEMENT_3D('',#5045,#3397,#3398);
#3011=AXIS2_PLACEMENT_3D('',#5048,#3401,#3402);
#3012=AXIS2_PLACEMENT_3D('',#5051,#3403,#3404);
#3013=AXIS2_PLACEMENT_3D('',#5055,#3406,#3407);
#3014=AXIS2_PLACEMENT_3D('',#5057,#3409,#3410);
#3015=AXIS2_PLACEMENT_3D('',#5060,#3413,#3414);
#3016=AXIS2_PLACEMENT_3D('',#5063,#3415,#3416);
#3017=AXIS2_PLACEMENT_3D('',#5067,#3418,#3419);
#3018=AXIS2_PLACEMENT_3D('',#5069,#3421,#3422);
#3019=AXIS2_PLACEMENT_3D('',#5072,#3425,#3426);
#3020=AXIS2_PLACEMENT_3D('',#5075,#3427,#3428);
#3021=AXIS2_PLACEMENT_3D('',#5079,#3430,#3431);
#3022=AXIS2_PLACEMENT_3D('',#5081,#3433,#3434);
#3023=AXIS2_PLACEMENT_3D('',#5084,#3437,#3438);
#3024=AXIS2_PLACEMENT_3D('',#5087,#3439,#3440);
#3025=AXIS2_PLACEMENT_3D('',#5091,#3442,#3443);
#3026=AXIS2_PLACEMENT_3D('',#5093,#3445,#3446);
#3027=AXIS2_PLACEMENT_3D('',#5096,#3449,#3450);
#3028=AXIS2_PLACEMENT_3D('',#5101,#3452,#3453);
#3029=AXIS2_PLACEMENT_3D('',#5104,#3455,#3456);
#3030=AXIS2_PLACEMENT_3D('',#5105,#3457,#3458);
#3031=AXIS2_PLACEMENT_3D('',#5108,#3461,#3462);
#3032=AXIS2_PLACEMENT_3D('',#5111,#3463,#3464);
#3033=AXIS2_PLACEMENT_3D('',#5115,#3466,#3467);
#3034=AXIS2_PLACEMENT_3D('',#5117,#3469,#3470);
#3035=AXIS2_PLACEMENT_3D('',#5120,#3473,#3474);
#3036=AXIS2_PLACEMENT_3D('',#5129,#3479,#3480);
#3037=AXIS2_PLACEMENT_3D('',#5135,#3484,#3485);
#3038=AXIS2_PLACEMENT_3D('',#5138,#3488,#3489);
#3039=AXIS2_PLACEMENT_3D('',#5144,#3493,#3494);
#3040=AXIS2_PLACEMENT_3D('',#5153,#3499,#3500);
#3041=AXIS2_PLACEMENT_3D('',#5156,#3503,#3504);
#3042=AXIS2_PLACEMENT_3D('',#5162,#3508,#3509);
#3043=AXIS2_PLACEMENT_3D('',#5171,#3514,#3515);
#3044=AXIS2_PLACEMENT_3D('',#5174,#3518,#3519);
#3045=AXIS2_PLACEMENT_3D('',#5180,#3523,#3524);
#3046=AXIS2_PLACEMENT_3D('',#5189,#3529,#3530);
#3047=AXIS2_PLACEMENT_3D('',#5192,#3533,#3534);
#3048=AXIS2_PLACEMENT_3D('',#5198,#3538,#3539);
#3049=AXIS2_PLACEMENT_3D('',#5207,#3544,#3545);
#3050=AXIS2_PLACEMENT_3D('',#5210,#3548,#3549);
#3051=AXIS2_PLACEMENT_3D('',#5216,#3553,#3554);
#3052=AXIS2_PLACEMENT_3D('',#5225,#3559,#3560);
#3053=AXIS2_PLACEMENT_3D('',#5228,#3563,#3564);
#3054=AXIS2_PLACEMENT_3D('',#5234,#3568,#3569);
#3055=AXIS2_PLACEMENT_3D('',#5243,#3574,#3575);
#3056=AXIS2_PLACEMENT_3D('',#5246,#3578,#3579);
#3057=AXIS2_PLACEMENT_3D('',#5252,#3583,#3584);
#3058=AXIS2_PLACEMENT_3D('',#5261,#3589,#3590);
#3059=AXIS2_PLACEMENT_3D('',#5264,#3593,#3594);
#3060=AXIS2_PLACEMENT_3D('',#5270,#3598,#3599);
#3061=AXIS2_PLACEMENT_3D('',#5279,#3604,#3605);
#3062=AXIS2_PLACEMENT_3D('',#5282,#3608,#3609);
#3063=AXIS2_PLACEMENT_3D('',#5288,#3613,#3614);
#3064=AXIS2_PLACEMENT_3D('',#5297,#3619,#3620);
#3065=AXIS2_PLACEMENT_3D('',#5300,#3623,#3624);
#3066=AXIS2_PLACEMENT_3D('',#5306,#3628,#3629);
#3067=AXIS2_PLACEMENT_3D('',#5315,#3634,#3635);
#3068=AXIS2_PLACEMENT_3D('',#5318,#3638,#3639);
#3069=AXIS2_PLACEMENT_3D('',#5327,#3644,#3645);
#3070=AXIS2_PLACEMENT_3D('',#5333,#3649,#3650);
#3071=AXIS2_PLACEMENT_3D('',#5336,#3653,#3654);
#3072=AXIS2_PLACEMENT_3D('',#5337,#3655,#3656);
#3073=AXIS2_PLACEMENT_3D('',#5362,#3681,#3682);
#3074=AXIS2_PLACEMENT_3D('',#5363,#3683,#3684);
#3075=AXIS2_PLACEMENT_3D('',#5364,#3685,#3686);
#3076=AXIS2_PLACEMENT_3D('',#5365,#3687,#3688);
#3077=AXIS2_PLACEMENT_3D('',#5366,#3689,#3690);
#3078=AXIS2_PLACEMENT_3D('',#5367,#3691,#3692);
#3079=AXIS2_PLACEMENT_3D('',#5368,#3693,#3694);
#3080=AXIS2_PLACEMENT_3D('',#5369,#3695,#3696);
#3081=AXIS2_PLACEMENT_3D('',#5370,#3697,#3698);
#3082=AXIS2_PLACEMENT_3D('',#5371,#3699,#3700);
#3083=AXIS2_PLACEMENT_3D('',#5372,#3701,#3702);
#3084=AXIS2_PLACEMENT_3D('',#5373,#3703,#3704);
#3085=AXIS2_PLACEMENT_3D('',#5374,#3705,#3706);
#3086=AXIS2_PLACEMENT_3D('',#5375,#3707,#3708);
#3087=AXIS2_PLACEMENT_3D('',#5376,#3709,#3710);
#3088=AXIS2_PLACEMENT_3D('',#5377,#3711,#3712);
#3089=AXIS2_PLACEMENT_3D('',#5378,#3713,#3714);
#3090=AXIS2_PLACEMENT_3D('',#5379,#3715,#3716);
#3091=AXIS2_PLACEMENT_3D('',#5380,#3717,#3718);
#3092=AXIS2_PLACEMENT_3D('',#5381,#3719,#3720);
#3093=AXIS2_PLACEMENT_3D('',#5382,#3721,#3722);
#3094=AXIS2_PLACEMENT_3D('',#5383,#3723,#3724);
#3095=AXIS2_PLACEMENT_3D('',#5384,#3725,#3726);
#3096=AXIS2_PLACEMENT_3D('',#5385,#3727,#3728);
#3097=AXIS2_PLACEMENT_3D('',#5386,#3729,#3730);
#3098=AXIS2_PLACEMENT_3D('',#5387,#3731,#3732);
#3099=AXIS2_PLACEMENT_3D('',#5619,#3733,#3734);
#3100=AXIS2_PLACEMENT_3D('',#5847,#3735,#3736);
#3101=AXIS2_PLACEMENT_3D('',#5856,#3741,#3742);
#3102=AXIS2_PLACEMENT_3D('',#5862,#3746,#3747);
#3103=AXIS2_PLACEMENT_3D('',#5868,#3751,#3752);
#3104=AXIS2_PLACEMENT_3D('',#5871,#3755,#3756);
#3105=AXIS2_PLACEMENT_3D('',#5872,#3757,#3758);
#3106=AXIS2_PLACEMENT_3D('',#5881,#3763,#3764);
#3107=AXIS2_PLACEMENT_3D('',#5887,#3768,#3769);
#3108=AXIS2_PLACEMENT_3D('',#5893,#3773,#3774);
#3109=AXIS2_PLACEMENT_3D('',#5896,#3777,#3778);
#3110=AXIS2_PLACEMENT_3D('',#5897,#3779,#3780);
#3111=AXIS2_PLACEMENT_3D('',#5898,#3781,#3782);
#3112=AXIS2_PLACEMENT_3D('',#5907,#3787,#3788);
#3113=AXIS2_PLACEMENT_3D('',#5913,#3792,#3793);
#3114=AXIS2_PLACEMENT_3D('',#5919,#3797,#3798);
#3115=AXIS2_PLACEMENT_3D('',#5922,#3801,#3802);
#3116=AXIS2_PLACEMENT_3D('',#5924,#3803,#3804);
#3117=AXIS2_PLACEMENT_3D('',#5927,#3806,#3807);
#3118=AXIS2_PLACEMENT_3D('',#5928,#3808,#3809);
#3119=AXIS2_PLACEMENT_3D('',#5929,#3810,#3811);
#3120=AXIS2_PLACEMENT_3D('',#5931,#3812,#3813);
#3121=AXIS2_PLACEMENT_3D('',#5934,#3815,#3816);
#3122=AXIS2_PLACEMENT_3D('',#5935,#3817,#3818);
#3123=AXIS2_PLACEMENT_3D('',#5936,#3819,#3820);
#3124=AXIS2_PLACEMENT_3D('',#5937,#3821,#3822);
#3125=AXIS2_PLACEMENT_3D('',#5939,#3823,#3824);
#3126=AXIS2_PLACEMENT_3D('',#5942,#3826,#3827);
#3127=AXIS2_PLACEMENT_3D('',#5943,#3828,#3829);
#3128=AXIS2_PLACEMENT_3D('',#5945,#3830,#3831);
#3129=AXIS2_PLACEMENT_3D('',#5948,#3833,#3834);
#3130=AXIS2_PLACEMENT_3D('',#5949,#3835,#3836);
#3131=AXIS2_PLACEMENT_3D('',#5958,#3841,#3842);
#3132=AXIS2_PLACEMENT_3D('',#5964,#3846,#3847);
#3133=AXIS2_PLACEMENT_3D('',#5970,#3851,#3852);
#3134=AXIS2_PLACEMENT_3D('',#5973,#3855,#3856);
#3135=AXIS2_PLACEMENT_3D('',#5974,#3857,#3858);
#3136=AXIS2_PLACEMENT_3D('',#5975,#3859,#3860);
#3137=AXIS2_PLACEMENT_3D('',#5977,#3861,#3862);
#3138=AXIS2_PLACEMENT_3D('',#5980,#3864,#3865);
#3139=AXIS2_PLACEMENT_3D('',#5981,#3866,#3867);
#3140=AXIS2_PLACEMENT_3D('',#5983,#3868,#3869);
#3141=AXIS2_PLACEMENT_3D('',#5986,#3871,#3872);
#3142=AXIS2_PLACEMENT_3D('',#5987,#3873,#3874);
#3143=AXIS2_PLACEMENT_3D('',#5996,#3879,#3880);
#3144=AXIS2_PLACEMENT_3D('',#6002,#3884,#3885);
#3145=AXIS2_PLACEMENT_3D('',#6008,#3889,#3890);
#3146=AXIS2_PLACEMENT_3D('',#6011,#3893,#3894);
#3147=AXIS2_PLACEMENT_3D('',#6012,#3895,#3896);
#3148=AXIS2_PLACEMENT_3D('',#6013,#3897,#3898);
#3149=AXIS2_PLACEMENT_3D('',#6014,#3899,#3900);
#3150=DIRECTION('axis',(0.,0.,1.));
#3151=DIRECTION('refdir',(1.,0.,0.));
#3152=DIRECTION('axis',(0.,0.,1.));
#3153=DIRECTION('refdir',(1.,0.,0.));
#3154=DIRECTION('center_axis',(-1.,0.,-2.22044604925031E-16));
#3155=DIRECTION('ref_axis',(-1.04880251498848E-31,1.,4.72338661568734E-16));
#3156=DIRECTION('',(-1.,0.,-2.22044604925031E-16));
#3157=DIRECTION('center_axis',(-1.,2.48321925515248E-14,-7.99263019503358E-14));
#3158=DIRECTION('ref_axis',(7.99291937446398E-14,2.97738963587096E-14,-1.));
#3159=DIRECTION('center_axis',(-1.,0.,-2.22044604925031E-16));
#3160=DIRECTION('ref_axis',(-1.04880251498848E-31,1.,4.72338661568734E-16));
#3161=DIRECTION('',(-1.,0.,-2.22044604925031E-16));
#3162=DIRECTION('center_axis',(-1.,0.,-2.22044604925031E-16));
#3163=DIRECTION('ref_axis',(-1.04880251498848E-31,1.,4.72338661568734E-16));
#3164=DIRECTION('',(-1.,0.,-2.22044604925031E-16));
#3165=DIRECTION('center_axis',(-1.,0.,-2.22044604925031E-16));
#3166=DIRECTION('ref_axis',(-1.04880251498848E-31,1.,4.72338661568734E-16));
#3167=DIRECTION('',(-1.,0.,-2.22044604925031E-16));
#3168=DIRECTION('center_axis',(-1.,0.,-2.22044604925031E-16));
#3169=DIRECTION('ref_axis',(-1.04880251498848E-31,1.,4.72338661568734E-16));
#3170=DIRECTION('',(-1.,0.,-2.22044604925031E-16));
#3171=DIRECTION('center_axis',(-1.,0.,-2.22044604925031E-16));
#3172=DIRECTION('ref_axis',(-1.04880251498848E-31,1.,4.72338661568734E-16));
#3173=DIRECTION('',(-1.,0.,-2.22044604925031E-16));
#3174=DIRECTION('center_axis',(-1.,0.,-2.22044604925031E-16));
#3175=DIRECTION('ref_axis',(-1.04880251498848E-31,1.,4.72338661568734E-16));
#3176=DIRECTION('',(-1.,0.,-2.22044604925031E-16));
#3177=DIRECTION('center_axis',(-1.,0.,-2.22044604925031E-16));
#3178=DIRECTION('ref_axis',(-1.04880251498848E-31,1.,4.72338661568734E-16));
#3179=DIRECTION('',(-1.,0.,-2.22044604925031E-16));
#3180=DIRECTION('center_axis',(1.,-6.12323399573679E-17,2.22044604925031E-16));
#3181=DIRECTION('ref_axis',(6.12323399573679E-17,1.,1.3596310734469E-32));
#3182=DIRECTION('center_axis',(1.,-6.12323399573679E-17,2.22044604925031E-16));
#3183=DIRECTION('ref_axis',(6.12323399573679E-17,1.,1.3596310734469E-32));
#3184=DIRECTION('',(-1.,6.12323399573679E-17,-2.22044604925031E-16));
#3185=DIRECTION('center_axis',(1.,0.,2.22044604925031E-16));
#3186=DIRECTION('ref_axis',(-2.22044604925031E-16,0.,1.));
#3187=DIRECTION('',(-1.,6.12323399573679E-17,-2.22044604925031E-16));
#3188=DIRECTION('center_axis',(1.,-6.12323399573679E-17,2.22044604925031E-16));
#3189=DIRECTION('ref_axis',(6.12323399573679E-17,1.,1.3596310734469E-32));
#3190=DIRECTION('center_axis',(1.,0.,2.22044604925031E-16));
#3191=DIRECTION('ref_axis',(-2.22044604925031E-16,0.,1.));
#3192=DIRECTION('center_axis',(1.,-6.12323399573679E-17,2.22044604925031E-16));
#3193=DIRECTION('ref_axis',(6.12323399573679E-17,1.,1.3596310734469E-32));
#3194=DIRECTION('',(-1.,6.12323399573679E-17,-2.22044604925031E-16));
#3195=DIRECTION('center_axis',(1.,-6.12323399573679E-17,2.22044604925031E-16));
#3196=DIRECTION('ref_axis',(6.12323399573679E-17,1.,1.3596310734469E-32));
#3197=DIRECTION('',(-1.,6.12323399573679E-17,-2.22044604925031E-16));
#3198=DIRECTION('center_axis',(1.,-6.12323399573679E-17,2.22044604925031E-16));
#3199=DIRECTION('ref_axis',(6.12323399573679E-17,1.,1.3596310734469E-32));
#3200=DIRECTION('',(-1.,6.12323399573679E-17,-2.22044604925031E-16));
#3201=DIRECTION('center_axis',(1.,-6.12323399573679E-17,2.22044604925031E-16));
#3202=DIRECTION('ref_axis',(6.12323399573679E-17,1.,1.3596310734469E-32));
#3203=DIRECTION('',(-1.,6.12323399573679E-17,-2.22044604925031E-16));
#3204=DIRECTION('center_axis',(1.,-6.12323399573679E-17,2.22044604925031E-16));
#3205=DIRECTION('ref_axis',(6.12323399573679E-17,1.,1.3596310734469E-32));
#3206=DIRECTION('',(-1.,6.12323399573679E-17,-2.22044604925031E-16));
#3207=DIRECTION('center_axis',(1.,-6.12323399573679E-17,2.22044604925031E-16));
#3208=DIRECTION('ref_axis',(6.12323399573679E-17,1.,1.3596310734469E-32));
#3209=DIRECTION('',(-1.,6.12323399573679E-17,-2.22044604925031E-16));
#3210=DIRECTION('center_axis',(1.,-6.12323399573679E-17,2.22044604925031E-16));
#3211=DIRECTION('ref_axis',(6.12323399573679E-17,1.,1.3596310734469E-32));
#3212=DIRECTION('center_axis',(-1.,6.12323399573679E-17,-2.22044604925031E-16));
#3213=DIRECTION('ref_axis',(-6.12323399573679E-17,-1.,-1.3596310734469E-32));
#3214=DIRECTION('',(0.70710678118655,-0.707106781186545,2.43604851491927E-16));
#3215=DIRECTION('center_axis',(1.,-6.12323399573679E-17,2.22044604925031E-16));
#3216=DIRECTION('ref_axis',(6.12323399573679E-17,1.,1.3596310734469E-32));
#3217=DIRECTION('center_axis',(-1.,6.12323399573679E-17,-2.22044604925031E-16));
#3218=DIRECTION('ref_axis',(-6.12323399573679E-17,-1.,-1.3596310734469E-32));
#3219=DIRECTION('center_axis',(1.,-6.12323399573679E-17,2.22044604925031E-16));
#3220=DIRECTION('ref_axis',(6.12323399573679E-17,1.,1.3596310734469E-32));
#3221=DIRECTION('center_axis',(1.,-6.12323399573676E-17,2.22044604925031E-16));
#3222=DIRECTION('ref_axis',(6.12323399573676E-17,1.,1.35963107344689E-32));
#3223=DIRECTION('center_axis',(1.,-6.12323399573676E-17,2.22044604925031E-16));
#3224=DIRECTION('ref_axis',(6.12323399573676E-17,1.,1.35963107344689E-32));
#3225=DIRECTION('',(0.866025403784438,-0.500000000000001,1.31063928680988E-16));
#3226=DIRECTION('center_axis',(1.,-6.12323399573676E-17,2.22044604925031E-16));
#3227=DIRECTION('ref_axis',(6.12323399573676E-17,1.,1.35963107344689E-32));
#3228=DIRECTION('center_axis',(1.,-6.12323399573676E-17,2.22044604925031E-16));
#3229=DIRECTION('ref_axis',(6.12323399573676E-17,1.,1.35963107344689E-32));
#3230=DIRECTION('',(0.707106781186546,-0.707106781186549,7.04136402448277E-17));
#3231=DIRECTION('center_axis',(1.,-6.12323399573676E-17,2.22044604925031E-16));
#3232=DIRECTION('ref_axis',(6.12323399573676E-17,1.,1.35963107344689E-32));
#3233=DIRECTION('center_axis',(1.,-6.12323399573679E-17,2.22044604925031E-16));
#3234=DIRECTION('ref_axis',(0.,1.,0.));
#3235=DIRECTION('center_axis',(1.,-6.12323399573679E-17,2.22044604925031E-16));
#3236=DIRECTION('ref_axis',(6.12323399573679E-17,1.,1.3596310734469E-32));
#3237=DIRECTION('center_axis',(-2.22044604925031E-16,0.,1.));
#3238=DIRECTION('ref_axis',(0.,-1.,0.));
#3239=DIRECTION('center_axis',(-1.,6.12323399573679E-17,-2.22044604925031E-16));
#3240=DIRECTION('ref_axis',(-6.12323399573679E-17,-1.,-1.3596310734469E-32));
#3241=DIRECTION('center_axis',(-1.,6.12323399573679E-17,-2.22044604925031E-16));
#3242=DIRECTION('ref_axis',(-6.12323399573679E-17,-1.,-1.3596310734469E-32));
#3243=DIRECTION('center_axis',(1.,-6.12323399573679E-17,2.22044604925031E-16));
#3244=DIRECTION('ref_axis',(0.,1.,0.));
#3245=DIRECTION('center_axis',(1.,-6.12323399573679E-17,2.22044604925031E-16));
#3246=DIRECTION('ref_axis',(6.12323399573679E-17,1.,1.3596310734469E-32));
#3247=DIRECTION('center_axis',(-2.22044604925031E-16,0.,1.));
#3248=DIRECTION('ref_axis',(0.,-1.,0.));
#3249=DIRECTION('center_axis',(-1.,6.12323399573679E-17,-2.22044604925031E-16));
#3250=DIRECTION('ref_axis',(6.12323399573679E-17,1.,1.3596310734469E-32));
#3251=DIRECTION('center_axis',(1.,-6.12323399573679E-17,2.22044604925031E-16));
#3252=DIRECTION('ref_axis',(0.,1.,0.));
#3253=DIRECTION('center_axis',(1.,-6.12323399573679E-17,2.22044604925031E-16));
#3254=DIRECTION('ref_axis',(6.12323399573679E-17,1.,1.3596310734469E-32));
#3255=DIRECTION('center_axis',(2.22044604925031E-16,0.,-1.));
#3256=DIRECTION('ref_axis',(0.,-1.,0.));
#3257=DIRECTION('center_axis',(1.,-6.12323399573679E-17,2.22044604925031E-16));
#3258=DIRECTION('ref_axis',(6.12323399573679E-17,1.,1.3596310734469E-32));
#3259=DIRECTION('center_axis',(-1.,6.12323399573679E-17,-2.22044604925031E-16));
#3260=DIRECTION('ref_axis',(-6.12323399573679E-17,-1.,-1.3596310734469E-32));
#3261=DIRECTION('center_axis',(1.,-6.12323399573679E-17,2.22044604925031E-16));
#3262=DIRECTION('ref_axis',(6.12323399573679E-17,1.,1.3596310734469E-32));
#3263=DIRECTION('',(0.499999999999967,-0.866025403784457,2.17079826335001E-16));
#3264=DIRECTION('center_axis',(1.,-6.12323399573679E-17,2.22044604925031E-16));
#3265=DIRECTION('ref_axis',(6.12323399573679E-17,1.,1.3596310734469E-32));
#3266=DIRECTION('center_axis',(1.,-6.12323399573679E-17,2.22044604925031E-16));
#3267=DIRECTION('ref_axis',(6.12323399573679E-17,1.,1.3596310734469E-32));
#3268=DIRECTION('',(-1.,6.12323399573679E-17,-2.22044604925031E-16));
#3269=DIRECTION('center_axis',(1.,-6.12323399573679E-17,2.22044604925031E-16));
#3270=DIRECTION('ref_axis',(6.12323399573679E-17,1.,1.3596310734469E-32));
#3271=DIRECTION('',(-0.499999999999998,0.86602540378444,-4.96477859002448E-18));
#3272=DIRECTION('center_axis',(1.,-6.12323399573679E-17,2.22044604925031E-16));
#3273=DIRECTION('ref_axis',(6.12323399573679E-17,1.,1.3596310734469E-32));
#3274=DIRECTION('center_axis',(1.,-6.12323399573679E-17,2.22044604925031E-16));
#3275=DIRECTION('ref_axis',(6.12323399573679E-17,1.,1.3596310734469E-32));
#3276=DIRECTION('',(-0.992507777421915,0.122181470596037,-2.05418082634615E-16));
#3277=DIRECTION('center_axis',(1.,-8.20357802112238E-18,1.91428434946347E-16));
#3278=DIRECTION('ref_axis',(-1.91428434946347E-16,-2.51162139128079E-34,
1.));
#3279=DIRECTION('center_axis',(-1.,6.12323399573676E-17,-2.22044604925031E-16));
#3280=DIRECTION('ref_axis',(6.12323399573676E-17,1.,1.35963107344689E-32));
#3281=DIRECTION('center_axis',(1.,-8.20357802112238E-18,1.91428434946347E-16));
#3282=DIRECTION('ref_axis',(-1.91428434946347E-16,1.77635683940025E-15,
1.));
#3283=DIRECTION('center_axis',(-1.,6.12323399573676E-17,-2.22044604925031E-16));
#3284=DIRECTION('ref_axis',(6.12323399573684E-17,1.,-3.5527136788005E-15));
#3285=DIRECTION('center_axis',(1.,-8.20357802112238E-18,1.91428434946347E-16));
#3286=DIRECTION('ref_axis',(-1.91428434946347E-16,5.32907051820075E-15,
1.));
#3287=DIRECTION('center_axis',(-1.,6.12323399573676E-17,-2.22044604925031E-16));
#3288=DIRECTION('ref_axis',(6.12323399573676E-17,1.,1.35963107344689E-32));
#3289=DIRECTION('center_axis',(1.,-8.20357802112238E-18,1.91428434946347E-16));
#3290=DIRECTION('ref_axis',(-1.91428434946347E-16,7.105427357601E-15,1.));
#3291=DIRECTION('center_axis',(-1.,6.12323399573676E-17,-2.22044604925031E-16));
#3292=DIRECTION('ref_axis',(6.12323399573676E-17,1.,1.35963107344689E-32));
#3293=DIRECTION('center_axis',(1.,-8.20357802112238E-18,1.91428434946347E-16));
#3294=DIRECTION('ref_axis',(-1.91428434946347E-16,-2.51162139128079E-34,
1.));
#3295=DIRECTION('center_axis',(-1.,6.12323399573676E-17,-2.22044604925031E-16));
#3296=DIRECTION('ref_axis',(6.12323399573676E-17,1.,1.35963107344689E-32));
#3297=DIRECTION('center_axis',(1.,-8.20357802112238E-18,1.91428434946347E-16));
#3298=DIRECTION('ref_axis',(-1.91428434946347E-16,-2.51162139128079E-34,
1.));
#3299=DIRECTION('center_axis',(-1.,6.12323399573676E-17,-2.22044604925031E-16));
#3300=DIRECTION('ref_axis',(6.12323399573676E-17,1.,1.35963107344689E-32));
#3301=DIRECTION('center_axis',(1.,0.,2.22044604925031E-16));
#3302=DIRECTION('ref_axis',(-2.22044604925031E-16,0.,1.));
#3303=DIRECTION('center_axis',(-1.,6.12323399573676E-17,-2.22044604925031E-16));
#3304=DIRECTION('ref_axis',(6.12323399573694E-17,1.,-7.99360577730113E-15));
#3305=DIRECTION('center_axis',(1.,-8.20357802112238E-18,1.91428434946347E-16));
#3306=DIRECTION('ref_axis',(-1.91428434946347E-16,2.66453525910038E-15,
1.));
#3307=DIRECTION('center_axis',(-1.,6.12323399573676E-17,-2.22044604925031E-16));
#3308=DIRECTION('ref_axis',(6.12323399573672E-17,1.,1.77635683940025E-15));
#3309=DIRECTION('center_axis',(1.,-8.20357802112238E-18,1.91428434946347E-16));
#3310=DIRECTION('ref_axis',(-1.91428434946347E-16,1.77635683940025E-15,
1.));
#3311=DIRECTION('center_axis',(-1.,6.12323399573676E-17,-2.22044604925031E-16));
#3312=DIRECTION('ref_axis',(6.12323399573668E-17,1.,3.5527136788005E-15));
#3313=DIRECTION('center_axis',(1.,-8.20357802112238E-18,1.91428434946347E-16));
#3314=DIRECTION('ref_axis',(-1.91428434946347E-16,-2.51162139128079E-34,
1.));
#3315=DIRECTION('center_axis',(-1.,6.12323399573676E-17,-2.22044604925031E-16));
#3316=DIRECTION('ref_axis',(6.12323399573662E-17,1.,6.21724893790088E-15));
#3317=DIRECTION('center_axis',(1.,-8.20357802112238E-18,1.91428434946347E-16));
#3318=DIRECTION('ref_axis',(-1.91428434946347E-16,-2.51162139128079E-34,
1.));
#3319=DIRECTION('center_axis',(-1.,6.12323399573676E-17,-2.22044604925031E-16));
#3320=DIRECTION('ref_axis',(6.1232339957369E-17,1.,-6.21724893790088E-15));
#3321=DIRECTION('center_axis',(1.,-8.20357802112238E-18,1.91428434946347E-16));
#3322=DIRECTION('ref_axis',(-1.91428434946347E-16,8.88178419700125E-16,
1.));
#3323=DIRECTION('center_axis',(-1.,6.12323399573676E-17,-2.22044604925031E-16));
#3324=DIRECTION('ref_axis',(6.12323399573676E-17,1.,1.35963107344689E-32));
#3325=DIRECTION('center_axis',(1.,-8.20357802112238E-18,1.91428434946347E-16));
#3326=DIRECTION('ref_axis',(-1.91428434946347E-16,-2.51162139128079E-34,
1.));
#3327=DIRECTION('center_axis',(-1.,0.,-2.22044604925031E-16));
#3328=DIRECTION('ref_axis',(-2.10543757380236E-16,0.317659694286122,0.948204787282815));
#3329=DIRECTION('center_axis',(1.,-6.12323399573676E-17,2.22044604925031E-16));
#3330=DIRECTION('ref_axis',(6.12323399573676E-17,1.,1.35963107344689E-32));
#3331=DIRECTION('',(-6.12323399573676E-17,-1.,-1.35963107344689E-32));
#3332=DIRECTION('center_axis',(1.,-6.12323399573676E-17,2.22044604925031E-16));
#3333=DIRECTION('ref_axis',(6.12323399573676E-17,1.,1.35963107344689E-32));
#3334=DIRECTION('',(-5.7993540526269E-17,0.866025403784442,0.499999999999995));
#3335=DIRECTION('center_axis',(-1.,6.12323399573676E-17,-2.22044604925031E-16));
#3336=DIRECTION('ref_axis',(-6.12323399573676E-17,-1.,-1.35963107344689E-32));
#3337=DIRECTION('',(-1.,6.12323399573676E-17,-2.22044604925031E-16));
#3338=DIRECTION('center_axis',(1.,-6.12323399573676E-17,2.22044604925031E-16));
#3339=DIRECTION('ref_axis',(6.12323399573676E-17,1.,1.35963107344689E-32));
#3340=DIRECTION('',(1.,-6.12323399573676E-17,2.22044604925031E-16));
#3341=DIRECTION('center_axis',(-1.,6.12323399573676E-17,-2.22044604925031E-16));
#3342=DIRECTION('ref_axis',(-6.12323399573676E-17,-1.,-1.35963107344689E-32));
#3343=DIRECTION('center_axis',(1.,-6.12323399573676E-17,2.22044604925031E-16));
#3344=DIRECTION('ref_axis',(6.12323399573676E-17,1.,1.35963107344689E-32));
#3345=DIRECTION('',(-1.,6.12323399573676E-17,-2.22044604925031E-16));
#3346=DIRECTION('center_axis',(1.,-6.12323399573676E-17,2.22044604925031E-16));
#3347=DIRECTION('ref_axis',(6.12323399573676E-17,1.,1.35963107344689E-32));
#3348=DIRECTION('',(-1.,6.12323399573676E-17,-2.22044604925031E-16));
#3349=DIRECTION('center_axis',(1.,-6.12323399573676E-17,2.22044604925031E-16));
#3350=DIRECTION('ref_axis',(6.12323399573676E-17,1.,1.35963107344689E-32));
#3351=DIRECTION('',(5.79935405262675E-17,-0.866025403784445,-0.499999999999989));
#3352=DIRECTION('',(1.61680098659671E-16,-0.50000000000001,-0.866025403784433));
#3353=DIRECTION('center_axis',(-1.,6.12323399573676E-17,-2.22044604925031E-16));
#3354=DIRECTION('ref_axis',(-6.12323399573676E-17,-1.,-1.35963107344689E-32));
#3355=DIRECTION('center_axis',(1.,-6.12323399573676E-17,2.22044604925031E-16));
#3356=DIRECTION('ref_axis',(6.12323399573676E-17,1.,1.35963107344689E-32));
#3357=DIRECTION('',(-1.,6.12323399573676E-17,-2.22044604925031E-16));
#3358=DIRECTION('center_axis',(1.,-6.12323399573676E-17,2.22044604925031E-16));
#3359=DIRECTION('ref_axis',(6.12323399573676E-17,1.,1.35963107344689E-32));
#3360=DIRECTION('',(-1.,6.12323399573676E-17,-2.22044604925031E-16));
#3361=DIRECTION('center_axis',(1.,-6.12323399573676E-17,2.22044604925031E-16));
#3362=DIRECTION('ref_axis',(6.12323399573676E-17,1.,1.35963107344689E-32));
#3363=DIRECTION('',(1.61680098659671E-16,-0.50000000000001,-0.866025403784433));
#3364=DIRECTION('',(2.22044604925031E-16,-1.04744440165294E-14,-1.));
#3365=DIRECTION('center_axis',(-1.,6.12323399573676E-17,-2.22044604925031E-16));
#3366=DIRECTION('ref_axis',(-6.12323399573676E-17,-1.,-1.35963107344689E-32));
#3367=DIRECTION('center_axis',(1.,-6.12323399573676E-17,2.22044604925031E-16));
#3368=DIRECTION('ref_axis',(6.12323399573676E-17,1.,1.35963107344689E-32));
#3369=DIRECTION('',(-1.,6.12323399573676E-17,-2.22044604925031E-16));
#3370=DIRECTION('center_axis',(1.,-6.12323399573676E-17,2.22044604925031E-16));
#3371=DIRECTION('ref_axis',(6.12323399573676E-17,1.,1.35963107344689E-32));
#3372=DIRECTION('',(-1.,6.12323399573676E-17,-2.22044604925031E-16));
#3373=DIRECTION('center_axis',(1.,-6.12323399573676E-17,2.22044604925031E-16));
#3374=DIRECTION('ref_axis',(6.12323399573676E-17,1.,1.35963107344689E-32));
#3375=DIRECTION('',(2.22044604925031E-16,-1.04744440165294E-14,-1.));
#3376=DIRECTION('',(2.22912438617041E-16,0.499999999999992,-0.866025403784443));
#3377=DIRECTION('center_axis',(-1.,6.12323399573676E-17,-2.22044604925031E-16));
#3378=DIRECTION('ref_axis',(-6.12323399573676E-17,-1.,-1.35963107344689E-32));
#3379=DIRECTION('center_axis',(1.,-6.12323399573676E-17,2.22044604925031E-16));
#3380=DIRECTION('ref_axis',(6.12323399573676E-17,1.,1.35963107344689E-32));
#3381=DIRECTION('',(-1.,6.12323399573676E-17,-2.22044604925031E-16));
#3382=DIRECTION('center_axis',(1.,-6.12323399573676E-17,2.22044604925031E-16));
#3383=DIRECTION('ref_axis',(6.12323399573676E-17,1.,1.35963107344689E-32));
#3384=DIRECTION('',(-1.,6.12323399573676E-17,-2.22044604925031E-16));
#3385=DIRECTION('center_axis',(1.,-6.12323399573676E-17,2.22044604925031E-16));
#3386=DIRECTION('ref_axis',(6.12323399573676E-17,1.,1.35963107344689E-32));
#3387=DIRECTION('',(2.22912438617041E-16,0.499999999999992,-0.866025403784443));
#3388=DIRECTION('',(1.64051064398762E-16,0.866025403784434,-0.500000000000007));
#3389=DIRECTION('center_axis',(-1.,6.12323399573676E-17,-2.22044604925031E-16));
#3390=DIRECTION('ref_axis',(-6.12323399573676E-17,-1.,-1.35963107344689E-32));
#3391=DIRECTION('center_axis',(1.,-6.12323399573676E-17,2.22044604925031E-16));
#3392=DIRECTION('ref_axis',(6.12323399573676E-17,1.,1.35963107344689E-32));
#3393=DIRECTION('',(-1.,6.12323399573676E-17,-2.22044604925031E-16));
#3394=DIRECTION('center_axis',(1.,-6.12323399573676E-17,2.22044604925031E-16));
#3395=DIRECTION('ref_axis',(6.12323399573676E-17,1.,1.35963107344689E-32));
#3396=DIRECTION('',(-1.,6.12323399573676E-17,-2.22044604925031E-16));
#3397=DIRECTION('center_axis',(1.,-6.12323399573676E-17,2.22044604925031E-16));
#3398=DIRECTION('ref_axis',(6.12323399573676E-17,1.,1.35963107344689E-32));
#3399=DIRECTION('',(1.64051064398762E-16,0.866025403784434,-0.500000000000007));
#3400=DIRECTION('',(6.12323399573676E-17,1.,1.35963107344689E-32));
#3401=DIRECTION('center_axis',(-1.,6.12323399573676E-17,-2.22044604925031E-16));
#3402=DIRECTION('ref_axis',(-6.12323399573676E-17,-1.,-1.35963107344689E-32));
#3403=DIRECTION('center_axis',(1.,-6.12323399573676E-17,2.22044604925031E-16));
#3404=DIRECTION('ref_axis',(6.12323399573676E-17,1.,1.35963107344689E-32));
#3405=DIRECTION('',(-1.,6.12323399573676E-17,-2.22044604925031E-16));
#3406=DIRECTION('center_axis',(1.,-6.12323399573676E-17,2.22044604925031E-16));
#3407=DIRECTION('ref_axis',(6.12323399573676E-17,1.,1.35963107344689E-32));
#3408=DIRECTION('',(-1.,6.12323399573676E-17,-2.22044604925031E-16));
#3409=DIRECTION('center_axis',(1.,-6.12323399573676E-17,2.22044604925031E-16));
#3410=DIRECTION('ref_axis',(6.12323399573676E-17,1.,1.35963107344689E-32));
#3411=DIRECTION('',(6.12323399573676E-17,1.,1.35963107344689E-32));
#3412=DIRECTION('',(-5.7993540526269E-17,0.866025403784442,0.499999999999995));
#3413=DIRECTION('center_axis',(-1.,6.12323399573676E-17,-2.22044604925031E-16));
#3414=DIRECTION('ref_axis',(-6.12323399573676E-17,-1.,-1.35963107344689E-32));
#3415=DIRECTION('center_axis',(1.,-6.12323399573676E-17,2.22044604925031E-16));
#3416=DIRECTION('ref_axis',(6.12323399573676E-17,1.,1.35963107344689E-32));
#3417=DIRECTION('',(-1.,6.12323399573676E-17,-2.22044604925031E-16));
#3418=DIRECTION('center_axis',(1.,-6.12323399573676E-17,2.22044604925031E-16));
#3419=DIRECTION('ref_axis',(6.12323399573676E-17,1.,1.35963107344689E-32));
#3420=DIRECTION('',(-1.,6.12323399573676E-17,-2.22044604925031E-16));
#3421=DIRECTION('center_axis',(1.,-6.12323399573676E-17,2.22044604925031E-16));
#3422=DIRECTION('ref_axis',(6.12323399573676E-17,1.,1.35963107344689E-32));
#3423=DIRECTION('',(-5.7993540526269E-17,0.866025403784442,0.499999999999995));
#3424=DIRECTION('',(-1.61680098659672E-16,0.500000000000004,0.866025403784436));
#3425=DIRECTION('center_axis',(-1.,6.12323399573676E-17,-2.22044604925031E-16));
#3426=DIRECTION('ref_axis',(-6.12323399573676E-17,-1.,-1.35963107344689E-32));
#3427=DIRECTION('center_axis',(1.,-6.12323399573676E-17,2.22044604925031E-16));
#3428=DIRECTION('ref_axis',(6.12323399573676E-17,1.,1.35963107344689E-32));
#3429=DIRECTION('',(-1.,6.12323399573676E-17,-2.22044604925031E-16));
#3430=DIRECTION('center_axis',(1.,-6.12323399573676E-17,2.22044604925031E-16));
#3431=DIRECTION('ref_axis',(6.12323399573676E-17,1.,1.35963107344689E-32));
#3432=DIRECTION('',(-1.,6.12323399573676E-17,-2.22044604925031E-16));
#3433=DIRECTION('center_axis',(1.,-6.12323399573676E-17,2.22044604925031E-16));
#3434=DIRECTION('ref_axis',(6.12323399573676E-17,1.,1.35963107344689E-32));
#3435=DIRECTION('',(-1.61680098659672E-16,0.500000000000004,0.866025403784436));
#3436=DIRECTION('',(-2.22044604925031E-16,3.49148133884313E-15,1.));
#3437=DIRECTION('center_axis',(-1.,6.12323399573676E-17,-2.22044604925031E-16));
#3438=DIRECTION('ref_axis',(-6.12323399573676E-17,-1.,-1.35963107344689E-32));
#3439=DIRECTION('center_axis',(1.,-6.12323399573676E-17,2.22044604925031E-16));
#3440=DIRECTION('ref_axis',(6.12323399573676E-17,1.,1.35963107344689E-32));
#3441=DIRECTION('',(-1.,6.12323399573676E-17,-2.22044604925031E-16));
#3442=DIRECTION('center_axis',(1.,-6.12323399573676E-17,2.22044604925031E-16));
#3443=DIRECTION('ref_axis',(6.12323399573676E-17,1.,1.35963107344689E-32));
#3444=DIRECTION('',(-1.,6.12323399573676E-17,-2.22044604925031E-16));
#3445=DIRECTION('center_axis',(1.,-6.12323399573676E-17,2.22044604925031E-16));
#3446=DIRECTION('ref_axis',(6.12323399573676E-17,1.,1.35963107344689E-32));
#3447=DIRECTION('',(-2.22044604925031E-16,3.49148133884313E-15,1.));
#3448=DIRECTION('',(-2.2291243861704E-16,-0.499999999999998,0.86602540378444));
#3449=DIRECTION('center_axis',(-1.,6.12323399573676E-17,-2.22044604925031E-16));
#3450=DIRECTION('ref_axis',(-6.12323399573676E-17,-1.,-1.35963107344689E-32));
#3451=DIRECTION('',(-1.,6.12323399573676E-17,-2.22044604925031E-16));
#3452=DIRECTION('center_axis',(1.,-6.12323399573676E-17,2.22044604925031E-16));
#3453=DIRECTION('ref_axis',(6.12323399573676E-17,1.,1.35963107344689E-32));
#3454=DIRECTION('',(-1.,6.12323399573676E-17,-2.22044604925031E-16));
#3455=DIRECTION('center_axis',(1.,-6.12323399573676E-17,2.22044604925031E-16));
#3456=DIRECTION('ref_axis',(6.12323399573676E-17,1.,1.35963107344689E-32));
#3457=DIRECTION('center_axis',(1.,-6.12323399573676E-17,2.22044604925031E-16));
#3458=DIRECTION('ref_axis',(6.12323399573676E-17,1.,1.35963107344689E-32));
#3459=DIRECTION('',(-6.12323399573676E-17,-1.,-1.35963107344689E-32));
#3460=DIRECTION('',(-1.64051064398761E-16,-0.866025403784438,0.500000000000001));
#3461=DIRECTION('center_axis',(-1.,6.12323399573676E-17,-2.22044604925031E-16));
#3462=DIRECTION('ref_axis',(-6.12323399573676E-17,-1.,-1.35963107344689E-32));
#3463=DIRECTION('center_axis',(1.,-6.12323399573676E-17,2.22044604925031E-16));
#3464=DIRECTION('ref_axis',(6.12323399573676E-17,1.,1.35963107344689E-32));
#3465=DIRECTION('',(-1.,6.12323399573676E-17,-2.22044604925031E-16));
#3466=DIRECTION('center_axis',(1.,-6.12323399573676E-17,2.22044604925031E-16));
#3467=DIRECTION('ref_axis',(6.12323399573676E-17,1.,1.35963107344689E-32));
#3468=DIRECTION('',(-1.,6.12323399573676E-17,-2.22044604925031E-16));
#3469=DIRECTION('center_axis',(1.,-6.12323399573676E-17,2.22044604925031E-16));
#3470=DIRECTION('ref_axis',(6.12323399573676E-17,1.,1.35963107344689E-32));
#3471=DIRECTION('',(-2.2291243861704E-16,-0.499999999999998,0.86602540378444));
#3472=DIRECTION('',(-1.64051064398761E-16,-0.866025403784438,0.500000000000001));
#3473=DIRECTION('center_axis',(1.92102533086487E-15,-0.866025403784438,
0.500000000000001));
#3474=DIRECTION('ref_axis',(-1.92296268638356E-16,0.500000000000001,0.866025403784438));
#3475=DIRECTION('',(-1.,-1.74449678717222E-15,8.20493592706787E-16));
#3476=DIRECTION('',(1.61680098659672E-16,-0.500000000000001,-0.866025403784438));
#3477=DIRECTION('',(-1.,-1.74449678717222E-15,8.20493592706787E-16));
#3478=DIRECTION('',(1.61680098659672E-16,-0.500000000000001,-0.866025403784438));
#3479=DIRECTION('center_axis',(-0.492573248113632,-0.75367678512217,0.435135494772257));
#3480=DIRECTION('ref_axis',(0.837079184568635,-0.547081747787211,2.13624492444139E-16));
#3481=DIRECTION('',(-0.870270989544513,0.426580946091021,-0.246286624056817));
#3482=DIRECTION('',(-0.870270989544513,0.426580946091021,-0.246286624056817));
#3483=DIRECTION('',(1.61680098659672E-16,-0.500000000000001,-0.866025403784438));
#3484=DIRECTION('center_axis',(-1.,8.20357802112238E-18,-1.91428434946347E-16));
#3485=DIRECTION('ref_axis',(-1.91428434946347E-16,0.,1.));
#3486=DIRECTION('',(1.02818724441393E-16,0.866025403784438,-0.500000000000001));
#3487=DIRECTION('',(1.02818724441394E-16,0.866025403784438,-0.500000000000001));
#3488=DIRECTION('center_axis',(-1.,8.20357802112238E-18,-1.91428434946347E-16));
#3489=DIRECTION('ref_axis',(-1.91428434946347E-16,0.,1.));
#3490=DIRECTION('',(1.61680098659673E-16,0.499999999999998,-0.86602540378444));
#3491=DIRECTION('',(5.79935405262696E-17,-0.86602540378444,-0.499999999999998));
#3492=DIRECTION('',(1.61680098659673E-16,0.499999999999998,-0.86602540378444));
#3493=DIRECTION('center_axis',(1.86216395664659E-15,-0.499999999999998,
0.86602540378444));
#3494=DIRECTION('ref_axis',(-1.11022302462515E-16,0.86602540378444,0.499999999999998));
#3495=DIRECTION('',(-1.,-9.81305857674444E-16,1.58368452220456E-15));
#3496=DIRECTION('',(5.79935405262696E-17,-0.86602540378444,-0.499999999999998));
#3497=DIRECTION('',(-1.,-9.81305857674444E-16,1.58368452220456E-15));
#3498=DIRECTION('',(5.79935405262696E-17,-0.86602540378444,-0.499999999999998));
#3499=DIRECTION('center_axis',(-0.492573248113632,-0.435135494772255,0.753676785122171));
#3500=DIRECTION('ref_axis',(0.837079184568635,0.,0.547081747787211));
#3501=DIRECTION('',(-0.870270989544513,0.246286624056815,-0.426580946091022));
#3502=DIRECTION('',(-0.870270989544513,0.246286624056815,-0.426580946091022));
#3503=DIRECTION('center_axis',(-1.,8.20357802112238E-18,-1.91428434946347E-16));
#3504=DIRECTION('ref_axis',(-1.91428434946347E-16,0.,1.));
#3505=DIRECTION('',(1.60812264967663E-16,-3.49148133884313E-15,-1.));
#3506=DIRECTION('',(-6.12323399573687E-17,-1.,3.49148133884313E-15));
#3507=DIRECTION('',(1.60812264967663E-16,-3.49148133884313E-15,-1.));
#3508=DIRECTION('center_axis',(1.8630317903386E-15,3.49148133884313E-15,
1.));
#3509=DIRECTION('ref_axis',(7.75264594486543E-31,1.,-3.49148133884313E-15));
#3510=DIRECTION('',(-1.,6.12323399573752E-17,1.8630317903386E-15));
#3511=DIRECTION('',(-6.12323399573687E-17,-1.,3.49148133884313E-15));
#3512=DIRECTION('',(-1.,6.12323399573752E-17,1.8630317903386E-15));
#3513=DIRECTION('',(-6.12323399573687E-17,-1.,3.49148133884313E-15));
#3514=DIRECTION('center_axis',(-0.492573248113632,3.06869633231361E-15,
0.870270989544513));
#3515=DIRECTION('ref_axis',(0.870270989544513,-1.97215226305253E-31,0.492573248113632));
#3516=DIRECTION('',(-0.870270989544513,-1.66652157471527E-15,-0.492573248113632));
#3517=DIRECTION('',(-0.870270989544513,-1.66652157471527E-15,-0.492573248113632));
#3518=DIRECTION('center_axis',(-1.,8.20357802112238E-18,-1.91428434946347E-16));
#3519=DIRECTION('ref_axis',(-1.91428434946347E-16,0.,1.));
#3520=DIRECTION('',(1.00447758702304E-16,-0.500000000000004,-0.866025403784436));
#3521=DIRECTION('',(-1.64051064398762E-16,-0.866025403784436,0.500000000000004));
#3522=DIRECTION('',(1.00447758702304E-16,-0.500000000000004,-0.866025403784436));
#3523=DIRECTION('center_axis',(1.92339629660396E-15,0.500000000000004,0.866025403784436));
#3524=DIRECTION('ref_axis',(1.11022302462517E-16,0.866025403784436,-0.500000000000004));
#3525=DIRECTION('',(-1.,1.10377053758919E-15,1.58368452220455E-15));
#3526=DIRECTION('',(-1.64051064398762E-16,-0.866025403784436,0.500000000000004));
#3527=DIRECTION('',(-1.,1.10377053758919E-15,1.58368452220455E-15));
#3528=DIRECTION('',(-1.64051064398762E-16,-0.866025403784436,0.500000000000004));
#3529=DIRECTION('center_axis',(-0.492573248113632,0.43513549477226,0.753676785122168));
#3530=DIRECTION('ref_axis',(0.837079184568634,0.,0.547081747787212));
#3531=DIRECTION('',(-0.870270989544513,-0.246286624056818,-0.42658094609102));
#3532=DIRECTION('',(-0.870270989544513,-0.246286624056818,-0.42658094609102));
#3533=DIRECTION('center_axis',(-1.,8.20357802112238E-18,-1.91428434946347E-16));
#3534=DIRECTION('ref_axis',(-1.91428434946347E-16,0.,1.));
#3535=DIRECTION('',(-3.23879943109911E-18,-0.866025403784442,-0.499999999999995));
#3536=DIRECTION('',(-2.22912438617041E-16,-0.499999999999995,0.866025403784442));
#3537=DIRECTION('',(-3.23879943109911E-18,-0.866025403784442,-0.499999999999995));
#3538=DIRECTION('center_axis',(2.02708285473736E-15,0.866025403784442,0.499999999999995));
#3539=DIRECTION('ref_axis',(1.92296268638357E-16,0.499999999999995,-0.866025403784442));
#3540=DIRECTION('',(-1.,1.86696146708696E-15,8.20493592706774E-16));
#3541=DIRECTION('',(-2.22912438617041E-16,-0.499999999999995,0.866025403784442));
#3542=DIRECTION('',(-1.,1.86696146708696E-15,8.20493592706774E-16));
#3543=DIRECTION('',(-2.22912438617041E-16,-0.499999999999995,0.866025403784442));
#3544=DIRECTION('center_axis',(-0.492573248113632,0.753676785122173,0.435135494772252));
#3545=DIRECTION('ref_axis',(-0.837079184568636,-0.54708174778721,-1.8586891682851E-16));
#3546=DIRECTION('',(-0.870270989544513,-0.426580946091022,-0.246286624056814));
#3547=DIRECTION('',(-0.870270989544513,-0.426580946091022,-0.246286624056814));
#3548=DIRECTION('center_axis',(-1.,8.20357802112238E-18,-1.91428434946347E-16));
#3549=DIRECTION('ref_axis',(-1.91428434946347E-16,0.,1.));
#3550=DIRECTION('',(-1.22464679914736E-16,-1.,-2.71926214689379E-32));
#3551=DIRECTION('',(-2.22044604925031E-16,0.,1.));
#3552=DIRECTION('',(-1.22464679914736E-16,-1.,-2.71926214689379E-32));
#3553=DIRECTION('center_axis',(2.146308735221E-15,1.,4.7657627515929E-31));
#3554=DIRECTION('ref_axis',(-1.,2.146308735221E-15,-2.22044604925031E-16));
#3555=DIRECTION('',(-1.,2.146308735221E-15,-2.22044604925031E-16));
#3556=DIRECTION('',(-2.22044604925031E-16,0.,1.));
#3557=DIRECTION('',(-1.,2.146308735221E-15,-2.22044604925031E-16));
#3558=DIRECTION('',(-2.22044604925031E-16,0.,1.));
#3559=DIRECTION('center_axis',(-0.492573248113632,0.870270989544513,-1.09373232274031E-16));
#3560=DIRECTION('ref_axis',(-0.870270989544513,-0.492573248113632,-1.93238978051127E-16));
#3561=DIRECTION('',(-0.870270989544513,-0.492573248113632,-1.93238978051127E-16));
#3562=DIRECTION('',(-0.870270989544513,-0.492573248113632,-1.93238978051127E-16));
#3563=DIRECTION('center_axis',(-1.,8.20357802112238E-18,-1.91428434946347E-16));
#3564=DIRECTION('ref_axis',(-1.91428434946347E-16,0.,1.));
#3565=DIRECTION('',(-2.2528340435613E-16,-0.866025403784434,0.500000000000007));
#3566=DIRECTION('',(-1.61680098659671E-16,0.500000000000007,0.866025403784434));
#3567=DIRECTION('',(-2.2528340435613E-16,-0.866025403784434,0.500000000000007));
#3568=DIRECTION('center_axis',(2.24912745966239E-15,0.866025403784435,-0.500000000000007));
#3569=DIRECTION('ref_axis',(1.92296268638355E-16,-0.500000000000007,-0.866025403784435));
#3570=DIRECTION('',(-1.,1.86696146708695E-15,-1.26458280255686E-15));
#3571=DIRECTION('',(-1.61680098659671E-16,0.500000000000007,0.866025403784434));
#3572=DIRECTION('',(-1.,1.86696146708695E-15,-1.26458280255686E-15));
#3573=DIRECTION('',(-1.61680098659671E-16,0.500000000000007,0.866025403784434));
#3574=DIRECTION('center_axis',(-0.492573248113632,0.753676785122167,-0.435135494772263));
#3575=DIRECTION('ref_axis',(-0.837079184568634,-0.547081747787213,-1.8586891682851E-16));
#3576=DIRECTION('',(-0.870270989544513,-0.426580946091019,0.246286624056819));
#3577=DIRECTION('',(-0.870270989544513,-0.426580946091019,0.246286624056819));
#3578=DIRECTION('center_axis',(-1.,8.20357802112238E-18,-1.91428434946347E-16));
#3579=DIRECTION('ref_axis',(-1.91428434946347E-16,0.,1.));
#3580=DIRECTION('',(-2.84144778574409E-16,-0.499999999999992,0.866025403784443));
#3581=DIRECTION('',(-5.7993540526268E-17,0.866025403784443,0.499999999999992));
#3582=DIRECTION('',(-2.84144778574409E-16,-0.499999999999992,0.866025403784443));
#3583=DIRECTION('center_axis',(2.30798883388067E-15,0.499999999999992,-0.866025403784443));
#3584=DIRECTION('ref_axis',(1.11022302462514E-16,-0.866025403784443,-0.499999999999992));
#3585=DIRECTION('',(-1.,1.10377053758917E-15,-2.02777373205463E-15));
#3586=DIRECTION('',(-5.7993540526268E-17,0.866025403784443,0.499999999999992));
#3587=DIRECTION('',(-1.,1.10377053758917E-15,-2.02777373205463E-15));
#3588=DIRECTION('',(-5.7993540526268E-17,0.866025403784443,0.499999999999992));
#3589=DIRECTION('center_axis',(-0.492573248113632,0.43513549477225,-0.753676785122174));
#3590=DIRECTION('ref_axis',(-0.837079184568636,0.,0.547081747787209));
#3591=DIRECTION('',(-0.870270989544513,-0.246286624056812,0.426580946091023));
#3592=DIRECTION('',(-0.870270989544513,-0.246286624056812,0.426580946091023));
#3593=DIRECTION('center_axis',(-1.,8.20357802112238E-18,-1.91428434946347E-16));
#3594=DIRECTION('ref_axis',(-1.91428434946347E-16,0.,1.));
#3595=DIRECTION('',(-2.83276944882398E-16,1.04744440165294E-14,1.));
#3596=DIRECTION('',(6.12323399573702E-17,1.,-1.04744440165294E-14));
#3597=DIRECTION('',(-2.83276944882398E-16,1.04744440165294E-14,1.));
#3598=DIRECTION('center_axis',(2.30712100018866E-15,-1.04744440165294E-14,
-1.));
#3599=DIRECTION('ref_axis',(-2.32579378345963E-30,-1.,1.04744440165294E-14));
#3600=DIRECTION('',(-1.,6.12323399573461E-17,-2.30712100018866E-15));
#3601=DIRECTION('',(6.12323399573702E-17,1.,-1.04744440165294E-14));
#3602=DIRECTION('',(-1.,6.12323399573461E-17,-2.30712100018866E-15));
#3603=DIRECTION('',(6.12323399573702E-17,1.,-1.04744440165294E-14));
#3604=DIRECTION('center_axis',(-0.492573248113632,-9.08544334661125E-15,
-0.870270989544513));
#3605=DIRECTION('ref_axis',(-0.870270989544513,-7.88860905221012E-31,0.492573248113632));
#3606=DIRECTION('',(-0.870270989544513,5.21271964049311E-15,0.492573248113632));
#3607=DIRECTION('',(-0.870270989544513,5.21271964049311E-15,0.492573248113632));
#3608=DIRECTION('center_axis',(-1.,8.20357802112238E-18,-1.91428434946347E-16));
#3609=DIRECTION('ref_axis',(-1.91428434946347E-16,0.,1.));
#3610=DIRECTION('',(-2.22912438617038E-16,0.50000000000001,0.866025403784433));
#3611=DIRECTION('',(1.64051064398763E-16,0.866025403784433,-0.50000000000001));
#3612=DIRECTION('',(-2.22912438617038E-16,0.50000000000001,0.866025403784433));
#3613=DIRECTION('center_axis',(2.2467564939233E-15,-0.50000000000001,-0.866025403784433));
#3614=DIRECTION('ref_axis',(-1.11022302462518E-16,-0.866025403784433,0.50000000000001));
#3615=DIRECTION('',(-1.,-9.81305857674469E-16,-2.02777373205461E-15));
#3616=DIRECTION('',(1.64051064398763E-16,0.866025403784433,-0.50000000000001));
#3617=DIRECTION('',(-1.,-9.81305857674469E-16,-2.02777373205461E-15));
#3618=DIRECTION('',(1.64051064398763E-16,0.866025403784433,-0.50000000000001));
#3619=DIRECTION('center_axis',(-0.492573248113632,-0.435135494772265,-0.753676785122165));
#3620=DIRECTION('ref_axis',(-0.837079184568633,0.,0.547081747787213));
#3621=DIRECTION('',(-0.870270989544513,0.246286624056821,0.426580946091018));
#3622=DIRECTION('',(-0.870270989544513,0.246286624056821,0.426580946091018));
#3623=DIRECTION('center_axis',(-1.,8.20357802112238E-18,-1.91428434946347E-16));
#3624=DIRECTION('ref_axis',(-1.91428434946347E-16,0.,1.));
#3625=DIRECTION('',(-3.23879943109911E-18,-0.866025403784442,-0.499999999999995));
#3626=DIRECTION('',(2.22912438617041E-16,0.499999999999989,-0.866025403784445));
#3627=DIRECTION('',(-1.19225880483635E-16,0.866025403784445,0.499999999999989));
#3628=DIRECTION('center_axis',(2.1430699357899E-15,-0.866025403784445,-0.499999999999989));
#3629=DIRECTION('ref_axis',(-1.92296268638358E-16,-0.499999999999989,0.866025403784445));
#3630=DIRECTION('',(-1.,-1.74449678717223E-15,-1.26458280255682E-15));
#3631=DIRECTION('',(2.22912438617041E-16,0.499999999999989,-0.866025403784445));
#3632=DIRECTION('',(-1.,-1.74449678717223E-15,-1.26458280255682E-15));
#3633=DIRECTION('',(2.22912438617041E-16,0.499999999999989,-0.866025403784445));
#3634=DIRECTION('center_axis',(-0.492573248113632,-0.753676785122176,-0.435135494772247));
#3635=DIRECTION('ref_axis',(0.837079184568637,-0.547081747787208,1.58113341212881E-16));
#3636=DIRECTION('',(-0.870270989544513,0.426580946091024,0.24628662405681));
#3637=DIRECTION('',(-0.870270989544513,0.426580946091024,0.24628662405681));
#3638=DIRECTION('center_axis',(2.02384405530626E-15,-1.,4.49383653690353E-31));
#3639=DIRECTION('ref_axis',(1.,2.02384405530626E-15,2.22044604925031E-16));
#3640=DIRECTION('',(-1.,-2.02384405530626E-15,-2.22044604925031E-16));
#3641=DIRECTION('',(2.22044604925031E-16,0.,-1.));
#3642=DIRECTION('',(-1.,-2.02384405530626E-15,-2.22044604925031E-16));
#3643=DIRECTION('',(2.22044604925031E-16,0.,-1.));
#3644=DIRECTION('center_axis',(-0.492573248113632,-0.870270989544513,-1.09373232274031E-16));
#3645=DIRECTION('ref_axis',(0.870270989544513,-0.492573248113632,1.93238978051127E-16));
#3646=DIRECTION('',(-0.870270989544513,0.492573248113632,-1.93238978051127E-16));
#3647=DIRECTION('',(-0.870270989544513,0.492573248113632,-1.93238978051127E-16));
#3648=DIRECTION('',(2.22044604925031E-16,0.,-1.));
#3649=DIRECTION('center_axis',(-1.,0.,-2.22044604925031E-16));
#3650=DIRECTION('ref_axis',(-2.22044604925031E-16,0.,1.));
#3651=DIRECTION('',(0.,1.,0.));
#3652=DIRECTION('',(0.,1.,0.));
#3653=DIRECTION('center_axis',(-1.,6.12323399573679E-17,-2.22044604925031E-16));
#3654=DIRECTION('ref_axis',(-6.12323399573679E-17,-1.,-1.3596310734469E-32));
#3655=DIRECTION('center_axis',(1.,-6.12323399573679E-17,2.22044604925031E-16));
#3656=DIRECTION('ref_axis',(6.12323399573679E-17,1.,1.3596310734469E-32));
#3657=DIRECTION('',(0.,-1.,0.));
#3658=DIRECTION('',(-1.02818724441393E-16,-0.866025403784438,0.500000000000001));
#3659=DIRECTION('',(-1.02818724441393E-16,-0.866025403784438,0.500000000000001));
#3660=DIRECTION('',(-1.61680098659673E-16,-0.499999999999998,0.86602540378444));
#3661=DIRECTION('',(-1.61680098659673E-16,-0.499999999999998,0.86602540378444));
#3662=DIRECTION('',(-1.60812264967663E-16,3.49148133884313E-15,1.));
#3663=DIRECTION('',(-1.60812264967663E-16,3.49148133884313E-15,1.));
#3664=DIRECTION('',(-1.00447758702304E-16,0.500000000000004,0.866025403784436));
#3665=DIRECTION('',(-1.00447758702304E-16,0.500000000000004,0.866025403784436));
#3666=DIRECTION('',(3.23879943109911E-18,0.866025403784442,0.499999999999995));
#3667=DIRECTION('',(3.23879943109911E-18,0.866025403784442,0.499999999999995));
#3668=DIRECTION('',(1.22464679914736E-16,1.,2.71926214689379E-32));
#3669=DIRECTION('',(1.22464679914736E-16,1.,2.71926214689379E-32));
#3670=DIRECTION('',(2.2528340435613E-16,0.866025403784434,-0.500000000000007));
#3671=DIRECTION('',(2.2528340435613E-16,0.866025403784434,-0.500000000000007));
#3672=DIRECTION('',(2.84144778574409E-16,0.499999999999992,-0.866025403784443));
#3673=DIRECTION('',(2.84144778574409E-16,0.499999999999992,-0.866025403784443));
#3674=DIRECTION('',(2.83276944882398E-16,-1.04744440165294E-14,-1.));
#3675=DIRECTION('',(2.83276944882398E-16,-1.04744440165294E-14,-1.));
#3676=DIRECTION('',(2.22912438617038E-16,-0.50000000000001,-0.866025403784433));
#3677=DIRECTION('',(2.22912438617038E-16,-0.50000000000001,-0.866025403784433));
#3678=DIRECTION('',(1.19225880483635E-16,-0.866025403784445,-0.499999999999989));
#3679=DIRECTION('',(5.79935405262688E-17,-0.866025403784442,-0.499999999999995));
#3680=DIRECTION('',(0.,-1.,0.));
#3681=DIRECTION('center_axis',(1.61680098659672E-16,-0.500000000000001,
-0.866025403784438));
#3682=DIRECTION('ref_axis',(-1.,8.20357802112238E-18,-1.91428434946347E-16));
#3683=DIRECTION('center_axis',(1.61680098659672E-16,-0.500000000000001,
-0.866025403784438));
#3684=DIRECTION('ref_axis',(-1.,8.20357802112238E-18,-1.91428434946347E-16));
#3685=DIRECTION('center_axis',(5.79935405262696E-17,-0.86602540378444,-0.499999999999998));
#3686=DIRECTION('ref_axis',(-1.,3.06161699786841E-17,-1.69015842988786E-16));
#3687=DIRECTION('center_axis',(5.79935405262696E-17,-0.86602540378444,-0.499999999999998));
#3688=DIRECTION('ref_axis',(-1.,3.06161699786841E-17,-1.69015842988786E-16));
#3689=DIRECTION('center_axis',(-6.12323399573687E-17,-1.,3.49148133884313E-15));
#3690=DIRECTION('ref_axis',(-1.,6.12323399573681E-17,-1.60812264967663E-16));
#3691=DIRECTION('center_axis',(-6.12323399573687E-17,-1.,3.49148133884313E-15));
#3692=DIRECTION('ref_axis',(-1.,6.12323399573681E-17,-1.60812264967663E-16));
#3693=DIRECTION('center_axis',(-1.64051064398762E-16,-0.866025403784436,
0.500000000000004));
#3694=DIRECTION('ref_axis',(-1.,9.18485099360521E-17,-1.69015842988786E-16));
#3695=DIRECTION('center_axis',(-1.64051064398762E-16,-0.866025403784436,
0.500000000000004));
#3696=DIRECTION('ref_axis',(-1.,9.18485099360521E-17,-1.69015842988786E-16));
#3697=DIRECTION('center_axis',(-2.22912438617041E-16,-0.499999999999995,
0.866025403784442));
#3698=DIRECTION('ref_axis',(-1.,1.14261101893614E-16,-1.91428434946348E-16));
#3699=DIRECTION('center_axis',(-2.22912438617041E-16,-0.499999999999995,
0.866025403784442));
#3700=DIRECTION('ref_axis',(-1.,1.14261101893614E-16,-1.91428434946348E-16));
#3701=DIRECTION('center_axis',(-2.22044604925031E-16,0.,1.));
#3702=DIRECTION('ref_axis',(-1.,1.22464679914736E-16,-2.22044604925031E-16));
#3703=DIRECTION('center_axis',(-2.22044604925031E-16,0.,1.));
#3704=DIRECTION('ref_axis',(-1.,1.22464679914736E-16,-2.22044604925031E-16));
#3705=DIRECTION('center_axis',(-1.61680098659671E-16,0.500000000000007,
0.866025403784435));
#3706=DIRECTION('ref_axis',(-1.,1.14261101893613E-16,-2.52660774903716E-16));
#3707=DIRECTION('center_axis',(-1.61680098659671E-16,0.500000000000007,
0.866025403784435));
#3708=DIRECTION('ref_axis',(-1.,1.14261101893613E-16,-2.52660774903716E-16));
#3709=DIRECTION('center_axis',(-5.7993540526268E-17,0.866025403784443,0.499999999999992));
#3710=DIRECTION('ref_axis',(-1.,9.18485099360513E-17,-2.75073366861277E-16));
#3711=DIRECTION('center_axis',(-5.7993540526268E-17,0.866025403784443,0.499999999999992));
#3712=DIRECTION('ref_axis',(-1.,9.18485099360513E-17,-2.75073366861277E-16));
#3713=DIRECTION('center_axis',(6.12323399573702E-17,1.,-1.04744440165294E-14));
#3714=DIRECTION('ref_axis',(-1.,6.12323399573673E-17,-2.83276944882399E-16));
#3715=DIRECTION('center_axis',(6.12323399573702E-17,1.,-1.04744440165294E-14));
#3716=DIRECTION('ref_axis',(-1.,6.12323399573673E-17,-2.83276944882399E-16));
#3717=DIRECTION('center_axis',(1.64051064398763E-16,0.866025403784433,-0.50000000000001));
#3718=DIRECTION('ref_axis',(-1.,3.06161699786833E-17,-2.75073366861276E-16));
#3719=DIRECTION('center_axis',(1.64051064398763E-16,0.866025403784433,-0.50000000000001));
#3720=DIRECTION('ref_axis',(-1.,3.06161699786833E-17,-2.75073366861276E-16));
#3721=DIRECTION('center_axis',(-2.22912438617041E-16,-0.499999999999995,
0.866025403784442));
#3722=DIRECTION('ref_axis',(-1.,1.14261101893614E-16,-1.91428434946348E-16));
#3723=DIRECTION('center_axis',(2.22912438617041E-16,0.499999999999989,-0.866025403784445));
#3724=DIRECTION('ref_axis',(-1.,8.20357802112196E-18,-2.52660774903715E-16));
#3725=DIRECTION('center_axis',(2.22044604925031E-16,0.,-1.));
#3726=DIRECTION('ref_axis',(-1.,0.,-2.22044604925031E-16));
#3727=DIRECTION('center_axis',(2.22044604925031E-16,0.,-1.));
#3728=DIRECTION('ref_axis',(-1.,0.,-2.22044604925031E-16));
#3729=DIRECTION('center_axis',(1.,-6.12323399573676E-17,2.22044604925031E-16));
#3730=DIRECTION('ref_axis',(6.12323399573676E-17,1.,1.35963107344689E-32));
#3731=DIRECTION('center_axis',(1.,-6.12323399573679E-17,2.22044604925031E-16));
#3732=DIRECTION('ref_axis',(6.12323399573679E-17,1.,1.3596310734469E-32));
#3733=DIRECTION('center_axis',(-1.,0.,-2.22044604925031E-16));
#3734=DIRECTION('ref_axis',(-1.04880251498848E-31,1.,4.72338661568734E-16));
#3735=DIRECTION('center_axis',(-1.,0.,0.));
#3736=DIRECTION('ref_axis',(0.,0.,1.));
#3737=DIRECTION('',(0.,0.,-1.));
#3738=DIRECTION('',(0.,1.,0.));
#3739=DIRECTION('',(0.,0.,-1.));
#3740=DIRECTION('',(0.,1.,0.));
#3741=DIRECTION('center_axis',(0.,0.,-1.));
#3742=DIRECTION('ref_axis',(-1.,0.,0.));
#3743=DIRECTION('',(1.,0.,0.));
#3744=DIRECTION('',(0.,1.,0.));
#3745=DIRECTION('',(1.,0.,0.));
#3746=DIRECTION('center_axis',(1.,0.,0.));
#3747=DIRECTION('ref_axis',(0.,0.,-1.));
#3748=DIRECTION('',(0.,0.,1.));
#3749=DIRECTION('',(0.,1.,0.));
#3750=DIRECTION('',(0.,0.,1.));
#3751=DIRECTION('center_axis',(0.,0.,1.));
#3752=DIRECTION('ref_axis',(1.,0.,0.));
#3753=DIRECTION('',(-1.,0.,0.));
#3754=DIRECTION('',(-1.,0.,0.));
#3755=DIRECTION('center_axis',(0.,1.,0.));
#3756=DIRECTION('ref_axis',(1.,0.,0.));
#3757=DIRECTION('center_axis',(-1.,0.,0.));
#3758=DIRECTION('ref_axis',(0.,0.,1.));
#3759=DIRECTION('',(0.,0.,-1.));
#3760=DIRECTION('',(0.,1.,0.));
#3761=DIRECTION('',(0.,0.,-1.));
#3762=DIRECTION('',(0.,-1.,0.));
#3763=DIRECTION('center_axis',(0.,0.,-1.));
#3764=DIRECTION('ref_axis',(-1.,0.,0.));
#3765=DIRECTION('',(1.,0.,0.));
#3766=DIRECTION('',(1.,0.,0.));
#3767=DIRECTION('',(0.,-1.,0.));
#3768=DIRECTION('center_axis',(1.,0.,0.));
#3769=DIRECTION('ref_axis',(0.,0.,-1.));
#3770=DIRECTION('',(0.,0.,1.));
#3771=DIRECTION('',(0.,0.,1.));
#3772=DIRECTION('',(0.,-1.,0.));
#3773=DIRECTION('center_axis',(0.,0.,1.));
#3774=DIRECTION('ref_axis',(1.,0.,0.));
#3775=DIRECTION('',(-1.,0.,0.));
#3776=DIRECTION('',(-1.,0.,0.));
#3777=DIRECTION('center_axis',(0.,1.,0.));
#3778=DIRECTION('ref_axis',(0.,0.,1.));
#3779=DIRECTION('center_axis',(0.,1.,0.));
#3780=DIRECTION('ref_axis',(1.,0.,0.));
#3781=DIRECTION('center_axis',(1.,0.,0.));
#3782=DIRECTION('ref_axis',(0.,0.,-1.));
#3783=DIRECTION('',(0.,0.,-1.));
#3784=DIRECTION('',(0.,1.,0.));
#3785=DIRECTION('',(0.,0.,1.));
#3786=DIRECTION('',(0.,1.,0.));
#3787=DIRECTION('center_axis',(0.,0.,-1.));
#3788=DIRECTION('ref_axis',(-1.,0.,0.));
#3789=DIRECTION('',(-1.,0.,0.));
#3790=DIRECTION('',(1.,0.,0.));
#3791=DIRECTION('',(0.,1.,0.));
#3792=DIRECTION('center_axis',(-1.,0.,0.));
#3793=DIRECTION('ref_axis',(0.,0.,1.));
#3794=DIRECTION('',(0.,0.,1.));
#3795=DIRECTION('',(0.,0.,-1.));
#3796=DIRECTION('',(0.,1.,0.));
#3797=DIRECTION('center_axis',(0.,0.,1.));
#3798=DIRECTION('ref_axis',(1.,0.,0.));
#3799=DIRECTION('',(1.,0.,0.));
#3800=DIRECTION('',(-1.,0.,0.));
#3801=DIRECTION('center_axis',(0.,1.,0.));
#3802=DIRECTION('ref_axis',(1.,0.,5.55111512312578E-17));
#3803=DIRECTION('center_axis',(0.,1.,0.));
#3804=DIRECTION('ref_axis',(1.,0.,5.55111512312578E-17));
#3805=DIRECTION('',(0.,1.,0.));
#3806=DIRECTION('center_axis',(0.,-1.,0.));
#3807=DIRECTION('ref_axis',(1.,0.,5.55111512312578E-17));
#3808=DIRECTION('center_axis',(0.,1.,0.));
#3809=DIRECTION('ref_axis',(1.,0.,5.55111512312578E-17));
#3810=DIRECTION('center_axis',(0.,1.,0.));
#3811=DIRECTION('ref_axis',(1.,0.,5.55111512312578E-17));
#3812=DIRECTION('center_axis',(0.,1.,0.));
#3813=DIRECTION('ref_axis',(1.,0.,5.55111512312578E-17));
#3814=DIRECTION('',(0.,-1.,0.));
#3815=DIRECTION('center_axis',(0.,1.,0.));
#3816=DIRECTION('ref_axis',(1.,0.,5.55111512312578E-17));
#3817=DIRECTION('center_axis',(0.,1.,0.));
#3818=DIRECTION('ref_axis',(1.,0.,5.55111512312578E-17));
#3819=DIRECTION('center_axis',(0.,1.,0.));
#3820=DIRECTION('ref_axis',(1.,0.,5.55111512312578E-17));
#3821=DIRECTION('center_axis',(0.,-1.,0.));
#3822=DIRECTION('ref_axis',(0.,0.,1.));
#3823=DIRECTION('center_axis',(0.,-1.,0.));
#3824=DIRECTION('ref_axis',(0.,0.,1.));
#3825=DIRECTION('',(0.,-1.,0.));
#3826=DIRECTION('center_axis',(0.,1.,0.));
#3827=DIRECTION('ref_axis',(0.,0.,1.));
#3828=DIRECTION('center_axis',(0.,-1.,0.));
#3829=DIRECTION('ref_axis',(0.,0.,1.));
#3830=DIRECTION('center_axis',(0.,-1.,0.));
#3831=DIRECTION('ref_axis',(0.,0.,1.));
#3832=DIRECTION('',(0.,-1.,0.));
#3833=DIRECTION('center_axis',(0.,1.,0.));
#3834=DIRECTION('ref_axis',(0.,0.,1.));
#3835=DIRECTION('center_axis',(-1.,0.,0.));
#3836=DIRECTION('ref_axis',(0.,0.,1.));
#3837=DIRECTION('',(0.,0.,-1.));
#3838=DIRECTION('',(0.,1.,0.));
#3839=DIRECTION('',(0.,0.,1.));
#3840=DIRECTION('',(0.,1.,0.));
#3841=DIRECTION('center_axis',(0.,0.,-1.));
#3842=DIRECTION('ref_axis',(-1.,0.,0.));
#3843=DIRECTION('',(1.,0.,0.));
#3844=DIRECTION('',(-1.,0.,0.));
#3845=DIRECTION('',(0.,1.,0.));
#3846=DIRECTION('center_axis',(1.,0.,0.));
#3847=DIRECTION('ref_axis',(0.,0.,-1.));
#3848=DIRECTION('',(0.,0.,1.));
#3849=DIRECTION('',(0.,0.,-1.));
#3850=DIRECTION('',(0.,1.,0.));
#3851=DIRECTION('center_axis',(0.,0.,1.));
#3852=DIRECTION('ref_axis',(1.,0.,0.));
#3853=DIRECTION('',(-1.,0.,0.));
#3854=DIRECTION('',(1.,0.,0.));
#3855=DIRECTION('center_axis',(0.,1.,0.));
#3856=DIRECTION('ref_axis',(0.,0.,1.));
#3857=DIRECTION('center_axis',(0.,1.,0.));
#3858=DIRECTION('ref_axis',(1.,0.,0.));
#3859=DIRECTION('center_axis',(0.,-1.,0.));
#3860=DIRECTION('ref_axis',(1.22464679914735E-16,0.,-1.));
#3861=DIRECTION('center_axis',(0.,-1.,0.));
#3862=DIRECTION('ref_axis',(1.22464679914735E-16,0.,-1.));
#3863=DIRECTION('',(0.,-1.,0.));
#3864=DIRECTION('center_axis',(0.,1.,0.));
#3865=DIRECTION('ref_axis',(1.22464679914735E-16,0.,-1.));
#3866=DIRECTION('center_axis',(0.,-1.,0.));
#3867=DIRECTION('ref_axis',(1.22464679914735E-16,0.,-1.));
#3868=DIRECTION('center_axis',(0.,-1.,0.));
#3869=DIRECTION('ref_axis',(1.22464679914735E-16,0.,-1.));
#3870=DIRECTION('',(0.,-1.,0.));
#3871=DIRECTION('center_axis',(0.,1.,0.));
#3872=DIRECTION('ref_axis',(1.22464679914735E-16,0.,-1.));
#3873=DIRECTION('center_axis',(1.,0.,1.22464679914735E-16));
#3874=DIRECTION('ref_axis',(1.22464679914735E-16,0.,-1.));
#3875=DIRECTION('',(-1.22464679914735E-16,0.,1.));
#3876=DIRECTION('',(0.,1.,0.));
#3877=DIRECTION('',(1.22464679914735E-16,0.,-1.));
#3878=DIRECTION('',(0.,1.,0.));
#3879=DIRECTION('center_axis',(-1.22464679914735E-16,0.,1.));
#3880=DIRECTION('ref_axis',(1.,0.,1.22464679914735E-16));
#3881=DIRECTION('',(-1.,0.,-1.22464679914735E-16));
#3882=DIRECTION('',(1.,0.,1.22464679914735E-16));
#3883=DIRECTION('',(0.,1.,0.));
#3884=DIRECTION('center_axis',(-1.,0.,-1.22464679914735E-16));
#3885=DIRECTION('ref_axis',(-1.22464679914735E-16,0.,1.));
#3886=DIRECTION('',(1.22464679914735E-16,0.,-1.));
#3887=DIRECTION('',(-1.22464679914735E-16,0.,1.));
#3888=DIRECTION('',(0.,1.,0.));
#3889=DIRECTION('center_axis',(1.22464679914735E-16,0.,-1.));
#3890=DIRECTION('ref_axis',(-1.,0.,-1.22464679914735E-16));
#3891=DIRECTION('',(1.,0.,1.22464679914735E-16));
#3892=DIRECTION('',(-1.,0.,-1.22464679914735E-16));
#3893=DIRECTION('center_axis',(0.,1.,0.));
#3894=DIRECTION('ref_axis',(1.22464679914735E-16,0.,-1.));
#3895=DIRECTION('center_axis',(0.,1.,0.));
#3896=DIRECTION('ref_axis',(-1.,0.,-1.22464679914735E-16));
#3897=DIRECTION('',(0.,0.,1.));
#3898=DIRECTION('',(1.,0.,0.));
#3899=DIRECTION('',(-9.15933995315754E-16,0.,1.));
#3900=DIRECTION('',(1.,0.,9.15933995315754E-16));
#3901=CARTESIAN_POINT('',(0.,0.,0.));
#3902=CARTESIAN_POINT('',(0.,0.,0.));
#3903=CARTESIAN_POINT('Origin',(1.47312499999993,7.38863421758906,-5.91507128560329));
#3904=CARTESIAN_POINT('',(1.10124999999993,7.27111017023098,-5.91507128560329));
#3905=CARTESIAN_POINT('',(1.09499999999992,7.27111017023098,-5.91507128560329));
#3906=CARTESIAN_POINT('',(1.47312499999993,7.27111017023098,-5.91507128560329));
#3907=CARTESIAN_POINT('',(1.08398990685034,7.36762223159944,-6.03070172343087));
#3908=CARTESIAN_POINT('Ctrl Pts',(1.09499999999992,7.27111017023098,-5.91507128560329));
#3909=CARTESIAN_POINT('Ctrl Pts',(1.09083333333326,7.27111017023098,-5.98292382598174));
#3910=CARTESIAN_POINT('Ctrl Pts',(1.08666666666659,7.32987219391002,-6.01685009617096));
#3911=CARTESIAN_POINT('Ctrl Pts',(1.08541355792221,7.34754464328038,-6.02705328957218));
#3912=CARTESIAN_POINT('Ctrl Pts',(1.08398990685034,7.36762223159944,-6.03070172343087));
#3913=CARTESIAN_POINT('',(1.08398990685034,7.45538517980264,-6.01179879332983));
#3914=CARTESIAN_POINT('Origin',(1.08398990685033,7.38863421758906,-5.91507128560328));
#3915=CARTESIAN_POINT('Ctrl Pts',(1.10124999999993,7.27111017023098,-5.91507128560329));
#3916=CARTESIAN_POINT('Ctrl Pts',(1.09708333333326,7.27111017023098,-5.98292382598174));
#3917=CARTESIAN_POINT('Ctrl Pts',(1.09291666666659,7.32987219391002,-6.01685009617096));
#3918=CARTESIAN_POINT('Ctrl Pts',(1.08874999999993,7.38863421758906,-6.05077636636018));
#3919=CARTESIAN_POINT('Ctrl Pts',(1.08458333333326,7.44739624126811,-6.01685009617096));
#3920=CARTESIAN_POINT('Ctrl Pts',(1.08429288818187,7.45149235603529,-6.0144852032075));
#3921=CARTESIAN_POINT('Ctrl Pts',(1.08398990685034,7.45538517980264,-6.01179879332983));
#3922=CARTESIAN_POINT('Origin',(1.47312499999993,7.38863421758906,-5.91507128560329));
#3923=CARTESIAN_POINT('',(1.15124999999993,7.27111017023098,-5.91507128560329));
#3924=CARTESIAN_POINT('',(1.14499999999993,7.27111017023098,-5.91507128560329));
#3925=CARTESIAN_POINT('',(1.47312499999993,7.27111017023098,-5.91507128560329));
#3926=CARTESIAN_POINT('Ctrl Pts',(1.14499999999993,7.27111017023098,-5.91507128560329));
#3927=CARTESIAN_POINT('Ctrl Pts',(1.14083333333326,7.27111017023098,-5.98292382598174));
#3928=CARTESIAN_POINT('Ctrl Pts',(1.13666666666659,7.32987219391002,-6.01685009617096));
#3929=CARTESIAN_POINT('Ctrl Pts',(1.13249999999993,7.38863421758906,-6.05077636636018));
#3930=CARTESIAN_POINT('Ctrl Pts',(1.12833333333326,7.44739624126811,-6.01685009617096));
#3931=CARTESIAN_POINT('Ctrl Pts',(1.12416666666659,7.50615826494715,-5.98292382598174));
#3932=CARTESIAN_POINT('Ctrl Pts',(1.11999999999993,7.50615826494715,-5.91507128560329));
#3933=CARTESIAN_POINT('Ctrl Pts',(1.11583333333326,7.50615826494715,-5.84721874522485));
#3934=CARTESIAN_POINT('Ctrl Pts',(1.11166666666659,7.44739624126811,-5.81329247503563));
#3935=CARTESIAN_POINT('Ctrl Pts',(1.10749999999993,7.38863421758906,-5.77936620484641));
#3936=CARTESIAN_POINT('Ctrl Pts',(1.10333333333326,7.32987219391002,-5.81329247503563));
#3937=CARTESIAN_POINT('Ctrl Pts',(1.09916666666659,7.27111017023098,-5.84721874522485));
#3938=CARTESIAN_POINT('Ctrl Pts',(1.09499999999992,7.27111017023098,-5.91507128560329));
#3939=CARTESIAN_POINT('Ctrl Pts',(1.15124999999993,7.27111017023098,-5.91507128560329));
#3940=CARTESIAN_POINT('Ctrl Pts',(1.14708333333326,7.27111017023098,-5.98292382598174));
#3941=CARTESIAN_POINT('Ctrl Pts',(1.14291666666659,7.32987219391002,-6.01685009617096));
#3942=CARTESIAN_POINT('Ctrl Pts',(1.13874999999993,7.38863421758906,-6.05077636636018));
#3943=CARTESIAN_POINT('Ctrl Pts',(1.13458333333326,7.44739624126811,-6.01685009617096));
#3944=CARTESIAN_POINT('Ctrl Pts',(1.13041666666659,7.50615826494715,-5.98292382598174));
#3945=CARTESIAN_POINT('Ctrl Pts',(1.12624999999992,7.50615826494715,-5.91507128560329));
#3946=CARTESIAN_POINT('Ctrl Pts',(1.12208333333326,7.50615826494715,-5.84721874522485));
#3947=CARTESIAN_POINT('Ctrl Pts',(1.11791666666659,7.44739624126811,-5.81329247503563));
#3948=CARTESIAN_POINT('Ctrl Pts',(1.11374999999993,7.38863421758906,-5.77936620484641));
#3949=CARTESIAN_POINT('Ctrl Pts',(1.10958333333326,7.32987219391002,-5.81329247503563));
#3950=CARTESIAN_POINT('Ctrl Pts',(1.10541666666659,7.27111017023098,-5.84721874522485));
#3951=CARTESIAN_POINT('Ctrl Pts',(1.10124999999993,7.27111017023098,-5.91507128560329));
#3952=CARTESIAN_POINT('Origin',(1.47312499999993,7.38863421758906,-5.91507128560329));
#3953=CARTESIAN_POINT('',(1.20124999999993,7.27111017023098,-5.91507128560329));
#3954=CARTESIAN_POINT('',(1.19499999999993,7.27111017023098,-5.91507128560329));
#3955=CARTESIAN_POINT('',(1.47312499999993,7.27111017023098,-5.91507128560329));
#3956=CARTESIAN_POINT('Ctrl Pts',(1.19499999999993,7.27111017023098,-5.91507128560329));
#3957=CARTESIAN_POINT('Ctrl Pts',(1.19083333333326,7.27111017023098,-5.98292382598174));
#3958=CARTESIAN_POINT('Ctrl Pts',(1.18666666666659,7.32987219391002,-6.01685009617096));
#3959=CARTESIAN_POINT('Ctrl Pts',(1.18249999999993,7.38863421758906,-6.05077636636018));
#3960=CARTESIAN_POINT('Ctrl Pts',(1.17833333333326,7.44739624126811,-6.01685009617096));
#3961=CARTESIAN_POINT('Ctrl Pts',(1.17416666666659,7.50615826494715,-5.98292382598174));
#3962=CARTESIAN_POINT('Ctrl Pts',(1.16999999999993,7.50615826494715,-5.91507128560329));
#3963=CARTESIAN_POINT('Ctrl Pts',(1.16583333333326,7.50615826494715,-5.84721874522485));
#3964=CARTESIAN_POINT('Ctrl Pts',(1.16166666666659,7.44739624126811,-5.81329247503563));
#3965=CARTESIAN_POINT('Ctrl Pts',(1.15749999999992,7.38863421758906,-5.77936620484641));
#3966=CARTESIAN_POINT('Ctrl Pts',(1.15333333333326,7.32987219391002,-5.81329247503563));
#3967=CARTESIAN_POINT('Ctrl Pts',(1.14916666666659,7.27111017023098,-5.84721874522485));
#3968=CARTESIAN_POINT('Ctrl Pts',(1.14499999999993,7.27111017023098,-5.91507128560329));
#3969=CARTESIAN_POINT('Ctrl Pts',(1.20124999999993,7.27111017023098,-5.91507128560329));
#3970=CARTESIAN_POINT('Ctrl Pts',(1.19708333333326,7.27111017023098,-5.98292382598174));
#3971=CARTESIAN_POINT('Ctrl Pts',(1.19291666666659,7.32987219391002,-6.01685009617096));
#3972=CARTESIAN_POINT('Ctrl Pts',(1.18874999999992,7.38863421758906,-6.05077636636018));
#3973=CARTESIAN_POINT('Ctrl Pts',(1.18458333333326,7.44739624126811,-6.01685009617096));
#3974=CARTESIAN_POINT('Ctrl Pts',(1.18041666666659,7.50615826494715,-5.98292382598174));
#3975=CARTESIAN_POINT('Ctrl Pts',(1.17624999999993,7.50615826494715,-5.91507128560329));
#3976=CARTESIAN_POINT('Ctrl Pts',(1.17208333333326,7.50615826494715,-5.84721874522485));
#3977=CARTESIAN_POINT('Ctrl Pts',(1.16791666666659,7.44739624126811,-5.81329247503563));
#3978=CARTESIAN_POINT('Ctrl Pts',(1.16374999999993,7.38863421758906,-5.77936620484641));
#3979=CARTESIAN_POINT('Ctrl Pts',(1.15958333333326,7.32987219391002,-5.81329247503563));
#3980=CARTESIAN_POINT('Ctrl Pts',(1.15541666666659,7.27111017023098,-5.84721874522485));
#3981=CARTESIAN_POINT('Ctrl Pts',(1.15124999999993,7.27111017023098,-5.91507128560329));
#3982=CARTESIAN_POINT('Origin',(1.47312499999993,7.38863421758906,-5.91507128560329));
#3983=CARTESIAN_POINT('',(1.25124999999992,7.27111017023098,-5.91507128560329));
#3984=CARTESIAN_POINT('',(1.24499999999993,7.27111017023098,-5.91507128560329));
#3985=CARTESIAN_POINT('',(1.47312499999993,7.27111017023098,-5.91507128560329));
#3986=CARTESIAN_POINT('Ctrl Pts',(1.24499999999993,7.27111017023098,-5.91507128560329));
#3987=CARTESIAN_POINT('Ctrl Pts',(1.24083333333326,7.27111017023098,-5.98292382598174));
#3988=CARTESIAN_POINT('Ctrl Pts',(1.23666666666659,7.32987219391002,-6.01685009617096));
#3989=CARTESIAN_POINT('Ctrl Pts',(1.23249999999993,7.38863421758906,-6.05077636636018));
#3990=CARTESIAN_POINT('Ctrl Pts',(1.22833333333326,7.44739624126811,-6.01685009617096));
#3991=CARTESIAN_POINT('Ctrl Pts',(1.22416666666659,7.50615826494715,-5.98292382598174));
#3992=CARTESIAN_POINT('Ctrl Pts',(1.21999999999992,7.50615826494715,-5.91507128560329));
#3993=CARTESIAN_POINT('Ctrl Pts',(1.21583333333326,7.50615826494715,-5.84721874522485));
#3994=CARTESIAN_POINT('Ctrl Pts',(1.21166666666659,7.44739624126811,-5.81329247503563));
#3995=CARTESIAN_POINT('Ctrl Pts',(1.20749999999993,7.38863421758906,-5.77936620484641));
#3996=CARTESIAN_POINT('Ctrl Pts',(1.20333333333326,7.32987219391002,-5.81329247503563));
#3997=CARTESIAN_POINT('Ctrl Pts',(1.19916666666659,7.27111017023098,-5.84721874522485));
#3998=CARTESIAN_POINT('Ctrl Pts',(1.19499999999993,7.27111017023098,-5.91507128560329));
#3999=CARTESIAN_POINT('Ctrl Pts',(1.25124999999992,7.27111017023098,-5.91507128560329));
#4000=CARTESIAN_POINT('Ctrl Pts',(1.24708333333326,7.27111017023098,-5.98292382598174));
#4001=CARTESIAN_POINT('Ctrl Pts',(1.24291666666659,7.32987219391002,-6.01685009617096));
#4002=CARTESIAN_POINT('Ctrl Pts',(1.23874999999993,7.38863421758906,-6.05077636636018));
#4003=CARTESIAN_POINT('Ctrl Pts',(1.23458333333326,7.44739624126811,-6.01685009617096));
#4004=CARTESIAN_POINT('Ctrl Pts',(1.23041666666659,7.50615826494715,-5.98292382598174));
#4005=CARTESIAN_POINT('Ctrl Pts',(1.22624999999993,7.50615826494715,-5.91507128560329));
#4006=CARTESIAN_POINT('Ctrl Pts',(1.22208333333326,7.50615826494715,-5.84721874522485));
#4007=CARTESIAN_POINT('Ctrl Pts',(1.21791666666659,7.44739624126811,-5.81329247503563));
#4008=CARTESIAN_POINT('Ctrl Pts',(1.21374999999993,7.38863421758906,-5.77936620484641));
#4009=CARTESIAN_POINT('Ctrl Pts',(1.20958333333326,7.32987219391002,-5.81329247503563));
#4010=CARTESIAN_POINT('Ctrl Pts',(1.20541666666659,7.27111017023098,-5.84721874522485));
#4011=CARTESIAN_POINT('Ctrl Pts',(1.20124999999993,7.27111017023098,-5.91507128560329));
#4012=CARTESIAN_POINT('Origin',(1.47312499999993,7.38863421758906,-5.91507128560329));
#4013=CARTESIAN_POINT('',(1.30124999999993,7.27111017023098,-5.91507128560329));
#4014=CARTESIAN_POINT('',(1.29499999999993,7.27111017023098,-5.91507128560329));
#4015=CARTESIAN_POINT('',(1.47312499999993,7.27111017023098,-5.91507128560329));
#4016=CARTESIAN_POINT('Ctrl Pts',(1.29499999999993,7.27111017023098,-5.91507128560329));
#4017=CARTESIAN_POINT('Ctrl Pts',(1.29083333333326,7.27111017023098,-5.98292382598174));
#4018=CARTESIAN_POINT('Ctrl Pts',(1.28666666666659,7.32987219391002,-6.01685009617096));
#4019=CARTESIAN_POINT('Ctrl Pts',(1.28249999999992,7.38863421758906,-6.05077636636018));
#4020=CARTESIAN_POINT('Ctrl Pts',(1.27833333333326,7.44739624126811,-6.01685009617096));
#4021=CARTESIAN_POINT('Ctrl Pts',(1.27416666666659,7.50615826494715,-5.98292382598174));
#4022=CARTESIAN_POINT('Ctrl Pts',(1.26999999999993,7.50615826494715,-5.91507128560329));
#4023=CARTESIAN_POINT('Ctrl Pts',(1.26583333333326,7.50615826494715,-5.84721874522485));
#4024=CARTESIAN_POINT('Ctrl Pts',(1.26166666666659,7.44739624126811,-5.81329247503563));
#4025=CARTESIAN_POINT('Ctrl Pts',(1.25749999999993,7.38863421758906,-5.77936620484641));
#4026=CARTESIAN_POINT('Ctrl Pts',(1.25333333333326,7.32987219391002,-5.81329247503563));
#4027=CARTESIAN_POINT('Ctrl Pts',(1.24916666666659,7.27111017023098,-5.84721874522485));
#4028=CARTESIAN_POINT('Ctrl Pts',(1.24499999999993,7.27111017023098,-5.91507128560329));
#4029=CARTESIAN_POINT('Ctrl Pts',(1.30124999999993,7.27111017023098,-5.91507128560329));
#4030=CARTESIAN_POINT('Ctrl Pts',(1.29708333333326,7.27111017023098,-5.98292382598174));
#4031=CARTESIAN_POINT('Ctrl Pts',(1.29291666666659,7.32987219391002,-6.01685009617096));
#4032=CARTESIAN_POINT('Ctrl Pts',(1.28874999999993,7.38863421758906,-6.05077636636018));
#4033=CARTESIAN_POINT('Ctrl Pts',(1.28458333333326,7.44739624126811,-6.01685009617096));
#4034=CARTESIAN_POINT('Ctrl Pts',(1.28041666666659,7.50615826494715,-5.98292382598174));
#4035=CARTESIAN_POINT('Ctrl Pts',(1.27624999999993,7.50615826494715,-5.91507128560329));
#4036=CARTESIAN_POINT('Ctrl Pts',(1.27208333333326,7.50615826494715,-5.84721874522485));
#4037=CARTESIAN_POINT('Ctrl Pts',(1.26791666666659,7.44739624126811,-5.81329247503563));
#4038=CARTESIAN_POINT('Ctrl Pts',(1.26374999999993,7.38863421758906,-5.77936620484641));
#4039=CARTESIAN_POINT('Ctrl Pts',(1.25958333333326,7.32987219391002,-5.81329247503563));
#4040=CARTESIAN_POINT('Ctrl Pts',(1.25541666666659,7.27111017023098,-5.84721874522485));
#4041=CARTESIAN_POINT('Ctrl Pts',(1.25124999999992,7.27111017023098,-5.91507128560329));
#4042=CARTESIAN_POINT('Origin',(1.47312499999993,7.38863421758906,-5.91507128560329));
#4043=CARTESIAN_POINT('',(1.35124999999993,7.27111017023098,-5.91507128560329));
#4044=CARTESIAN_POINT('',(1.34499999999992,7.27111017023098,-5.91507128560329));
#4045=CARTESIAN_POINT('',(1.47312499999993,7.27111017023098,-5.91507128560329));
#4046=CARTESIAN_POINT('Ctrl Pts',(1.34499999999992,7.27111017023098,-5.91507128560329));
#4047=CARTESIAN_POINT('Ctrl Pts',(1.34083333333326,7.27111017023098,-5.98292382598174));
#4048=CARTESIAN_POINT('Ctrl Pts',(1.33666666666659,7.32987219391002,-6.01685009617096));
#4049=CARTESIAN_POINT('Ctrl Pts',(1.33249999999993,7.38863421758906,-6.05077636636018));
#4050=CARTESIAN_POINT('Ctrl Pts',(1.32833333333326,7.44739624126811,-6.01685009617096));
#4051=CARTESIAN_POINT('Ctrl Pts',(1.32416666666659,7.50615826494715,-5.98292382598174));
#4052=CARTESIAN_POINT('Ctrl Pts',(1.31999999999993,7.50615826494715,-5.91507128560329));
#4053=CARTESIAN_POINT('Ctrl Pts',(1.31583333333326,7.50615826494715,-5.84721874522485));
#4054=CARTESIAN_POINT('Ctrl Pts',(1.31166666666659,7.44739624126811,-5.81329247503563));
#4055=CARTESIAN_POINT('Ctrl Pts',(1.30749999999993,7.38863421758906,-5.77936620484641));
#4056=CARTESIAN_POINT('Ctrl Pts',(1.30333333333326,7.32987219391002,-5.81329247503563));
#4057=CARTESIAN_POINT('Ctrl Pts',(1.29916666666659,7.27111017023098,-5.84721874522485));
#4058=CARTESIAN_POINT('Ctrl Pts',(1.29499999999993,7.27111017023098,-5.91507128560329));
#4059=CARTESIAN_POINT('Ctrl Pts',(1.35124999999993,7.27111017023098,-5.91507128560329));
#4060=CARTESIAN_POINT('Ctrl Pts',(1.34708333333326,7.27111017023098,-5.98292382598174));
#4061=CARTESIAN_POINT('Ctrl Pts',(1.34291666666659,7.32987219391002,-6.01685009617096));
#4062=CARTESIAN_POINT('Ctrl Pts',(1.33874999999993,7.38863421758906,-6.05077636636018));
#4063=CARTESIAN_POINT('Ctrl Pts',(1.33458333333326,7.44739624126811,-6.01685009617096));
#4064=CARTESIAN_POINT('Ctrl Pts',(1.33041666666659,7.50615826494715,-5.98292382598174));
#4065=CARTESIAN_POINT('Ctrl Pts',(1.32624999999993,7.50615826494715,-5.91507128560329));
#4066=CARTESIAN_POINT('Ctrl Pts',(1.32208333333326,7.50615826494715,-5.84721874522485));
#4067=CARTESIAN_POINT('Ctrl Pts',(1.31791666666659,7.44739624126811,-5.81329247503563));
#4068=CARTESIAN_POINT('Ctrl Pts',(1.31374999999992,7.38863421758906,-5.77936620484641));
#4069=CARTESIAN_POINT('Ctrl Pts',(1.30958333333326,7.32987219391002,-5.81329247503563));
#4070=CARTESIAN_POINT('Ctrl Pts',(1.30541666666659,7.27111017023098,-5.84721874522485));
#4071=CARTESIAN_POINT('Ctrl Pts',(1.30124999999993,7.27111017023098,-5.91507128560329));
#4072=CARTESIAN_POINT('Origin',(1.47312499999993,7.38863421758906,-5.91507128560329));
#4073=CARTESIAN_POINT('',(1.40124999999993,7.27111017023098,-5.91507128560329));
#4074=CARTESIAN_POINT('',(1.39499999999993,7.27111017023098,-5.91507128560329));
#4075=CARTESIAN_POINT('',(1.47312499999993,7.27111017023098,-5.91507128560329));
#4076=CARTESIAN_POINT('Ctrl Pts',(1.39499999999993,7.27111017023098,-5.91507128560329));
#4077=CARTESIAN_POINT('Ctrl Pts',(1.39083333333326,7.27111017023098,-5.98292382598174));
#4078=CARTESIAN_POINT('Ctrl Pts',(1.38666666666659,7.32987219391002,-6.01685009617096));
#4079=CARTESIAN_POINT('Ctrl Pts',(1.38249999999993,7.38863421758906,-6.05077636636018));
#4080=CARTESIAN_POINT('Ctrl Pts',(1.37833333333326,7.44739624126811,-6.01685009617096));
#4081=CARTESIAN_POINT('Ctrl Pts',(1.37416666666659,7.50615826494715,-5.98292382598174));
#4082=CARTESIAN_POINT('Ctrl Pts',(1.36999999999993,7.50615826494715,-5.91507128560329));
#4083=CARTESIAN_POINT('Ctrl Pts',(1.36583333333326,7.50615826494715,-5.84721874522485));
#4084=CARTESIAN_POINT('Ctrl Pts',(1.36166666666659,7.44739624126811,-5.81329247503563));
#4085=CARTESIAN_POINT('Ctrl Pts',(1.35749999999993,7.38863421758906,-5.77936620484641));
#4086=CARTESIAN_POINT('Ctrl Pts',(1.35333333333326,7.32987219391002,-5.81329247503563));
#4087=CARTESIAN_POINT('Ctrl Pts',(1.34916666666659,7.27111017023098,-5.84721874522485));
#4088=CARTESIAN_POINT('Ctrl Pts',(1.34499999999992,7.27111017023098,-5.91507128560329));
#4089=CARTESIAN_POINT('Ctrl Pts',(1.40124999999993,7.27111017023098,-5.91507128560329));
#4090=CARTESIAN_POINT('Ctrl Pts',(1.39708333333326,7.27111017023098,-5.98292382598174));
#4091=CARTESIAN_POINT('Ctrl Pts',(1.39291666666659,7.32987219391002,-6.01685009617096));
#4092=CARTESIAN_POINT('Ctrl Pts',(1.38874999999993,7.38863421758906,-6.05077636636018));
#4093=CARTESIAN_POINT('Ctrl Pts',(1.38458333333326,7.44739624126811,-6.01685009617096));
#4094=CARTESIAN_POINT('Ctrl Pts',(1.38041666666659,7.50615826494715,-5.98292382598174));
#4095=CARTESIAN_POINT('Ctrl Pts',(1.37624999999992,7.50615826494715,-5.91507128560329));
#4096=CARTESIAN_POINT('Ctrl Pts',(1.37208333333326,7.50615826494715,-5.84721874522485));
#4097=CARTESIAN_POINT('Ctrl Pts',(1.36791666666659,7.44739624126811,-5.81329247503563));
#4098=CARTESIAN_POINT('Ctrl Pts',(1.36374999999993,7.38863421758906,-5.77936620484641));
#4099=CARTESIAN_POINT('Ctrl Pts',(1.35958333333326,7.32987219391002,-5.81329247503563));
#4100=CARTESIAN_POINT('Ctrl Pts',(1.35541666666659,7.27111017023098,-5.84721874522485));
#4101=CARTESIAN_POINT('Ctrl Pts',(1.35124999999993,7.27111017023098,-5.91507128560329));
#4102=CARTESIAN_POINT('Origin',(1.47312499999993,7.38863421758906,-5.91507128560329));
#4103=CARTESIAN_POINT('',(1.45124999999993,7.27111017023098,-5.91507128560329));
#4104=CARTESIAN_POINT('',(1.44499999999993,7.27111017023098,-5.91507128560329));
#4105=CARTESIAN_POINT('',(1.47312499999993,7.27111017023098,-5.91507128560329));
#4106=CARTESIAN_POINT('',(1.45124999999993,7.30477781392749,-5.83273049818678));
#4107=CARTESIAN_POINT('Origin',(1.45124999999993,7.38863421758906,-5.91507128560329));
#4108=CARTESIAN_POINT('Ctrl Pts',(1.45124999999993,7.30477781392749,-5.83273049818678));
#4109=CARTESIAN_POINT('Ctrl Pts',(1.44795084971867,7.27111017023098,-5.86701784967721));
#4110=CARTESIAN_POINT('Ctrl Pts',(1.44499999999993,7.27111017023098,-5.91507128560329));
#4111=CARTESIAN_POINT('Origin',(1.45124999999993,7.38863421758906,-5.91507128560329));
#4112=CARTESIAN_POINT('',(1.07624999999992,7.23863421758906,-5.9150712856033));
#4113=CARTESIAN_POINT('',(1.06999999999992,7.23863421758907,-5.91507128560329));
#4114=CARTESIAN_POINT('',(1.45124999999993,7.23863421758906,-5.91507128560329));
#4115=CARTESIAN_POINT('',(1.06124999999993,7.32113421758907,-6.04902556884948));
#4116=CARTESIAN_POINT('Ctrl Pts',(1.06999999999992,7.23863421758906,-5.9150712856033));
#4117=CARTESIAN_POINT('Ctrl Pts',(1.06993020381458,7.23863421758906,-5.91652197207354));
#4118=CARTESIAN_POINT('Ctrl Pts',(1.06985978574864,7.2386552624227,-5.91797343384901));
#4119=CARTESIAN_POINT('Ctrl Pts',(1.06881648936927,7.23927456427134,-5.93930038779713));
#4120=CARTESIAN_POINT('Ctrl Pts',(1.06774976359942,7.24379770539768,-5.95886042982367));
#4121=CARTESIAN_POINT('Ctrl Pts',(1.06569197980147,7.25915582221507,-5.99276365001336));
#4122=CARTESIAN_POINT('Ctrl Pts',(1.06472395685452,7.26899785663936,-6.00720132791317));
#4123=CARTESIAN_POINT('Ctrl Pts',(1.0628916479362,7.2927133980809,-6.0315929793783));
#4124=CARTESIAN_POINT('Ctrl Pts',(1.0620770816675,7.30624674757267,-6.04152372417717));
#4125=CARTESIAN_POINT('Ctrl Pts',(1.06124999999992,7.32113421758919,-6.04902556884954));
#4126=CARTESIAN_POINT('',(1.06124999999993,7.23863421758906,-5.91507128560329));
#4127=CARTESIAN_POINT('Origin',(1.06124999999993,7.38863421758906,-5.91507128560329));
#4128=CARTESIAN_POINT('',(0.998281249999925,7.23863421758906,-5.91507128560329));
#4129=CARTESIAN_POINT('',(1.45124999999993,7.23863421758906,-5.91507128560329));
#4130=CARTESIAN_POINT('Origin',(0.998281249999925,7.38863421758906,-5.91507128560329));
#4131=CARTESIAN_POINT('',(1.06124999999993,7.43363421758917,-6.0581621658158));
#4132=CARTESIAN_POINT('Origin',(1.06124999999993,7.38863421758906,-5.91507128560329));
#4133=CARTESIAN_POINT('Ctrl Pts',(1.06124999999991,7.43363421758928,-6.05816216581577));
#4134=CARTESIAN_POINT('Ctrl Pts',(1.06204435427531,7.41933584063223,-6.06265879734194));
#4135=CARTESIAN_POINT('Ctrl Pts',(1.06287157257446,7.4044459112475,-6.0649865716028));
#4136=CARTESIAN_POINT('Ctrl Pts',(1.06453742860128,7.37446050276475,-6.06515152820086));
#4137=CARTESIAN_POINT('Ctrl Pts',(1.06536674704471,7.35953277078296,-6.06298388092978));
#4138=CARTESIAN_POINT('Ctrl Pts',(1.06719155037888,7.32668631076791,-6.05304091509749));
#4139=CARTESIAN_POINT('Ctrl Pts',(1.06808316184638,7.30945540320017,-6.04392719845604));
#4140=CARTESIAN_POINT('Ctrl Pts',(1.070087550986,7.27936416703908,-6.01963993581837));
#4141=CARTESIAN_POINT('Ctrl Pts',(1.0711560570099,7.26679959319848,-6.00468561524841));
#4142=CARTESIAN_POINT('Ctrl Pts',(1.07333547007833,7.24778641963346,-5.97036462614182));
#4143=CARTESIAN_POINT('Ctrl Pts',(1.07442537349162,7.24170339887747,-5.95122344276681));
#4144=CARTESIAN_POINT('Ctrl Pts',(1.07571580894163,7.23893259121483,-5.92600197215703));
#4145=CARTESIAN_POINT('Ctrl Pts',(1.07598718205314,7.23863421758907,-5.92053385404696));
#4146=CARTESIAN_POINT('Ctrl Pts',(1.07624999999993,7.23863421758906,-5.91507128560331));
#4147=CARTESIAN_POINT('Origin',(1.45124999999993,7.38863421758906,-5.91507128560329));
#4148=CARTESIAN_POINT('',(1.12624999999993,7.23863421758906,-5.91507128560329));
#4149=CARTESIAN_POINT('',(1.11999999999992,7.23863421758906,-5.9150712856033));
#4150=CARTESIAN_POINT('',(1.45124999999993,7.23863421758906,-5.91507128560329));
#4151=CARTESIAN_POINT('Ctrl Pts',(1.11999999999992,7.23863421758906,-5.91507128560331));
#4152=CARTESIAN_POINT('Ctrl Pts',(1.11978949890774,7.23863421758906,-5.91944646864385));
#4153=CARTESIAN_POINT('Ctrl Pts',(1.11957346198658,7.23882563068859,-5.92382619932443));
#4154=CARTESIAN_POINT('Ctrl Pts',(1.11835085260373,7.24095024895905,-5.94801100922096));
#4155=CARTESIAN_POINT('Ctrl Pts',(1.11726652339504,7.24661385741164,-5.96727848273521));
#4156=CARTESIAN_POINT('Ctrl Pts',(1.11508632527109,7.26489125256701,-6.00204059077716));
#4157=CARTESIAN_POINT('Ctrl Pts',(1.11401172571619,7.27715865339662,-6.01729313592847));
#4158=CARTESIAN_POINT('Ctrl Pts',(1.1119937913312,7.30669931745048,-6.04217980415857));
#4159=CARTESIAN_POINT('Ctrl Pts',(1.11111014007436,7.32365169624924,-6.05162598887461));
#4160=CARTESIAN_POINT('Ctrl Pts',(1.10904295631147,7.36086100398124,-6.06381791242562));
#4161=CARTESIAN_POINT('Ctrl Pts',(1.10793304631986,7.38083938383033,-6.06618728490038));
#4162=CARTESIAN_POINT('Ctrl Pts',(1.10576853769381,7.41980053909919,-6.06304446928267));
#4163=CARTESIAN_POINT('Ctrl Pts',(1.10473314174845,7.43843766611571,-6.05785513799321));
#4164=CARTESIAN_POINT('Ctrl Pts',(1.10279306342171,7.47335907599693,-6.04043402737779));
#4165=CARTESIAN_POINT('Ctrl Pts',(1.10181309396076,7.48919045915036,-6.02813241712173));
#4166=CARTESIAN_POINT('Ctrl Pts',(1.0996558636674,7.51502556877321,-5.99821113495633));
#4167=CARTESIAN_POINT('Ctrl Pts',(1.09855242279865,7.52482831543051,-5.98093616560386));
#4168=CARTESIAN_POINT('Ctrl Pts',(1.09644854187304,7.53699362356144,-5.94423146565336));
#4169=CARTESIAN_POINT('Ctrl Pts',(1.09551268903362,7.53948948890391,-5.92523353593749));
#4170=CARTESIAN_POINT('Ctrl Pts',(1.09358218742967,7.53721029930556,-5.88642470432));
#4171=CARTESIAN_POINT('Ctrl Pts',(1.09250608462378,7.53210821464026,-5.86700401746742));
#4172=CARTESIAN_POINT('Ctrl Pts',(1.09032646783041,7.51482463277651,-5.83168021378314));
#4173=CARTESIAN_POINT('Ctrl Pts',(1.08924449812271,7.50296291957383,-5.81604025902198));
#4174=CARTESIAN_POINT('Ctrl Pts',(1.08720894410428,7.47415741550179,-5.79036292877437));
#4175=CARTESIAN_POINT('Ctrl Pts',(1.08632952174726,7.45756560904109,-5.78047988790443));
#4176=CARTESIAN_POINT('Ctrl Pts',(1.08428511680083,7.42076632000542,-5.76719697296271));
#4177=CARTESIAN_POINT('Ctrl Pts',(1.08317617190218,7.40080531182968,-5.76423688455221));
#4178=CARTESIAN_POINT('Ctrl Pts',(1.08100136676472,7.36165881935529,-5.76627022876071));
#4179=CARTESIAN_POINT('Ctrl Pts',(1.07995537921854,7.34283104352416,-5.77094742611111));
#4180=CARTESIAN_POINT('Ctrl Pts',(1.07799597204691,7.30756171443478,-5.78734452541678));
#4181=CARTESIAN_POINT('Ctrl Pts',(1.07705076247171,7.29153012815079,-5.79906340780641));
#4182=CARTESIAN_POINT('Ctrl Pts',(1.0749142465906,7.26485868482285,-5.82807129150851));
#4183=CARTESIAN_POINT('Ctrl Pts',(1.07380764890332,7.25449965953883,-5.84509070648705));
#4184=CARTESIAN_POINT('Ctrl Pts',(1.07176675085804,7.2417082440707,-5.88012484861308));
#4185=CARTESIAN_POINT('Ctrl Pts',(1.07084359969579,7.23863421758906,-5.89753739518942));
#4186=CARTESIAN_POINT('Ctrl Pts',(1.06999999999992,7.23863421758906,-5.9150712856033));
#4187=CARTESIAN_POINT('Ctrl Pts',(1.07624999999992,7.23863421758906,-5.91507128560331));
#4188=CARTESIAN_POINT('Ctrl Pts',(1.07689855117858,7.23863421758906,-5.90159140249034));
#4189=CARTESIAN_POINT('Ctrl Pts',(1.07759570135869,7.24045077318021,-5.88815019696057));
#4190=CARTESIAN_POINT('Ctrl Pts',(1.07937586332431,7.24927039077386,-5.85624223391056));
#4191=CARTESIAN_POINT('Ctrl Pts',(1.0804717523908,7.25812779454676,-5.83857843185172));
#4192=CARTESIAN_POINT('Ctrl Pts',(1.08264354029085,7.28231726315796,-5.80740446423203));
#4193=CARTESIAN_POINT('Ctrl Pts',(1.08368736413055,7.29750677194023,-5.79427945302799));
#4194=CARTESIAN_POINT('Ctrl Pts',(1.08557083686727,7.33140928120121,-5.77510996883552));
#4195=CARTESIAN_POINT('Ctrl Pts',(1.08658423571801,7.34965046051461,-5.76897580628657));
#4196=CARTESIAN_POINT('Ctrl Pts',(1.08872475944911,7.3881798876743,-5.76376940849972));
#4197=CARTESIAN_POINT('Ctrl Pts',(1.08983395083108,7.40814533254982,-5.76503183460759));
#4198=CARTESIAN_POINT('Ctrl Pts',(1.09194216939442,7.44609326669006,-5.77515260812264));
#4199=CARTESIAN_POINT('Ctrl Pts',(1.09285273567015,7.46373934515584,-5.78377799879856));
#4200=CARTESIAN_POINT('Ctrl Pts',(1.09483704848823,7.49462421643005,-5.80718977748275));
#4201=CARTESIAN_POINT('Ctrl Pts',(1.09589590859978,7.50760647193517,-5.82170246290782));
#4202=CARTESIAN_POINT('Ctrl Pts',(1.09808173617385,7.52775252733569,-5.85550270537779));
#4203=CARTESIAN_POINT('Ctrl Pts',(1.09918794486056,7.53446356104832,-5.87462020404718));
#4204=CARTESIAN_POINT('Ctrl Pts',(1.10120106965404,7.53982962564854,-5.91336411829714));
#4205=CARTESIAN_POINT('Ctrl Pts',(1.10208606613113,7.53882479204672,-5.93255862203059));
#4206=CARTESIAN_POINT('Ctrl Pts',(1.10414477780714,7.5295713081118,-5.97000563924156));
#4207=CARTESIAN_POINT('Ctrl Pts',(1.10523538007761,7.52123428038431,-5.98785999655856));
#4208=CARTESIAN_POINT('Ctrl Pts',(1.10741125289448,7.49798001576407,-6.01965880785568));
#4209=CARTESIAN_POINT('Ctrl Pts',(1.10847475249091,7.48317280095706,-6.03321428241916));
#4210=CARTESIAN_POINT('Ctrl Pts',(1.11036703465324,7.44986966526038,-6.05331705422865));
#4211=CARTESIAN_POINT('Ctrl Pts',(1.11134846196242,7.43186190226419,-6.05996258029007));
#4212=CARTESIAN_POINT('Ctrl Pts',(1.11347415055282,7.39359950763698,-6.0662846326561));
#4213=CARTESIAN_POINT('Ctrl Pts',(1.11458155722709,7.37366618750012,-6.0656239930188));
#4214=CARTESIAN_POINT('Ctrl Pts',(1.11671114888625,7.33533353763529,-6.0566476618752));
#4215=CARTESIAN_POINT('Ctrl Pts',(1.11764656827684,7.31729920476053,-6.04847300445009));
#4216=CARTESIAN_POINT('Ctrl Pts',(1.1196122183723,7.28569896676837,-6.02586214033848));
#4217=CARTESIAN_POINT('Ctrl Pts',(1.12066151932277,7.27235175750082,-6.01175884449825));
#4218=CARTESIAN_POINT('Ctrl Pts',(1.12283933521094,7.25130792683599,-5.97864345258331));
#4219=CARTESIAN_POINT('Ctrl Pts',(1.12394775779053,7.24406407477352,-5.95978756183231));
#4220=CARTESIAN_POINT('Ctrl Pts',(1.12542630236968,7.23933249358921,-5.93178836951461));
#4221=CARTESIAN_POINT('Ctrl Pts',(1.12584792464322,7.23863421758906,-5.92342826495877));
#4222=CARTESIAN_POINT('Ctrl Pts',(1.12624999999993,7.23863421758906,-5.91507128560329));
#4223=CARTESIAN_POINT('Origin',(1.45124999999993,7.38863421758906,-5.91507128560329));
#4224=CARTESIAN_POINT('',(1.17624999999993,7.23863421758907,-5.91507128560329));
#4225=CARTESIAN_POINT('',(1.16999999999992,7.23863421758906,-5.9150712856033));
#4226=CARTESIAN_POINT('',(1.45124999999993,7.23863421758906,-5.91507128560329));
#4227=CARTESIAN_POINT('Ctrl Pts',(1.16999999999992,7.23863421758906,-5.9150712856033));
#4228=CARTESIAN_POINT('Ctrl Pts',(1.16965580636048,7.23863421758906,-5.92222521605712));
#4229=CARTESIAN_POINT('Ctrl Pts',(1.16929714258008,7.23914593891055,-5.92938446030026));
#4230=CARTESIAN_POINT('Ctrl Pts',(1.16789219624728,7.24303572638535,-5.95633995161853));
#4231=CARTESIAN_POINT('Ctrl Pts',(1.16678549193173,7.24984923640387,-5.97540858701708));
#4232=CARTESIAN_POINT('Ctrl Pts',(1.1646010609351,7.27016845167765,-6.0090798282706));
#4233=CARTESIAN_POINT('Ctrl Pts',(1.16354396593759,7.2832213733106,-6.02351502738139));
#4234=CARTESIAN_POINT('Ctrl Pts',(1.16156318047066,7.31424305835995,-6.04677450197894));
#4235=CARTESIAN_POINT('Ctrl Pts',(1.16064843665738,7.33196235775494,-6.05531451234899));
#4236=CARTESIAN_POINT('Ctrl Pts',(1.15853610139586,7.36998439246225,-6.06521872728998));
#4237=CARTESIAN_POINT('Ctrl Pts',(1.15742717342169,7.3899450959973,-6.06636669500085));
#4238=CARTESIAN_POINT('Ctrl Pts',(1.15528948086743,7.42842356197392,-6.06094808304664));
#4239=CARTESIAN_POINT('Ctrl Pts',(1.15427851738749,7.44662090461299,-6.05471733936874));
#4240=CARTESIAN_POINT('Ctrl Pts',(1.15240138564024,7.48040927606344,-6.03537150907571));
#4241=CARTESIAN_POINT('Ctrl Pts',(1.15135001089561,7.49552730036018,-6.02216599333663));
#4242=CARTESIAN_POINT('Ctrl Pts',(1.14917726205446,7.51954262322152,-5.99087150983583));
#4243=CARTESIAN_POINT('Ctrl Pts',(1.14808230497581,7.52830238483214,-5.97317070505165));
#4244=CARTESIAN_POINT('Ctrl Pts',(1.14601032845254,7.53838963379131,-5.93592935762904));
#4245=CARTESIAN_POINT('Ctrl Pts',(1.14511609840317,7.53982509402511,-5.91679679276947));
#4246=CARTESIAN_POINT('Ctrl Pts',(1.14313272165587,7.53537218535418,-5.87814396922692));
#4247=CARTESIAN_POINT('Ctrl Pts',(1.14204154868803,7.52918806114946,-5.85903477075942));
#4248=CARTESIAN_POINT('Ctrl Pts',(1.13986248320325,7.50999836386409,-5.82482292206099));
#4249=CARTESIAN_POINT('Ctrl Pts',(1.13879552249654,7.49736290824873,-5.80994164391737));
#4250=CARTESIAN_POINT('Ctrl Pts',(1.13679445153197,7.46713870052156,-5.78580011942239));
#4251=CARTESIAN_POINT('Ctrl Pts',(1.13590028597509,7.44983936514194,-5.7767674370564));
#4252=CARTESIAN_POINT('Ctrl Pts',(1.13381211426168,7.41225227430058,-5.76561603049998));
#4253=CARTESIAN_POINT('Ctrl Pts',(1.13270215374045,7.39227298491847,-5.76380541154504));
#4254=CARTESIAN_POINT('Ctrl Pts',(1.13054898473906,7.35351594289348,-5.76799239546223));
#4255=CARTESIAN_POINT('Ctrl Pts',(1.12952434073225,7.33507235077086,-5.77366108316999));
#4256=CARTESIAN_POINT('Ctrl Pts',(1.12760309039602,7.30048984471877,-5.79205721837822));
#4257=CARTESIAN_POINT('Ctrl Pts',(1.12658315270012,7.28485275126763,-5.80492730905549));
#4258=CARTESIAN_POINT('Ctrl Pts',(1.12440681032921,7.25983923059915,-5.83572017289714));
#4259=CARTESIAN_POINT('Ctrl Pts',(1.12330735933196,7.2505771945064,-5.85322439371777));
#4260=CARTESIAN_POINT('Ctrl Pts',(1.12145718342056,7.24075349589348,-5.88600786285695));
#4261=CARTESIAN_POINT('Ctrl Pts',(1.12070050508612,7.23863421758906,-5.90051156080038));
#4262=CARTESIAN_POINT('Ctrl Pts',(1.11999999999992,7.23863421758906,-5.91507128560331));
#4263=CARTESIAN_POINT('Ctrl Pts',(1.12624999999993,7.23863421758906,-5.91507128560329));
#4264=CARTESIAN_POINT('Ctrl Pts',(1.12676351949155,7.23863421758906,-5.90439798340128));
#4265=CARTESIAN_POINT('Ctrl Pts',(1.12730828250551,7.23977314559835,-5.89373285717484));
#4266=CARTESIAN_POINT('Ctrl Pts',(1.1289054405275,7.24617587554429,-5.86423316893108));
#4267=CARTESIAN_POINT('Ctrl Pts',(1.12998967278304,7.25396775601485,-5.84619646897259));
#4268=CARTESIAN_POINT('Ctrl Pts',(1.13216868563832,7.27624038908464,-5.81376564796277));
#4269=CARTESIAN_POINT('Ctrl Pts',(1.13324185069673,7.29064273864394,-5.7997755314849));
#4270=CARTESIAN_POINT('Ctrl Pts',(1.13516306386203,7.3233186586067,-5.77870931689769));
#4271=CARTESIAN_POINT('Ctrl Pts',(1.13610883382986,7.34109322652796,-5.77154132482853));
#4272=CARTESIAN_POINT('Ctrl Pts',(1.13821811041157,7.37906020499872,-5.76408748574948));
#4273=CARTESIAN_POINT('Ctrl Pts',(1.13932268119921,7.39894247917629,-5.76413583117102));
#4274=CARTESIAN_POINT('Ctrl Pts',(1.14147331643694,7.4376539134554,-5.7719315720301));
#4275=CARTESIAN_POINT('Ctrl Pts',(1.14244129797011,7.45609179837258,-5.7796417399849));
#4276=CARTESIAN_POINT('Ctrl Pts',(1.14438764259867,7.48841078346217,-5.80143637867197));
#4277=CARTESIAN_POINT('Ctrl Pts',(1.14542652493955,7.50211297405289,-5.81511817921593));
#4278=CARTESIAN_POINT('Ctrl Pts',(1.14759452768807,7.52403888853138,-5.84752033752602));
#4279=CARTESIAN_POINT('Ctrl Pts',(1.14870422985414,7.53181006585408,-5.86609837260177));
#4280=CARTESIAN_POINT('Ctrl Pts',(1.15076416533011,7.53948691408513,-5.90448109706538));
#4281=CARTESIAN_POINT('Ctrl Pts',(1.15164568777926,7.53960287085247,-5.92385475387862));
#4282=CARTESIAN_POINT('Ctrl Pts',(1.1536692975818,7.5324840297079,-5.96180462893969));
#4283=CARTESIAN_POINT('Ctrl Pts',(1.15474634330031,7.52523627656425,-5.98000611158962));
#4284=CARTESIAN_POINT('Ctrl Pts',(1.15692655742036,7.50395415396212,-6.0130337719041));
#4285=CARTESIAN_POINT('Ctrl Pts',(1.15800835881691,7.48996637172218,-6.02744274185276));
#4286=CARTESIAN_POINT('Ctrl Pts',(1.15995769646841,7.45792197139047,-6.04945812093731));
#4287=CARTESIAN_POINT('Ctrl Pts',(1.16087578793119,7.44037003482625,-6.05714237352432));
#4288=CARTESIAN_POINT('Ctrl Pts',(1.16296853723172,7.40270054741671,-6.06569540823623));
#4289=CARTESIAN_POINT('Ctrl Pts',(1.16406935750011,7.38288578258578,-6.06624145320599));
#4290=CARTESIAN_POINT('Ctrl Pts',(1.16623971320621,7.34381937987591,-6.05960956261774));
#4291=CARTESIAN_POINT('Ctrl Pts',(1.16724626222626,7.32498125530304,-6.05235797551954));
#4292=CARTESIAN_POINT('Ctrl Pts',(1.16917352399257,7.29197194576818,-6.03135852568047));
#4293=CARTESIAN_POINT('Ctrl Pts',(1.17020164380995,7.27794039575327,-6.0180905757391));
#4294=CARTESIAN_POINT('Ctrl Pts',(1.17235856572346,7.25518741240948,-5.98639623669158));
#4295=CARTESIAN_POINT('Ctrl Pts',(1.17346860110647,7.24691808883627,-5.96809888070369));
#4296=CARTESIAN_POINT('Ctrl Pts',(1.17512777111719,7.23991086702325,-5.93765930102024));
#4297=CARTESIAN_POINT('Ctrl Pts',(1.17570631414806,7.23863421758906,-5.92637158382871));
#4298=CARTESIAN_POINT('Ctrl Pts',(1.17624999999993,7.23863421758906,-5.91507128560329));
#4299=CARTESIAN_POINT('Origin',(1.45124999999993,7.38863421758906,-5.91507128560329));
#4300=CARTESIAN_POINT('',(1.22624999999993,7.23863421758906,-5.91507128560328));
#4301=CARTESIAN_POINT('',(1.21999999999993,7.23863421758906,-5.91507128560329));
#4302=CARTESIAN_POINT('',(1.45124999999993,7.23863421758906,-5.91507128560329));
#4303=CARTESIAN_POINT('Ctrl Pts',(1.21999999999992,7.23863421758906,-5.91507128560329));
#4304=CARTESIAN_POINT('Ctrl Pts',(1.21951203273445,7.23863421758906,-5.92521349475807));
#4305=CARTESIAN_POINT('Ctrl Pts',(1.21899570833567,7.23966264178089,-5.93535133487651));
#4306=CARTESIAN_POINT('Ctrl Pts',(1.21740762369354,7.24573851880228,-5.96485114508537));
#4307=CARTESIAN_POINT('Ctrl Pts',(1.21629778559601,7.25360916053615,-5.98337457963884));
#4308=CARTESIAN_POINT('Ctrl Pts',(1.2141318518034,7.27570070768245,-6.01563810744257));
#4309=CARTESIAN_POINT('Ctrl Pts',(1.21309504544775,7.28946913551525,-6.02923851735416));
#4310=CARTESIAN_POINT('Ctrl Pts',(1.21115244259136,7.32192502662253,-6.05087634204109));
#4311=CARTESIAN_POINT('Ctrl Pts',(1.21017738395138,7.34044130646288,-6.05849658253361));
#4312=CARTESIAN_POINT('Ctrl Pts',(1.2080227966732,7.37922387747006,-6.06606387017152));
#4313=CARTESIAN_POINT('Ctrl Pts',(1.20691888845167,7.39909422545761,-6.06599479724319));
#4314=CARTESIAN_POINT('Ctrl Pts',(1.20481282993848,7.43700327869509,-6.05832392480734));
#4315=CARTESIAN_POINT('Ctrl Pts',(1.20387307929216,7.45473359132212,-6.05105472628783));
#4316=CARTESIAN_POINT('Ctrl Pts',(1.20194631360817,7.4872866052982,-6.02980214496226));
#4317=CARTESIAN_POINT('Ctrl Pts',(1.20087138245227,7.50160877558782,-6.01572902931457));
#4318=CARTESIAN_POINT('Ctrl Pts',(1.19869198438755,7.52368872704721,-5.98317895709715));
#4319=CARTESIAN_POINT('Ctrl Pts',(1.1976090916897,7.53137430226337,-5.96510872395516));
#4320=CARTESIAN_POINT('Ctrl Pts',(1.1955712109165,7.5393493793953,-5.92735658041674));
#4321=CARTESIAN_POINT('Ctrl Pts',(1.19469181325481,7.53968649830728,-5.90805820983834));
#4322=CARTESIAN_POINT('Ctrl Pts',(1.19265047953795,7.5329428624347,-5.86952332527104));
#4323=CARTESIAN_POINT('Ctrl Pts',(1.19154173323068,7.52559562988054,-5.85072039272123));
#4324=CARTESIAN_POINT('Ctrl Pts',(1.18936569052649,7.50437835407022,-5.81774199434449));
#4325=CARTESIAN_POINT('Ctrl Pts',(1.18831835551868,7.49096105485226,-5.80372002630695));
#4326=CARTESIAN_POINT('Ctrl Pts',(1.1863564220639,7.45922080342491,-5.78126724791569));
#4327=CARTESIAN_POINT('Ctrl Pts',(1.18541526101831,7.44110891592005,-5.77318211162335));
#4328=CARTESIAN_POINT('Ctrl Pts',(1.18328153344328,7.40270181956946,-5.76443331476486));
#4329=CARTESIAN_POINT('Ctrl Pts',(1.18217459579678,7.38277694193251,-5.76389137929335));
#4330=CARTESIAN_POINT('Ctrl Pts',(1.1800520407015,7.34457095021739,-5.77043291109028));
#4331=CARTESIAN_POINT('Ctrl Pts',(1.17907807761153,7.32660872642734,-5.7771790920627));
#4332=CARTESIAN_POINT('Ctrl Pts',(1.17718018944791,7.29342545725499,-5.79746758739101));
#4333=CARTESIAN_POINT('Ctrl Pts',(1.17611475770005,7.27869502528508,-5.81110755155954));
#4334=CARTESIAN_POINT('Ctrl Pts',(1.17393813085748,7.2556280791558,-5.84303018336779));
#4335=CARTESIAN_POINT('Ctrl Pts',(1.17284868434995,7.24739554816074,-5.86092084981961));
#4336=CARTESIAN_POINT('Ctrl Pts',(1.17117612001632,7.24003286051029,-5.89143359698004));
#4337=CARTESIAN_POINT('Ctrl Pts',(1.17056907469096,7.23863421758906,-5.90324329026531));
#4338=CARTESIAN_POINT('Ctrl Pts',(1.16999999999992,7.23863421758906,-5.9150712856033));
#4339=CARTESIAN_POINT('Ctrl Pts',(1.17624999999993,7.23863421758906,-5.91507128560329));
#4340=CARTESIAN_POINT('Ctrl Pts',(1.17663090176453,7.23863421758906,-5.90715439109539));
#4341=CARTESIAN_POINT('Ctrl Pts',(1.17702942687297,7.23926089522658,-5.89923301476731));
#4342=CARTESIAN_POINT('Ctrl Pts',(1.17844678436519,7.24357445558089,-5.87226422773076));
#4343=CARTESIAN_POINT('Ctrl Pts',(1.17951622812818,7.25030371084833,-5.85392139387095));
#4344=CARTESIAN_POINT('Ctrl Pts',(1.18169582465516,7.27063225588427,-5.82035602172278));
#4345=CARTESIAN_POINT('Ctrl Pts',(1.18278493101992,7.28421547451526,-5.80556164595261));
#4346=CARTESIAN_POINT('Ctrl Pts',(1.18476040049786,7.31565175423225,-5.7826520284544));
#4347=CARTESIAN_POINT('Ctrl Pts',(1.18565920625929,7.33299993025768,-5.77447886800011));
#4348=CARTESIAN_POINT('Ctrl Pts',(1.18773608507348,7.37038374891307,-5.76490372126951));
#4349=CARTESIAN_POINT('Ctrl Pts',(1.18883253452656,7.39011983906852,-5.76380621288829));
#4350=CARTESIAN_POINT('Ctrl Pts',(1.19100370007153,7.42920081887788,-5.76929813679971));
#4351=CARTESIAN_POINT('Ctrl Pts',(1.19204297051334,7.44814094358238,-5.77595308742038));
#4352=CARTESIAN_POINT('Ctrl Pts',(1.19393033084154,7.48163392613157,-5.79584395269708));
#4353=CARTESIAN_POINT('Ctrl Pts',(1.19494521834339,7.49602851698846,-5.80862727239719));
#4354=CARTESIAN_POINT('Ctrl Pts',(1.19708745723506,7.51970396436402,-5.83948384570956));
#4355=CARTESIAN_POINT('Ctrl Pts',(1.19819679349232,7.52853349131606,-5.8574432369764));
#4356=CARTESIAN_POINT('Ctrl Pts',(1.20027996747253,7.53849647190039,-5.89498906554332));
#4357=CARTESIAN_POINT('Ctrl Pts',(1.20117168107961,7.5398328920269,-5.91413551242248));
#4358=CARTESIAN_POINT('Ctrl Pts',(1.20315991880579,7.53517559449741,-5.95277136555138));
#4359=CARTESIAN_POINT('Ctrl Pts',(1.20425232795423,7.52889071898377,-5.9718480887547));
#4360=CARTESIAN_POINT('Ctrl Pts',(1.20643098530338,7.5095254407655,-6.00595008281467));
#4361=CARTESIAN_POINT('Ctrl Pts',(1.20749637627614,7.49681964373874,-6.02075812301782));
#4362=CARTESIAN_POINT('Ctrl Pts',(1.20949411954715,7.46646281254121,-6.04475391250464));
#4363=CARTESIAN_POINT('Ctrl Pts',(1.21039108009145,7.44909477594169,-6.05370546989339));
#4364=CARTESIAN_POINT('Ctrl Pts',(1.21248329674447,7.4114348761873,-6.06465197399959));
#4365=CARTESIAN_POINT('Ctrl Pts',(1.21359316866839,7.39145718155668,-6.06635316674085));
#4366=CARTESIAN_POINT('Ctrl Pts',(1.21574393408439,7.35274340406869,-6.06196229645258));
#4367=CARTESIAN_POINT('Ctrl Pts',(1.21676638865373,7.33433922182052,-6.05620031137538));
#4368=CARTESIAN_POINT('Ctrl Pts',(1.21867365138093,7.30000849273099,-6.03771157596762));
#4369=CARTESIAN_POINT('Ctrl Pts',(1.2196905437654,7.28454924778636,-6.02489796817767));
#4370=CARTESIAN_POINT('Ctrl Pts',(1.22185810659932,7.25969892327265,-5.99419336224187));
#4371=CARTESIAN_POINT('Ctrl Pts',(1.22295728930839,7.25046941300296,-5.97667593889347));
#4372=CARTESIAN_POINT('Ctrl Pts',(1.22480182888044,7.2407282062947,-5.9439619921445));
#4373=CARTESIAN_POINT('Ctrl Pts',(1.22555368643753,7.23863421758906,-5.92954389122005));
#4374=CARTESIAN_POINT('Ctrl Pts',(1.22624999999993,7.23863421758906,-5.91507128560327));
#4375=CARTESIAN_POINT('Origin',(1.45124999999993,7.38863421758906,-5.91507128560329));
#4376=CARTESIAN_POINT('',(1.27624999999993,7.23863421758906,-5.91507128560329));
#4377=CARTESIAN_POINT('',(1.26999999999993,7.23863421758906,-5.91507128560328));
#4378=CARTESIAN_POINT('',(1.45124999999993,7.23863421758906,-5.91507128560329));
#4379=CARTESIAN_POINT('Ctrl Pts',(1.26999999999993,7.23863421758906,-5.91507128560328));
#4380=CARTESIAN_POINT('Ctrl Pts',(1.26935942002729,7.23863421758906,-5.92838549031029));
#4381=CARTESIAN_POINT('Ctrl Pts',(1.26867135960977,7.24040639381765,-5.9416633911096));
#4382=CARTESIAN_POINT('Ctrl Pts',(1.26690196612334,7.24907553154268,-5.97343441511523));
#4383=CARTESIAN_POINT('Ctrl Pts',(1.26580666905314,7.25787057551567,-5.99112191620951));
#4384=CARTESIAN_POINT('Ctrl Pts',(1.2636342604848,7.28194885904557,-6.02237297691379));
#4385=CARTESIAN_POINT('Ctrl Pts',(1.26258563729395,7.29709274629653,-6.0355494598254));
#4386=CARTESIAN_POINT('Ctrl Pts',(1.26070620967454,7.330922443446,-6.05483167763115));
#4387=CARTESIAN_POINT('Ctrl Pts',(1.25969436338988,7.3491356765698,-6.06102757420442));
#4388=CARTESIAN_POINT('Ctrl Pts',(1.25755564098629,7.38763267983443,-6.06636958987336));
#4389=CARTESIAN_POINT('Ctrl Pts',(1.25644661379807,7.40759516922241,-6.0651802960854));
#4390=CARTESIAN_POINT('Ctrl Pts',(1.25433576213166,7.4455904992178,-6.05519783338648));
#4391=CARTESIAN_POINT('Ctrl Pts',(1.25342255652681,7.46328332825268,-6.04662697937147));
#4392=CARTESIAN_POINT('Ctrl Pts',(1.25144049631327,7.49425565829549,-6.02331251453697));
#4393=CARTESIAN_POINT('Ctrl Pts',(1.25038276110568,7.50728313397331,-6.00884931768039));
#4394=CARTESIAN_POINT('Ctrl Pts',(1.24819781889949,7.52753996024921,-5.97513143083099));
#4395=CARTESIAN_POINT('Ctrl Pts',(1.24709128945237,7.53431653261222,-5.9560451040392));
#4396=CARTESIAN_POINT('Ctrl Pts',(1.24507524222977,7.53982335181466,-5.91732171294821));
#4397=CARTESIAN_POINT('Ctrl Pts',(1.24419130201712,7.53888672843919,-5.89811702646555));
#4398=CARTESIAN_POINT('Ctrl Pts',(1.24213470474753,7.52976467679571,-5.86063807389796));
#4399=CARTESIAN_POINT('Ctrl Pts',(1.24104483783557,7.52149446088973,-5.84276042696176));
#4400=CARTESIAN_POINT('Ctrl Pts',(1.23891004025586,7.49880175480249,-5.8114911324696));
#4401=CARTESIAN_POINT('Ctrl Pts',(1.23788399734707,7.48471039183402,-5.79830088322016));
#4402=CARTESIAN_POINT('Ctrl Pts',(1.23596033560128,7.45157302029557,-5.77745019503478));
#4403=CARTESIAN_POINT('Ctrl Pts',(1.23494583772868,7.43265929670673,-5.7702851436581));
#4404=CARTESIAN_POINT('Ctrl Pts',(1.23277188375281,7.39352812514098,-5.76387246230491));
#4405=CARTESIAN_POINT('Ctrl Pts',(1.23167187289859,7.37372792976504,-5.76452937857834));
#4406=CARTESIAN_POINT('Ctrl Pts',(1.22958227233795,7.33611511967358,-5.77328767118103));
#4407=CARTESIAN_POINT('Ctrl Pts',(1.22866856177213,7.31860434692264,-5.78106938828514));
#4408=CARTESIAN_POINT('Ctrl Pts',(1.22671397332667,7.28668041706924,-5.80326345673578));
#4409=CARTESIAN_POINT('Ctrl Pts',(1.22563064691835,7.27277239981001,-5.81775017579191));
#4410=CARTESIAN_POINT('Ctrl Pts',(1.22345041962187,7.25167927041377,-5.85088722525152));
#4411=CARTESIAN_POINT('Ctrl Pts',(1.22237482836986,7.24453468770931,-5.86911804286385));
#4412=CARTESIAN_POINT('Ctrl Pts',(1.22088757668517,7.23944228598381,-5.89708988913498));
#4413=CARTESIAN_POINT('Ctrl Pts',(1.2204325351399,7.23863421758906,-5.90608121154134));
#4414=CARTESIAN_POINT('Ctrl Pts',(1.21999999999993,7.23863421758906,-5.91507128560329));
#4415=CARTESIAN_POINT('Ctrl Pts',(1.22624999999993,7.23863421758906,-5.91507128560327));
#4416=CARTESIAN_POINT('Ctrl Pts',(1.22646469679534,7.23863421758906,-5.91060889650877));
#4417=CARTESIAN_POINT('Ctrl Pts',(1.22668514836908,7.23883333679715,-5.90614185812127));
#4418=CARTESIAN_POINT('Ctrl Pts',(1.22791317774157,7.24100806468792,-5.88187332665835));
#4419=CARTESIAN_POINT('Ctrl Pts',(1.22899797356095,7.24670541256787,-5.86261563429033));
#4420=CARTESIAN_POINT('Ctrl Pts',(1.23117814740674,7.26504220442511,-5.82788832356233));
#4421=CARTESIAN_POINT('Ctrl Pts',(1.23225227553434,7.27733369693697,-5.81265948618273));
#4422=CARTESIAN_POINT('Ctrl Pts',(1.23426913308414,7.30691859855372,-5.78782074012046));
#4423=CARTESIAN_POINT('Ctrl Pts',(1.23515326974533,7.32389307300627,-5.77840109489843));
#4424=CARTESIAN_POINT('Ctrl Pts',(1.23722181823731,7.36112694586197,-5.76627573147151));
#4425=CARTESIAN_POINT('Ctrl Pts',(1.23833175670424,7.38110583826676,-5.76394224690594));
#4426=CARTESIAN_POINT('Ctrl Pts',(1.24049558382988,7.42005472652827,-5.76715228231198));
#4427=CARTESIAN_POINT('Ctrl Pts',(1.24153031065372,7.43867980935745,-5.77237255033122));
#4428=CARTESIAN_POINT('Ctrl Pts',(1.24346919611333,7.47357974763028,-5.7898560812675));
#4429=CARTESIAN_POINT('Ctrl Pts',(1.24445152373691,7.48939881288588,-5.80219368414315));
#4430=CARTESIAN_POINT('Ctrl Pts',(1.24660999630639,7.51518207395281,-5.83217072131053));
#4431=CARTESIAN_POINT('Ctrl Pts',(1.24771321069914,7.52495051942995,-5.8494607872434));
#4432=CARTESIAN_POINT('Ctrl Pts',(1.24981606092163,7.53704690330648,-5.88618385786878));
#4433=CARTESIAN_POINT('Ctrl Pts',(1.25075011777101,7.53950783457308,-5.90518581158491));
#4434=CARTESIAN_POINT('Ctrl Pts',(1.25268238172871,7.53715755072632,-5.9439902267537));
#4435=CARTESIAN_POINT('Ctrl Pts',(1.25375903255018,7.53201980907864,-5.96340171732782));
#4436=CARTESIAN_POINT('Ctrl Pts',(1.25593874114185,7.51467282511921,-5.99869082378693));
#4437=CARTESIAN_POINT('Ctrl Pts',(1.25702026934768,7.50278508636644,-6.01430657624568));
#4438=CARTESIAN_POINT('Ctrl Pts',(1.25905472085288,7.4739329479866,-6.03993406685585));
#4439=CARTESIAN_POINT('Ctrl Pts',(1.25993419939097,7.45731862855022,-6.0497896218217));
#4440=CARTESIAN_POINT('Ctrl Pts',(1.26198005408333,7.42049324408779,-6.06300416482255));
#4441=CARTESIAN_POINT('Ctrl Pts',(1.2630890872214,7.40053064760242,-6.0659271064284));
#4442=CARTESIAN_POINT('Ctrl Pts',(1.26526329597709,7.36139489000013,-6.06382382570352));
#4443=CARTESIAN_POINT('Ctrl Pts',(1.26630864090564,7.34257868128627,-6.05911426151105));
#4444=CARTESIAN_POINT('Ctrl Pts',(1.26826684909771,7.30733093382887,-6.04265294146303));
#4445=CARTESIAN_POINT('Ctrl Pts',(1.26921402103202,7.29131181261456,-6.03089793857579));
#4446=CARTESIAN_POINT('Ctrl Pts',(1.27135185373295,7.26469204087463,-6.00183285268255));
#4447=CARTESIAN_POINT('Ctrl Pts',(1.27245828411845,7.25436753851831,-5.98479698318456));
#4448=CARTESIAN_POINT('Ctrl Pts',(1.27449316639437,7.24167509069926,-5.94983073747767));
#4449=CARTESIAN_POINT('Ctrl Pts',(1.27541095833111,7.23863421758906,-5.93251043920402));
#4450=CARTESIAN_POINT('Ctrl Pts',(1.27624999999993,7.23863421758906,-5.91507128560329));
#4451=CARTESIAN_POINT('Origin',(1.45124999999993,7.38863421758906,-5.91507128560329));
#4452=CARTESIAN_POINT('',(1.32624999999993,7.23863421758906,-5.91507128560329));
#4453=CARTESIAN_POINT('',(1.31999999999993,7.23863421758906,-5.91507128560329));
#4454=CARTESIAN_POINT('',(1.45124999999993,7.23863421758906,-5.91507128560329));
#4455=CARTESIAN_POINT('Ctrl Pts',(1.31999999999993,7.23863421758906,-5.91507128560328));
#4456=CARTESIAN_POINT('Ctrl Pts',(1.31922408162463,7.23863421758906,-5.93119844618575));
#4457=CARTESIAN_POINT('Ctrl Pts',(1.31838012710371,7.24123451710009,-5.9472384278772));
#4458=CARTESIAN_POINT('Ctrl Pts',(1.31642898747938,7.25258602659104,-5.98123830636101));
#4459=CARTESIAN_POINT('Ctrl Pts',(1.31532528227902,7.26242952652048,-5.99849524083004));
#4460=CARTESIAN_POINT('Ctrl Pts',(1.31316953320524,7.28832619265531,-6.02835019675591));
#4461=CARTESIAN_POINT('Ctrl Pts',(1.31219233363165,7.30417221221799,-6.04060905489812));
#4462=CARTESIAN_POINT('Ctrl Pts',(1.31025083826652,7.33911912879034,-6.05795589930973));
#4463=CARTESIAN_POINT('Ctrl Pts',(1.30921464968936,7.35777052317921,-6.06310837963758));
#4464=CARTESIAN_POINT('Ctrl Pts',(1.30704933822801,7.39674612948349,-6.06617115493146));
#4465=CARTESIAN_POINT('Ctrl Pts',(1.30593946663889,7.41672381808773,-6.06375906451817));
#4466=CARTESIAN_POINT('Ctrl Pts',(1.3038739103162,7.45390383189606,-6.05148795869493));
#4467=CARTESIAN_POINT('Ctrl Pts',(1.30299080267001,7.4708299428845,-6.04201018396463));
#4468=CARTESIAN_POINT('Ctrl Pts',(1.30097158760671,7.50031788762722,-6.01706645982701));
#4469=CARTESIAN_POINT('Ctrl Pts',(1.29989643039058,7.51255652982409,-6.00178572010042));
#4470=CARTESIAN_POINT('Ctrl Pts',(1.29771621215642,7.53076307922475,-5.96698229126013));
#4471=CARTESIAN_POINT('Ctrl Pts',(1.29663244325947,7.53638647158066,-5.94770324483231));
#4472=CARTESIAN_POINT('Ctrl Pts',(1.29467631276405,7.53970843068924,-5.90896376996622));
#4473=CARTESIAN_POINT('Ctrl Pts',(1.29376384093447,7.53772309192279,-5.88990424056074));
#4474=CARTESIAN_POINT('Ctrl Pts',(1.29167516890388,7.52656215853218,-5.85293577553013));
#4475=CARTESIAN_POINT('Ctrl Pts',(1.29057540231445,7.51726135845539,-5.83544737564596));
#4476=CARTESIAN_POINT('Ctrl Pts',(1.28840039670009,7.49218861959403,-5.80471648540698));
#4477=CARTESIAN_POINT('Ctrl Pts',(1.2873835198636,7.47653757513515,-5.79188723606302));
#4478=CARTESIAN_POINT('Ctrl Pts',(1.28546091770804,7.44193073633517,-5.77356038850836));
#4479=CARTESIAN_POINT('Ctrl Pts',(1.28443548873124,7.42347301475272,-5.7679254855518));
#4480=CARTESIAN_POINT('Ctrl Pts',(1.28228146532299,7.3847005934043,-5.7638122791468));
#4481=CARTESIAN_POINT('Ctrl Pts',(1.28117148071897,7.36472087053195,-5.76566246845691));
#4482=CARTESIAN_POINT('Ctrl Pts',(1.27908477701246,7.32716020381463,-5.77688787540337));
#4483=CARTESIAN_POINT('Ctrl Pts',(1.27819156309695,7.30988565009538,-5.7859498776115));
#4484=CARTESIAN_POINT('Ctrl Pts',(1.27618929086117,7.27970949732564,-5.81014411460217));
#4485=CARTESIAN_POINT('Ctrl Pts',(1.27512176838859,7.26709961701373,-5.82505183473843));
#4486=CARTESIAN_POINT('Ctrl Pts',(1.27294257017487,7.24797365904479,-5.85930324206768));
#4487=CARTESIAN_POINT('Ctrl Pts',(1.27185185254157,7.24182606310112,-5.8784240661858));
#4488=CARTESIAN_POINT('Ctrl Pts',(1.27055088829062,7.23895123542633,-5.9038043178317));
#4489=CARTESIAN_POINT('Ctrl Pts',(1.27027090543334,7.23863421758907,-5.90944062190667));
#4490=CARTESIAN_POINT('Ctrl Pts',(1.26999999999993,7.23863421758907,-5.91507128560328));
#4491=CARTESIAN_POINT('Ctrl Pts',(1.27624999999993,7.23863421758906,-5.91507128560329));
#4492=CARTESIAN_POINT('Ctrl Pts',(1.27632420462861,7.23863421758906,-5.91352897135893));
#4493=CARTESIAN_POINT('Ctrl Pts',(1.27639911173201,7.23865800481869,-5.91198579001492));
#4494=CARTESIAN_POINT('Ctrl Pts',(1.27744794411554,7.23931927286323,-5.89056800157569));
#4495=CARTESIAN_POINT('Ctrl Pts',(1.2785152785435,7.2438783806141,-5.87101607416819));
#4496=CARTESIAN_POINT('Ctrl Pts',(1.28069258979662,7.26019159570265,-5.83517994871941));
#4497=CARTESIAN_POINT('Ctrl Pts',(1.28178084407169,7.2716526036442,-5.81917802438796));
#4498=CARTESIAN_POINT('Ctrl Pts',(1.28383291035785,7.29974808733968,-5.792747562645));
#4499=CARTESIAN_POINT('Ctrl Pts',(1.2847149638473,7.31600356684188,-5.78244930519929));
#4500=CARTESIAN_POINT('Ctrl Pts',(1.2867372282023,7.35240432523177,-5.76813948937242));
#4501=CARTESIAN_POINT('Ctrl Pts',(1.2878443964856,7.37233335433118,-5.76461969103086));
#4502=CARTESIAN_POINT('Ctrl Pts',(1.29002735855796,7.41162667163378,-5.7655965440892));
#4503=CARTESIAN_POINT('Ctrl Pts',(1.29108264862461,7.43062189283342,-5.76978343585346));
#4504=CARTESIAN_POINT('Ctrl Pts',(1.29305986755617,7.46621183360149,-5.7852151739477));
#4505=CARTESIAN_POINT('Ctrl Pts',(1.29397908496533,7.48242972978613,-5.79639783067675));
#4506=CARTESIAN_POINT('Ctrl Pts',(1.29609554619845,7.5098656607574,-5.82454750920111));
#4507=CARTESIAN_POINT('Ctrl Pts',(1.29720417252597,7.52073753290486,-5.84131299640083));
#4508=CARTESIAN_POINT('Ctrl Pts',(1.29933952925773,7.53507665730399,-5.87741685528934));
#4509=CARTESIAN_POINT('Ctrl Pts',(1.300346021253,7.53866889696155,-5.89630246232461));
#4510=CARTESIAN_POINT('Ctrl Pts',(1.30222074516627,7.53859749961747,-5.93522664586425));
#4511=CARTESIAN_POINT('Ctrl Pts',(1.3032780160451,7.53460924249022,-5.9548989870922));
#4512=CARTESIAN_POINT('Ctrl Pts',(1.30545108856715,7.5193260374973,-5.99124168877614));
#4513=CARTESIAN_POINT('Ctrl Pts',(1.30654507281747,7.5082951406052,-6.00761103313677));
#4514=CARTESIAN_POINT('Ctrl Pts',(1.30861396210974,7.4809468763301,-6.03482256182914));
#4515=CARTESIAN_POINT('Ctrl Pts',(1.30950563631913,7.46503276384329,-6.04555186418783));
#4516=CARTESIAN_POINT('Ctrl Pts',(1.31149395381669,7.42924304888738,-6.06083340073775));
#4517=CARTESIAN_POINT('Ctrl Pts',(1.31258638303189,7.4095793230137,-6.06492719774317));
#4518=CARTESIAN_POINT('Ctrl Pts',(1.31476503315947,7.37036362071719,-6.0652039691782));
#4519=CARTESIAN_POINT('Ctrl Pts',(1.31583039809431,7.35118705189005,-6.06160284411889));
#4520=CARTESIAN_POINT('Ctrl Pts',(1.31782808651805,7.31522866026287,-6.0473078648066));
#4521=CARTESIAN_POINT('Ctrl Pts',(1.31872509507462,7.29879295635668,-6.03674083341484));
#4522=CARTESIAN_POINT('Ctrl Pts',(1.32081737813015,7.27048538203898,-6.00959693239535));
#4523=CARTESIAN_POINT('Ctrl Pts',(1.32192724832521,7.25902483406406,-5.99314546404174));
#4524=CARTESIAN_POINT('Ctrl Pts',(1.32407797367436,7.24347381617555,-5.95742186147167));
#4525=CARTESIAN_POINT('Ctrl Pts',(1.32510039197397,7.2392634055409,-5.93860217788678));
#4526=CARTESIAN_POINT('Ctrl Pts',(1.32610748069257,7.2386559562254,-5.91802094297254));
#4527=CARTESIAN_POINT('Ctrl Pts',(1.32617906261471,7.23863421758906,-5.9165456914675));
#4528=CARTESIAN_POINT('Ctrl Pts',(1.32624999999993,7.23863421758906,-5.91507128560329));
#4529=CARTESIAN_POINT('Origin',(1.45124999999993,7.38863421758906,-5.91507128560329));
#4530=CARTESIAN_POINT('',(1.37624999999992,7.23863421758906,-5.91507128560331));
#4531=CARTESIAN_POINT('',(1.37000000003731,7.23863421758906,-5.91507128521479));
#4532=CARTESIAN_POINT('',(1.45124999999993,7.23863421758906,-5.91507128560329));
#4533=CARTESIAN_POINT('',(1.41877404735801,7.29919608109857,-6.0354906351328));
#4534=CARTESIAN_POINT('Ctrl Pts',(1.37624999999992,7.23863421758906,-5.91507128560332));
#4535=CARTESIAN_POINT('Ctrl Pts',(1.37698581096961,7.23863421758906,-5.89977774179221));
#4536=CARTESIAN_POINT('Ctrl Pts',(1.37778339079958,7.24097253685068,-5.88455038558409));
#4537=CARTESIAN_POINT('Ctrl Pts',(1.37968594183489,7.25153119370845,-5.85110264827742));
#4538=CARTESIAN_POINT('Ctrl Pts',(1.38079236428125,7.26112391424677,-5.83364444936166));
#4539=CARTESIAN_POINT('Ctrl Pts',(1.38291171808676,7.28605594117596,-5.80398902017642));
#4540=CARTESIAN_POINT('Ctrl Pts',(1.3838783802309,7.30094506174662,-5.79189740159963));
#4541=CARTESIAN_POINT('Ctrl Pts',(1.38578195461482,7.33520940065726,-5.77350450642907));
#4542=CARTESIAN_POINT('Ctrl Pts',(1.38684931749776,7.3544219325501,-5.76767849747344));
#4543=CARTESIAN_POINT('Ctrl Pts',(1.38902663853221,7.39361371117022,-5.76389148825286));
#4544=CARTESIAN_POINT('Ctrl Pts',(1.39011487455435,7.41320195956881,-5.76581769158503));
#4545=CARTESIAN_POINT('Ctrl Pts',(1.39216689034102,7.45013824372877,-5.77693693497448));
#4546=CARTESIAN_POINT('Ctrl Pts',(1.39304892567696,7.46718393997137,-5.78586699377134));
#4547=CARTESIAN_POINT('Ctrl Pts',(1.39507125897717,7.49777487611709,-5.81023871686232));
#4548=CARTESIAN_POINT('Ctrl Pts',(1.39617843400935,7.51078619547458,-5.82573882903212));
#4549=CARTESIAN_POINT('Ctrl Pts',(1.39836137337864,7.52958384964395,-5.86025754110666));
#4550=CARTESIAN_POINT('Ctrl Pts',(1.399416635929,7.5354539455933,-5.87880165986076));
#4551=CARTESIAN_POINT('Ctrl Pts',(1.40139380079284,7.539881586049,-5.91733996044121));
#4552=CARTESIAN_POINT('Ctrl Pts',(1.40231308793632,7.53830437581746,-5.93697671919265));
#4553=CARTESIAN_POINT('Ctrl Pts',(1.40442961143569,7.5276405719064,-5.97481108396986));
#4554=CARTESIAN_POINT('Ctrl Pts',(1.40553823291847,7.51855570105665,-5.99260819615371));
#4555=CARTESIAN_POINT('Ctrl Pts',(1.40767354477733,7.49445600738184,-6.02307585507771));
#4556=CARTESIAN_POINT('Ctrl Pts',(1.40867991318625,7.47989578023526,-6.03562830738982));
#4557=CARTESIAN_POINT('Ctrl Pts',(1.41055471953749,7.4461492659129,-6.05502572155655));
#4558=CARTESIAN_POINT('Ctrl Pts',(1.41161202027583,7.42711785262268,-6.06140639423001));
#4559=CARTESIAN_POINT('Ctrl Pts',(1.41378510747508,7.38800228303632,-6.06633885200004));
#4560=CARTESIAN_POINT('Ctrl Pts',(1.41487907667841,7.3683108373763,-6.06496890242632));
#4561=CARTESIAN_POINT('Ctrl Pts',(1.41693467432316,7.33131007977089,-6.05495196710548));
#4562=CARTESIAN_POINT('Ctrl Pts',(1.41781665555097,7.31427026373409,-6.04668656676094));
#4563=CARTESIAN_POINT('Ctrl Pts',(1.41877404735801,7.29919608109858,-6.0354906351328));
#4564=CARTESIAN_POINT('',(1.41877404735801,7.2406211548477,-5.93940507400383));
#4565=CARTESIAN_POINT('Origin',(1.41877404735801,7.38863421758906,-5.91507128560329));
#4566=CARTESIAN_POINT('Ctrl Pts',(1.41877404735802,7.24062115484768,-5.93940507400369));
#4567=CARTESIAN_POINT('Ctrl Pts',(1.41789578841227,7.24336205049223,-5.95607688656033));
#4568=CARTESIAN_POINT('Ctrl Pts',(1.41696798653644,7.24889948410757,-5.97216384763147));
#4569=CARTESIAN_POINT('Ctrl Pts',(1.41508781942964,7.26512989584885,-6.00187175451187));
#4570=CARTESIAN_POINT('Ctrl Pts',(1.41414881516444,7.27572750311452,-6.0152700602545));
#4571=CARTESIAN_POINT('Ctrl Pts',(1.41223646816565,7.30264715102062,-6.03947538025271));
#4572=CARTESIAN_POINT('Ctrl Pts',(1.4113523365167,7.31929216028703,-6.04946555771571));
#4573=CARTESIAN_POINT('Ctrl Pts',(1.4093354681327,7.35559579119917,-6.06266683499927));
#4574=CARTESIAN_POINT('Ctrl Pts',(1.40826133525055,7.37493018307788,-6.06569683224546));
#4575=CARTESIAN_POINT('Ctrl Pts',(1.40608116112708,7.41417331730021,-6.06421261242517));
#4576=CARTESIAN_POINT('Ctrl Pts',(1.40499636998185,7.43369955791445,-6.05951747123912));
#4577=CARTESIAN_POINT('Ctrl Pts',(1.40303664367463,7.46897463144433,-6.04315802882219));
#4578=CARTESIAN_POINT('Ctrl Pts',(1.40212697555383,7.48453200460244,-6.03196676353575));
#4579=CARTESIAN_POINT('Ctrl Pts',(1.40004047545093,7.51106938307101,-6.00392103587945));
#4580=CARTESIAN_POINT('Ctrl Pts',(1.39894129002933,7.52162488345264,-5.98716911690033));
#4581=CARTESIAN_POINT('Ctrl Pts',(1.39676384121532,7.5358546697781,-5.95012726414508));
#4582=CARTESIAN_POINT('Ctrl Pts',(1.39574133852596,7.5392171340969,-5.93014317051295));
#4583=CARTESIAN_POINT('Ctrl Pts',(1.39382121134712,7.53791729278135,-5.8909845402775));
#4584=CARTESIAN_POINT('Ctrl Pts',(1.39279722098044,7.53363485246747,-5.87217376824677));
#4585=CARTESIAN_POINT('Ctrl Pts',(1.39064476642056,7.51794176053144,-5.83649625119628));
#4586=CARTESIAN_POINT('Ctrl Pts',(1.38953482907323,7.50641269896248,-5.82008294345094));
#4587=CARTESIAN_POINT('Ctrl Pts',(1.38744544218462,7.47800399049258,-5.79305762796047));
#4588=CARTESIAN_POINT('Ctrl Pts',(1.38655046369335,7.46154256407064,-5.78256232783158));
#4589=CARTESIAN_POINT('Ctrl Pts',(1.38455038968403,7.42554123190294,-5.76840182988554));
#4590=CARTESIAN_POINT('Ctrl Pts',(1.38348389717741,7.40634436678375,-5.7648705538871));
#4591=CARTESIAN_POINT('Ctrl Pts',(1.38130494775003,7.36712327709088,-5.76529559089952));
#4592=CARTESIAN_POINT('Ctrl Pts',(1.38021340056134,7.34747542769448,-5.76946353874207));
#4593=CARTESIAN_POINT('Ctrl Pts',(1.37822856314798,7.31174835425414,-5.78487798062256));
#4594=CARTESIAN_POINT('Ctrl Pts',(1.37733511310096,7.2958783446743,-5.79566373494251));
#4595=CARTESIAN_POINT('Ctrl Pts',(1.37526404733428,7.26862863963165,-5.82297740400517));
#4596=CARTESIAN_POINT('Ctrl Pts',(1.37416937462273,7.2576550684679,-5.83939415478854));
#4597=CARTESIAN_POINT('Ctrl Pts',(1.37200183831076,7.24254203493704,-5.87572003704636));
#4598=CARTESIAN_POINT('Ctrl Pts',(1.37095108107453,7.23863421769146,-5.89530343674239));
#4599=CARTESIAN_POINT('Ctrl Pts',(1.37000000003731,7.23863421758906,-5.91507128482628));
#4600=CARTESIAN_POINT('Origin',(1.45124999999993,7.38863421758906,-5.91507128560329));
#4601=CARTESIAN_POINT('',(1.43540063509454,7.52200762985254,-5.91507128560329));
#4602=CARTESIAN_POINT('',(1.45124999999993,7.50615826494715,-5.91507128560329));
#4603=CARTESIAN_POINT('',(1.45124999999993,7.50615826494715,-5.91507128560329));
#4604=CARTESIAN_POINT('Ctrl Pts',(1.43540063509454,7.52200762985254,-5.91507128560329));
#4605=CARTESIAN_POINT('Ctrl Pts',(1.43523559793069,7.52217266701638,-5.910260347463));
#4606=CARTESIAN_POINT('Ctrl Pts',(1.43506625734501,7.52208075156549,-5.90545680818934));
#4607=CARTESIAN_POINT('Ctrl Pts',(1.43428591969343,7.52053706652817,-5.88387860027186));
#4608=CARTESIAN_POINT('Ctrl Pts',(1.43363639910372,7.51621105957915,-5.86742147893512));
#4609=CARTESIAN_POINT('Ctrl Pts',(1.43227561304449,7.50120311768605,-5.83576497777422));
#4610=CARTESIAN_POINT('Ctrl Pts',(1.43157712454603,7.49021012374062,-5.82107713617382));
#4611=CARTESIAN_POINT('Ctrl Pts',(1.43016730366789,7.46092206219202,-5.79494496913168));
#4612=CARTESIAN_POINT('Ctrl Pts',(1.42957783181817,7.44407128321485,-5.78647345987987));
#4613=CARTESIAN_POINT('Ctrl Pts',(1.42837567567912,7.41262372789113,-5.77558091446874));
#4614=CARTESIAN_POINT('Ctrl Pts',(1.42770034694359,7.39471006080513,-5.77299319548163));
#4615=CARTESIAN_POINT('Ctrl Pts',(1.4263419492793,7.35815246983789,-5.77469511316751));
#4616=CARTESIAN_POINT('Ctrl Pts',(1.42567294902859,7.33986765360897,-5.77924910073938));
#4617=CARTESIAN_POINT('Ctrl Pts',(1.42476356407586,7.31471527575128,-5.79114061750291));
#4618=CARTESIAN_POINT('Ctrl Pts',(1.4244729137292,7.30678212356151,-5.79588144746025));
#4619=CARTESIAN_POINT('Ctrl Pts',(1.42354400342906,7.28464176618565,-5.81205824728142));
#4620=CARTESIAN_POINT('Ctrl Pts',(1.42288677326112,7.27202166164356,-5.82552320682165));
#4621=CARTESIAN_POINT('Ctrl Pts',(1.42163659620144,7.25340589883197,-5.85480874794152));
#4622=CARTESIAN_POINT('Ctrl Pts',(1.42105276858903,7.24699260611973,-5.87003620692858));
#4623=CARTESIAN_POINT('Ctrl Pts',(1.41972198162908,7.23795909148422,-5.90844081212387));
#4624=CARTESIAN_POINT('Ctrl Pts',(1.41917795189432,7.23903143259917,-5.92724562992183));
#4625=CARTESIAN_POINT('Ctrl Pts',(1.41877404735801,7.2406211548477,-5.93940507400383));
#4626=CARTESIAN_POINT('Ctrl Pts',(1.41877404735801,7.29919608109857,-6.03549063513279));
#4627=CARTESIAN_POINT('Ctrl Pts',(1.4207220649827,7.28739423598153,-6.02429859927321));
#4628=CARTESIAN_POINT('Ctrl Pts',(1.42282603171912,7.27762050606577,-6.0111725345825));
#4629=CARTESIAN_POINT('Ctrl Pts',(1.42707748423845,7.26346580429174,-5.98316063947417));
#4630=CARTESIAN_POINT('Ctrl Pts',(1.42918623621009,7.25886035650267,-5.96863030202801));
#4631=CARTESIAN_POINT('Ctrl Pts',(1.43249673662395,7.25537157487005,-5.94489283382841));
#4632=CARTESIAN_POINT('Ctrl Pts',(1.4337031554069,7.25491238428082,-5.93603784720769));
#4633=CARTESIAN_POINT('Ctrl Pts',(1.4365483345491,7.25581876267057,-5.91458206730571));
#4634=CARTESIAN_POINT('Ctrl Pts',(1.43775101979203,7.25790331076063,-5.90533099519933));
#4635=CARTESIAN_POINT('Ctrl Pts',(1.44037403126029,7.26253956362858,-5.88674653638193));
#4636=CARTESIAN_POINT('Ctrl Pts',(1.44258043935938,7.26871124570606,-5.87316187553637));
#4637=CARTESIAN_POINT('Ctrl Pts',(1.44697941468913,7.2847566220968,-5.85014587055));
#4638=CARTESIAN_POINT('Ctrl Pts',(1.4491224120759,7.29408319046274,-5.84058529213057));
#4639=CARTESIAN_POINT('Ctrl Pts',(1.45124999999993,7.30477781392749,-5.83273049818678));
#4640=CARTESIAN_POINT('Origin',(1.45124999999993,7.38863421758906,-5.91507128560329));
#4641=CARTESIAN_POINT('Origin',(1.45124999999993,7.38863421758906,-5.91507128560329));
#4642=CARTESIAN_POINT('Origin',(1.45124999999993,7.38863421758906,-5.91507128560329));
#4643=CARTESIAN_POINT('Ctrl Pts',(1.45124999999942,7.27111017023047,-5.91507128561639));
#4644=CARTESIAN_POINT('Ctrl Pts',(1.45090614003133,7.27076631026337,-5.92390385619831));
#4645=CARTESIAN_POINT('Ctrl Pts',(1.45042154060656,7.27127011117995,-5.93584966074074));
#4646=CARTESIAN_POINT('Ctrl Pts',(1.44933733437908,7.27749289972833,-5.9601620338706));
#4647=CARTESIAN_POINT('Ctrl Pts',(1.44885263705832,7.28166417180824,-5.97037934368641));
#4648=CARTESIAN_POINT('Ctrl Pts',(1.44772662417835,7.2945434588174,-5.99263353164076));
#4649=CARTESIAN_POINT('Ctrl Pts',(1.44709783778852,7.30420409491109,-6.0039155237138));
#4650=CARTESIAN_POINT('Ctrl Pts',(1.4461849680946,7.32212247669663,-6.01838164173418));
#4651=CARTESIAN_POINT('Ctrl Pts',(1.44588404130281,7.32909701645443,-6.02288623121673));
#4652=CARTESIAN_POINT('Ctrl Pts',(1.44491655293496,7.35124928700939,-6.03433320195531));
#4653=CARTESIAN_POINT('Ctrl Pts',(1.44421662503944,7.36752609247087,-6.03896320262305));
#4654=CARTESIAN_POINT('Ctrl Pts',(1.44285450977356,7.39977400373994,-6.04146059527686));
#4655=CARTESIAN_POINT('Ctrl Pts',(1.44220484398464,7.41540694849561,-6.03975376628991));
#4656=CARTESIAN_POINT('Ctrl Pts',(1.44075142961663,7.45087146355958,-6.02898622654168));
#4657=CARTESIAN_POINT('Ctrl Pts',(1.44014862958623,7.46562548371547,-6.01878643461094));
#4658=CARTESIAN_POINT('Ctrl Pts',(1.43902510416888,7.48789738931817,-6.00035085461711));
#4659=CARTESIAN_POINT('Ctrl Pts',(1.43833061112681,7.49878697278651,-5.98699343437282));
#4660=CARTESIAN_POINT('Ctrl Pts',(1.4370052040421,7.51428371634413,-5.95783932221177));
#4661=CARTESIAN_POINT('Ctrl Pts',(1.43638411136005,7.51912742753991,-5.94250577715324));
#4662=CARTESIAN_POINT('Ctrl Pts',(1.43567023525507,7.52156898536923,-5.92282109426049));
#4663=CARTESIAN_POINT('Ctrl Pts',(1.43553348755622,7.52187477739085,-5.91894401923539));
#4664=CARTESIAN_POINT('Ctrl Pts',(1.43540063509454,7.52200762985254,-5.91507128560329));
#4665=CARTESIAN_POINT('Origin',(1.45124999999993,7.38863421758906,-5.91507128560329));
#4666=CARTESIAN_POINT('',(1.43874999999992,7.28103337798268,-5.91507128560329));
#4667=CARTESIAN_POINT('Origin',(1.43874999999992,7.38863421758906,-5.91507128560329));
#4668=CARTESIAN_POINT('',(1.45124999999993,7.27381649961781,-5.91507128560329));
#4669=CARTESIAN_POINT('',(1.45124999999993,7.27381649961781,-5.91507128560329));
#4670=CARTESIAN_POINT('Origin',(1.45124999999993,7.38863421758906,-5.91507128560329));
#4671=CARTESIAN_POINT('Origin',(1.43874999999992,7.38863421758906,-5.91507128560329));
#4672=CARTESIAN_POINT('',(1.40124999999993,7.38863421758906,-5.91507128560329));
#4673=CARTESIAN_POINT('',(1.43874999999992,7.35113421758907,-5.91507128560329));
#4674=CARTESIAN_POINT('',(1.43874999999992,7.35113421758907,-5.91507128560329));
#4675=CARTESIAN_POINT('Origin',(1.43874999999992,7.38863421758906,-5.91507128560329));
#4676=CARTESIAN_POINT('Origin',(0.987585469591142,7.38863421758906,-5.91507128560329));
#4677=CARTESIAN_POINT('',(0.987585469591142,7.24945953513637,-5.91507128560329));
#4678=CARTESIAN_POINT('Origin',(0.987585469591142,7.38863421758906,-5.91507128560329));
#4679=CARTESIAN_POINT('',(0.984879140204316,7.24789703513637,-5.91507128560329));
#4680=CARTESIAN_POINT('Origin',(0.987585469591142,7.24633453513637,-5.91507128560329));
#4681=CARTESIAN_POINT('',(0.984879140204316,7.52937140004176,-5.91507128560329));
#4682=CARTESIAN_POINT('Origin',(0.984879140204316,7.38863421758906,-5.91507128560329));
#4683=CARTESIAN_POINT('Origin',(0.984879140204316,7.38863421758906,-5.91507128560329));
#4684=CARTESIAN_POINT('Origin',(0.990227030408707,7.38863421758906,-5.91507128560329));
#4685=CARTESIAN_POINT('',(0.992933359795533,7.24789703513637,-5.91507128560329));
#4686=CARTESIAN_POINT('Origin',(0.992933359795533,7.38863421758906,-5.91507128560329));
#4687=CARTESIAN_POINT('',(0.990227030408707,7.24945953513637,-5.91507128560329));
#4688=CARTESIAN_POINT('Origin',(0.990227030408707,7.24633453513637,-5.91507128560329));
#4689=CARTESIAN_POINT('Origin',(0.990227030408707,7.38863421758906,-5.91507128560329));
#4690=CARTESIAN_POINT('Origin',(0.865535714285639,7.38863421758906,-5.91507128560329));
#4691=CARTESIAN_POINT('',(0.879821428571354,7.15291993187478,-5.91507128560329));
#4692=CARTESIAN_POINT('Origin',(0.879821428571354,7.38863421758906,-5.91507128560329));
#4693=CARTESIAN_POINT('',(0.851249999999925,7.15291993187478,-5.91507128560329));
#4694=CARTESIAN_POINT('Origin',(0.865535714285639,7.15291993187478,-5.91507128560329));
#4695=CARTESIAN_POINT('Origin',(0.851249999999925,7.38863421758906,-5.91507128560329));
#4696=CARTESIAN_POINT('Origin',(0.985781249999925,7.38863421758906,-5.91507128560329));
#4697=CARTESIAN_POINT('',(0.978749999999925,7.23728105289565,-5.91507128560329));
#4698=CARTESIAN_POINT('',(0.978749999999925,7.53998738228248,-5.91507128560329));
#4699=CARTESIAN_POINT('Origin',(0.978749999999925,7.38863421758906,-5.91507128560329));
#4700=CARTESIAN_POINT('',(0.985781249999925,7.52780890004176,-5.91507128560329));
#4701=CARTESIAN_POINT('Origin',(0.978749999999925,7.38863421758906,-5.91507128560329));
#4702=CARTESIAN_POINT('Origin',(1.45124999999993,7.38863421758906,-5.91507128560329));
#4703=CARTESIAN_POINT('',(1.45124999999993,7.24945953513637,-5.91507128560329));
#4704=CARTESIAN_POINT('Origin',(0.998281249999925,7.38863421758906,-5.91507128560329));
#4705=CARTESIAN_POINT('',(0.998281249999925,7.23863421758906,-5.91507128560329));
#4706=CARTESIAN_POINT('Origin',(1.45124999999993,7.38863421758906,-5.91507128560329));
#4707=CARTESIAN_POINT('Ctrl Pts',(1.37000000003731,7.23863421758906,-5.91507128482628));
#4708=CARTESIAN_POINT('Ctrl Pts',(1.36999521102522,7.23863421758855,-5.91517082257373));
#4709=CARTESIAN_POINT('Ctrl Pts',(1.36999041904865,7.23863431666566,-5.91527036473416));
#4710=CARTESIAN_POINT('Ctrl Pts',(1.36906745010055,7.23867246421491,-5.93443188957922));
#4711=CARTESIAN_POINT('Ctrl Pts',(1.36805722022662,7.24234359279073,-5.95330959613546));
#4712=CARTESIAN_POINT('Ctrl Pts',(1.36592038651145,7.25682756052467,-5.98936052820942));
#4713=CARTESIAN_POINT('Ctrl Pts',(1.36481154416194,7.26777169125533,-6.00608878682917));
#4714=CARTESIAN_POINT('Ctrl Pts',(1.36269798343869,7.29531491383801,-6.03411623454731));
#4715=CARTESIAN_POINT('Ctrl Pts',(1.36178194108222,7.31155927810773,-6.04522336020353));
#4716=CARTESIAN_POINT('Ctrl Pts',(1.35980221161364,7.34719440854216,-6.06051728849563));
#4717=CARTESIAN_POINT('Ctrl Pts',(1.35874564893226,7.36621253680708,-6.06463363231853));
#4718=CARTESIAN_POINT('Ctrl Pts',(1.35656164695192,7.40552457245309,-6.06545891855755));
#4719=CARTESIAN_POINT('Ctrl Pts',(1.35545480139246,7.42544779252339,-6.06185904365003));
#4720=CARTESIAN_POINT('Ctrl Pts',(1.35343575023289,7.46179071339579,-6.04740276205882));
#4721=CARTESIAN_POINT('Ctrl Pts',(1.35255278314092,7.47799849616509,-6.03704488518176));
#4722=CARTESIAN_POINT('Ctrl Pts',(1.35049836949849,7.50599121631253,-6.01050630399283));
#4723=CARTESIAN_POINT('Ctrl Pts',(1.34940927355066,7.51739356282128,-5.99445301762739));
#4724=CARTESIAN_POINT('Ctrl Pts',(1.34723243597296,7.53356561083678,-5.95854523448979));
#4725=CARTESIAN_POINT('Ctrl Pts',(1.34616643557565,7.53804615102094,-5.93897567338285));
#4726=CARTESIAN_POINT('Ctrl Pts',(1.34426688188296,7.53909061122766,-5.90009721067499));
#4727=CARTESIAN_POINT('Ctrl Pts',(1.34329508555411,7.53598455317618,-5.88116508875289));
#4728=CARTESIAN_POINT('Ctrl Pts',(1.34117346574438,7.52261156188775,-5.84478894921557));
#4729=CARTESIAN_POINT('Ctrl Pts',(1.3400666748852,7.512211651796,-5.82778912408902));
#4730=CARTESIAN_POINT('Ctrl Pts',(1.33793172387036,7.48547905146823,-5.79884907453205));
#4731=CARTESIAN_POINT('Ctrl Pts',(1.33698880419345,7.46943269307255,-5.78717296334916));
#4732=CARTESIAN_POINT('Ctrl Pts',(1.33502797713408,7.43413780600389,-5.77085203943501));
#4733=CARTESIAN_POINT('Ctrl Pts',(1.3339812311521,7.4152963783282,-5.76621327571671));
#4734=CARTESIAN_POINT('Ctrl Pts',(1.33180572725472,7.37613730817539,-5.7642629453332));
#4735=CARTESIAN_POINT('Ctrl Pts',(1.33069689185109,7.35617827091004,-5.76726711105136));
#4736=CARTESIAN_POINT('Ctrl Pts',(1.32865421030524,7.31941000308468,-5.7806311159345));
#4737=CARTESIAN_POINT('Ctrl Pts',(1.3277748175401,7.30284487778376,-5.79054677956171));
#4738=CARTESIAN_POINT('Ctrl Pts',(1.32573795640015,7.27409478465035,-5.81628326934009));
#4739=CARTESIAN_POINT('Ctrl Pts',(1.32465546670647,7.26226404335218,-5.83195191344431));
#4740=CARTESIAN_POINT('Ctrl Pts',(1.32247596860004,7.24505585232158,-5.86731677718465));
#4741=CARTESIAN_POINT('Ctrl Pts',(1.32140052147045,7.239996137974,-5.88674829857563));
#4742=CARTESIAN_POINT('Ctrl Pts',(1.32027381912814,7.23871381937876,-5.90942602001212));
#4743=CARTESIAN_POINT('Ctrl Pts',(1.32013574485905,7.23863421758907,-5.9122498816888));
#4744=CARTESIAN_POINT('Ctrl Pts',(1.31999999999993,7.23863421758907,-5.91507128560328));
#4745=CARTESIAN_POINT('Ctrl Pts',(1.32624999999993,7.23863421758906,-5.91507128560329));
#4746=CARTESIAN_POINT('Ctrl Pts',(1.327134267376,7.23863421758906,-5.89669213332923));
#4747=CARTESIAN_POINT('Ctrl Pts',(1.32810560797008,7.24201182019259,-5.87845325797682));
#4748=CARTESIAN_POINT('Ctrl Pts',(1.33019213713269,7.25565084396055,-5.84296005776734));
#4749=CARTESIAN_POINT('Ctrl Pts',(1.33129130722143,7.26620791589501,-5.82620936481227));
#4750=CARTESIAN_POINT('Ctrl Pts',(1.33337775070549,7.29274795219002,-5.79816634845324));
#4751=CARTESIAN_POINT('Ctrl Pts',(1.33428734748933,7.30830647239844,-5.78697658854585));
#4752=CARTESIAN_POINT('Ctrl Pts',(1.33624716732487,7.34358322943799,-5.77062062197934));
#4753=CARTESIAN_POINT('Ctrl Pts',(1.33733198487973,7.36310994542554,-5.76592741914692));
#4754=CARTESIAN_POINT('Ctrl Pts',(1.33951215742506,7.40235305124144,-5.76444711004913));
#4755=CARTESIAN_POINT('Ctrl Pts',(1.34058626343468,7.42168695941464,-5.76747896552218));
#4756=CARTESIAN_POINT('Ctrl Pts',(1.34260307059118,7.45798948823172,-5.78068378070715));
#4757=CARTESIAN_POINT('Ctrl Pts',(1.34348723060017,7.47463381946359,-5.79067580059543));
#4758=CARTESIAN_POINT('Ctrl Pts',(1.34555584287602,7.50374950552291,-5.81686115016672));
#4759=CARTESIAN_POINT('Ctrl Pts',(1.3466657825903,7.51575836599835,-5.83299749508027));
#4760=CARTESIAN_POINT('Ctrl Pts',(1.34882957767928,7.53244982687718,-5.86833431202397));
#4761=CARTESIAN_POINT('Ctrl Pts',(1.34986427313064,7.53723994836378,-5.88707447519974));
#4762=CARTESIAN_POINT('Ctrl Pts',(1.35180310273605,7.53954570359085,-5.92604106340406));
#4763=CARTESIAN_POINT('Ctrl Pts',(1.3527855413678,7.53676881076955,-5.94590992046936));
#4764=CARTESIAN_POINT('Ctrl Pts',(1.35494407200142,7.52369609202646,-5.98322659950936));
#4765=CARTESIAN_POINT('Ctrl Pts',(1.35604727570124,7.5136052649233,-6.00033031607523));
#4766=CARTESIAN_POINT('Ctrl Pts',(1.35815007763502,7.48784798805269,-6.02916526279115));
#4767=CARTESIAN_POINT('Ctrl Pts',(1.35908405110949,7.47262129761689,-6.04079614688606));
#4768=CARTESIAN_POINT('Ctrl Pts',(1.36101639754082,7.43783906185297,-6.05815996184561));
#4769=CARTESIAN_POINT('Ctrl Pts',(1.36209307393403,7.4184588867752,-6.06341463050341));
#4770=CARTESIAN_POINT('Ctrl Pts',(1.3642727866422,7.37922405802813,-6.06603287137354));
#4771=CARTESIAN_POINT('Ctrl Pts',(1.3653542940908,7.35975692395332,-6.06354404221941));
#4772=CARTESIAN_POINT('Ctrl Pts',(1.36738869392376,7.32313772696008,-6.05136804463633));
#4773=CARTESIAN_POINT('Ctrl Pts',(1.36826817579404,7.30629599364559,-6.0419058417233));
#4774=CARTESIAN_POINT('Ctrl Pts',(1.37031409834549,7.27644133539075,-6.01661873501379));
#4775=CARTESIAN_POINT('Ctrl Pts',(1.37142313552689,7.26393016620856,-6.00079115696101));
#4776=CARTESIAN_POINT('Ctrl Pts',(1.37359731617465,7.24618687193146,-5.96584575652709));
#4777=CARTESIAN_POINT('Ctrl Pts',(1.37464263092018,7.24085895419352,-5.94719537227736));
#4778=CARTESIAN_POINT('Ctrl Pts',(1.37582850950065,7.23882116951528,-5.92372386437418));
#4779=CARTESIAN_POINT('Ctrl Pts',(1.37604196657376,7.23863421758906,-5.9193951791687));
#4780=CARTESIAN_POINT('Ctrl Pts',(1.37624999999992,7.23863421758906,-5.91507128560332));
#4781=CARTESIAN_POINT('Origin',(0.978749999999925,7.38863421758906,-5.91507128560329));
#4782=CARTESIAN_POINT('',(0.961249999999925,7.2394353692487,-5.91507128560329));
#4783=CARTESIAN_POINT('',(0.978749999999925,7.23728105289565,-5.91507128560329));
#4784=CARTESIAN_POINT('',(0.961249999999925,7.24032294409278,-5.93132128560329));
#4785=CARTESIAN_POINT('Origin',(0.961249999999925,7.38863421758906,-5.91507128560329));
#4786=CARTESIAN_POINT('',(0.890535714285639,7.24908349686891,-5.93132128560329));
#4787=CARTESIAN_POINT('Ctrl Pts',(0.961249999999925,7.24032294409278,-5.93132128560329));
#4788=CARTESIAN_POINT('Ctrl Pts',(0.924816827234764,7.24483484683437,-5.93132128560329));
#4789=CARTESIAN_POINT('Ctrl Pts',(0.890535714285666,7.24908349686891,-5.93132128560329));
#4790=CARTESIAN_POINT('',(0.890535714285639,7.25965474832899,-5.97077373315187));
#4791=CARTESIAN_POINT('Origin',(0.890535714285639,7.38863421758906,-5.91507128560329));
#4792=CARTESIAN_POINT('',(0.961249999999925,7.25206788707366,-5.97515400953994));
#4793=CARTESIAN_POINT('Ctrl Pts',(0.961249999999924,7.25206788707365,-5.97515400953994));
#4794=CARTESIAN_POINT('Ctrl Pts',(0.924816827245119,7.25597530946617,-5.97289805816979));
#4795=CARTESIAN_POINT('Ctrl Pts',(0.890535714285667,7.25965474832899,-5.97077373315187));
#4796=CARTESIAN_POINT('',(0.961249999999925,7.26831788707366,-6.00329983516293));
#4797=CARTESIAN_POINT('Origin',(0.961249999999925,7.38863421758906,-5.91507128560329));
#4798=CARTESIAN_POINT('',(0.890535714285639,7.27590474832899,-5.99891955877487));
#4799=CARTESIAN_POINT('Ctrl Pts',(0.961249999999925,7.26831788707366,-6.00329983516293));
#4800=CARTESIAN_POINT('Ctrl Pts',(0.924816827235266,7.27222530946723,-6.00104388379217));
#4801=CARTESIAN_POINT('Ctrl Pts',(0.890535714285666,7.27590474832898,-5.99891955877487));
#4802=CARTESIAN_POINT('',(0.890535714285639,7.30478594441749,-6.02780075486337));
#4803=CARTESIAN_POINT('Origin',(0.890535714285639,7.38863421758906,-5.91507128560329));
#4804=CARTESIAN_POINT('',(0.961249999999925,7.30040566802942,-6.0353876161187));
#4805=CARTESIAN_POINT('Ctrl Pts',(0.961249999999924,7.30040566802942,-6.0353876161187));
#4806=CARTESIAN_POINT('Ctrl Pts',(0.924816827246173,7.30266161939951,-6.0314801937263));
#4807=CARTESIAN_POINT('Ctrl Pts',(0.890535714285667,7.30478594441749,-6.02780075486337));
#4808=CARTESIAN_POINT('',(0.961249999999925,7.32855149365242,-6.0516376161187));
#4809=CARTESIAN_POINT('Origin',(0.961249999999925,7.38863421758906,-5.91507128560329));
#4810=CARTESIAN_POINT('',(0.890535714285639,7.33293177004049,-6.04405075486337));
#4811=CARTESIAN_POINT('Ctrl Pts',(0.961249999999925,7.32855149365242,-6.0516376161187));
#4812=CARTESIAN_POINT('Ctrl Pts',(0.924816827236427,7.33080744502311,-6.04773019372526));
#4813=CARTESIAN_POINT('Ctrl Pts',(0.890535714285666,7.33293177004049,-6.04405075486337));
#4814=CARTESIAN_POINT('',(0.890535714285639,7.37238421758906,-6.05462200632344));
#4815=CARTESIAN_POINT('Origin',(0.890535714285639,7.38863421758906,-5.91507128560329));
#4816=CARTESIAN_POINT('',(0.961249999999925,7.37238421758906,-6.06338255909958));
#4817=CARTESIAN_POINT('Ctrl Pts',(0.961249999999925,7.37238421758906,-6.06338255909959));
#4818=CARTESIAN_POINT('Ctrl Pts',(0.924816827245754,7.37238421758906,-6.05887065635935));
#4819=CARTESIAN_POINT('Ctrl Pts',(0.890535714285667,7.37238421758906,-6.05462200632344));
#4820=CARTESIAN_POINT('',(0.961249999999925,7.40488421758906,-6.06338255909958));
#4821=CARTESIAN_POINT('Origin',(0.961249999999925,7.38863421758906,-5.91507128560329));
#4822=CARTESIAN_POINT('',(0.890535714285639,7.40488421758906,-6.05462200632344));
#4823=CARTESIAN_POINT('Ctrl Pts',(0.961249999999925,7.40488421758907,-6.06338255909958));
#4824=CARTESIAN_POINT('Ctrl Pts',(0.924816827236195,7.40488421758907,-6.05887065635817));
#4825=CARTESIAN_POINT('Ctrl Pts',(0.890535714285667,7.40488421758906,-6.05462200632345));
#4826=CARTESIAN_POINT('',(0.890535714285639,7.44433666513764,-6.04405075486337));
#4827=CARTESIAN_POINT('Origin',(0.890535714285639,7.38863421758906,-5.91507128560329));
#4828=CARTESIAN_POINT('',(0.961249999999925,7.44871694152571,-6.0516376161187));
#4829=CARTESIAN_POINT('Ctrl Pts',(0.961249999999924,7.44871694152572,-6.05163761611871));
#4830=CARTESIAN_POINT('Ctrl Pts',(0.924816827246053,7.44646099015562,-6.04773019372629));
#4831=CARTESIAN_POINT('Ctrl Pts',(0.890535714285667,7.44433666513764,-6.04405075486337));
#4832=CARTESIAN_POINT('',(0.961249999999925,7.4768627671487,-6.0353876161187));
#4833=CARTESIAN_POINT('Origin',(0.961249999999925,7.38863421758906,-5.91507128560329));
#4834=CARTESIAN_POINT('',(0.890535714285639,7.47248249076064,-6.02780075486337));
#4835=CARTESIAN_POINT('Ctrl Pts',(0.961249999999924,7.47686276714871,-6.0353876161187));
#4836=CARTESIAN_POINT('Ctrl Pts',(0.924816827235875,7.47460681577798,-6.0314801937252));
#4837=CARTESIAN_POINT('Ctrl Pts',(0.890535714285666,7.47248249076064,-6.02780075486337));
#4838=CARTESIAN_POINT('',(0.890535714285639,7.50136368684914,-5.99891955877487));
#4839=CARTESIAN_POINT('Origin',(0.890535714285639,7.38863421758906,-5.91507128560329));
#4840=CARTESIAN_POINT('',(0.961249999999925,7.50895054810447,-6.00329983516293));
#4841=CARTESIAN_POINT('Ctrl Pts',(0.961249999999924,7.50895054810448,-6.00329983516294));
#4842=CARTESIAN_POINT('Ctrl Pts',(0.924816827247229,7.50504312571219,-6.00104388379291));
#4843=CARTESIAN_POINT('Ctrl Pts',(0.890535714285667,7.50136368684914,-5.99891955877487));
#4844=CARTESIAN_POINT('',(0.961249999999925,7.52520054810447,-5.97515400953994));
#4845=CARTESIAN_POINT('Origin',(0.961249999999925,7.38863421758906,-5.91507128560329));
#4846=CARTESIAN_POINT('',(0.890535714285639,7.51761368684914,-5.97077373315187));
#4847=CARTESIAN_POINT('Ctrl Pts',(0.961249999999925,7.52520054810447,-5.97515400953994));
#4848=CARTESIAN_POINT('Ctrl Pts',(0.924816827237319,7.52129312571112,-5.9728980581693));
#4849=CARTESIAN_POINT('Ctrl Pts',(0.890535714285666,7.51761368684914,-5.97077373315187));
#4850=CARTESIAN_POINT('',(0.890535714285639,7.52818493830921,-5.93132128560329));
#4851=CARTESIAN_POINT('Origin',(0.890535714285639,7.38863421758906,-5.91507128560329));
#4852=CARTESIAN_POINT('',(0.961249999999924,7.53694549108535,-5.93132128560329));
#4853=CARTESIAN_POINT('Ctrl Pts',(0.961249999999924,7.53694549108535,-5.93132128560329));
#4854=CARTESIAN_POINT('Ctrl Pts',(0.924816827236907,7.53243358834403,-5.93132128560329));
#4855=CARTESIAN_POINT('Ctrl Pts',(0.890535714285667,7.52818493830922,-5.93132128560329));
#4856=CARTESIAN_POINT('',(0.961249999999925,7.53694549108535,-5.89882128560329));
#4857=CARTESIAN_POINT('Origin',(0.961249999999925,7.38863421758906,-5.91507128560329));
#4858=CARTESIAN_POINT('',(0.890535714285639,7.52818493830921,-5.89882128560329));
#4859=CARTESIAN_POINT('Ctrl Pts',(0.961249999999925,7.53694549108535,-5.89882128560329));
#4860=CARTESIAN_POINT('Ctrl Pts',(0.924816827236908,7.53243358834403,-5.89882128560329));
#4861=CARTESIAN_POINT('Ctrl Pts',(0.890535714285667,7.52818493830922,-5.89882128560329));
#4862=CARTESIAN_POINT('',(0.890535714285639,7.51761368684914,-5.85936883805472));
#4863=CARTESIAN_POINT('Origin',(0.890535714285639,7.38863421758906,-5.91507128560329));
#4864=CARTESIAN_POINT('',(0.961249999999925,7.52520054810447,-5.85498856166665));
#4865=CARTESIAN_POINT('Ctrl Pts',(0.890535714285667,7.51761368684914,-5.85936883805472));
#4866=CARTESIAN_POINT('Ctrl Pts',(0.924816827237114,7.5212931257111,-5.8572445130373));
#4867=CARTESIAN_POINT('Ctrl Pts',(0.961249999999924,7.52520054810447,-5.85498856166665));
#4868=CARTESIAN_POINT('',(0.961249999999925,7.50895054810447,-5.82684273604365));
#4869=CARTESIAN_POINT('Origin',(0.961249999999925,7.38863421758906,-5.91507128560329));
#4870=CARTESIAN_POINT('',(0.890535714285639,7.50136368684914,-5.83122301243172));
#4871=CARTESIAN_POINT('Ctrl Pts',(0.961249999999924,7.50895054810448,-5.82684273604365));
#4872=CARTESIAN_POINT('Ctrl Pts',(0.924816827247364,7.5050431257122,-5.82909868741367));
#4873=CARTESIAN_POINT('Ctrl Pts',(0.890535714285667,7.50136368684914,-5.83122301243172));
#4874=CARTESIAN_POINT('',(0.890535714285639,7.47248249076064,-5.80234181634322));
#4875=CARTESIAN_POINT('Origin',(0.890535714285639,7.38863421758906,-5.91507128560329));
#4876=CARTESIAN_POINT('',(0.961249999999925,7.47686276714871,-5.79475495508789));
#4877=CARTESIAN_POINT('Ctrl Pts',(0.961249999999924,7.47686276714871,-5.79475495508789));
#4878=CARTESIAN_POINT('Ctrl Pts',(0.924816827236275,7.474606815778,-5.79866237748135));
#4879=CARTESIAN_POINT('Ctrl Pts',(0.890535714285666,7.47248249076064,-5.80234181634322));
#4880=CARTESIAN_POINT('',(0.961249999999925,7.44871694152571,-5.77850495508789));
#4881=CARTESIAN_POINT('Origin',(0.961249999999925,7.38863421758906,-5.91507128560329));
#4882=CARTESIAN_POINT('',(0.890535714285639,7.44433666513764,-5.78609181634322));
#4883=CARTESIAN_POINT('Ctrl Pts',(0.961249999999924,7.44871694152572,-5.77850495508788));
#4884=CARTESIAN_POINT('Ctrl Pts',(0.924816827246099,7.44646099015562,-5.78241237748029));
#4885=CARTESIAN_POINT('Ctrl Pts',(0.890535714285667,7.44433666513765,-5.78609181634322));
#4886=CARTESIAN_POINT('',(0.890535714285639,7.40488421758907,-5.77552056488314));
#4887=CARTESIAN_POINT('Origin',(0.890535714285639,7.38863421758906,-5.91507128560329));
#4888=CARTESIAN_POINT('',(0.961249999999925,7.40488421758907,-5.76676001210701));
#4889=CARTESIAN_POINT('Ctrl Pts',(0.961249999999925,7.40488421758907,-5.766760012107));
#4890=CARTESIAN_POINT('Ctrl Pts',(0.924816827236372,7.40488421758907,-5.7712719148484));
#4891=CARTESIAN_POINT('Ctrl Pts',(0.890535714285666,7.40488421758907,-5.77552056488314));
#4892=CARTESIAN_POINT('',(0.961249999999925,7.37238421758907,-5.76676001210701));
#4893=CARTESIAN_POINT('Origin',(0.961249999999925,7.38863421758906,-5.91507128560329));
#4894=CARTESIAN_POINT('',(0.890535714285639,7.37238421758907,-5.77552056488314));
#4895=CARTESIAN_POINT('Ctrl Pts',(0.961249999999924,7.37238421758907,-5.766760012107));
#4896=CARTESIAN_POINT('Ctrl Pts',(0.924816827246112,7.37238421758907,-5.77127191484719));
#4897=CARTESIAN_POINT('Ctrl Pts',(0.890535714285667,7.37238421758907,-5.77552056488314));
#4898=CARTESIAN_POINT('',(0.890535714285639,7.33293177004049,-5.78609181634322));
#4899=CARTESIAN_POINT('Origin',(0.890535714285639,7.38863421758906,-5.91507128560329));
#4900=CARTESIAN_POINT('',(0.961249999999925,7.32855149365242,-5.77850495508789));
#4901=CARTESIAN_POINT('Ctrl Pts',(0.961249999999925,7.32855149365242,-5.77850495508789));
#4902=CARTESIAN_POINT('Ctrl Pts',(0.924816827236231,7.33080744502312,-5.78241237748135));
#4903=CARTESIAN_POINT('Ctrl Pts',(0.890535714285667,7.33293177004049,-5.78609181634321));
#4904=CARTESIAN_POINT('',(0.961249999999925,7.30040566802943,-5.79475495508789));
#4905=CARTESIAN_POINT('Origin',(0.961249999999925,7.38863421758906,-5.91507128560329));
#4906=CARTESIAN_POINT('',(0.890535714285639,7.30478594441749,-5.80234181634322));
#4907=CARTESIAN_POINT('Ctrl Pts',(0.961249999999924,7.30040566802942,-5.79475495508788));
#4908=CARTESIAN_POINT('Ctrl Pts',(0.924816827245879,7.30266161939953,-5.79866237748032));
#4909=CARTESIAN_POINT('Ctrl Pts',(0.890535714285667,7.3047859444175,-5.80234181634322));
#4910=CARTESIAN_POINT('',(0.890535714285639,7.27590474832899,-5.83122301243172));
#4911=CARTESIAN_POINT('Origin',(0.890535714285639,7.38863421758906,-5.91507128560329));
#4912=CARTESIAN_POINT('',(0.961249999999925,7.26831788707366,-5.82684273604365));
#4913=CARTESIAN_POINT('Ctrl Pts',(0.961249999999924,7.26831788707366,-5.82684273604365));
#4914=CARTESIAN_POINT('Ctrl Pts',(0.924816827245211,7.27222530946616,-5.8290986874138));
#4915=CARTESIAN_POINT('Ctrl Pts',(0.890535714285667,7.27590474832899,-5.83122301243172));
#4916=CARTESIAN_POINT('',(0.961249999999925,7.25206788707366,-5.85498856166665));
#4917=CARTESIAN_POINT('Origin',(0.961249999999925,7.38863421758906,-5.91507128560329));
#4918=CARTESIAN_POINT('',(0.890535714285639,7.25965474832899,-5.85936883805471));
#4919=CARTESIAN_POINT('Ctrl Pts',(0.961249999999924,7.25206788707365,-5.85498856166664));
#4920=CARTESIAN_POINT('Ctrl Pts',(0.924816827245373,7.25597530946614,-5.85724451303678));
#4921=CARTESIAN_POINT('Ctrl Pts',(0.890535714285666,7.25965474832899,-5.85936883805471));
#4922=CARTESIAN_POINT('',(0.890535714285639,7.24908349686891,-5.89882128560329));
#4923=CARTESIAN_POINT('Origin',(0.890535714285639,7.38863421758906,-5.91507128560329));
#4924=CARTESIAN_POINT('',(0.961249999999925,7.24032294409278,-5.89882128560329));
#4925=CARTESIAN_POINT('Ctrl Pts',(0.961249999999925,7.24032294409278,-5.89882128560329));
#4926=CARTESIAN_POINT('Ctrl Pts',(0.924816827234764,7.24483484683437,-5.89882128560329));
#4927=CARTESIAN_POINT('Ctrl Pts',(0.890535714285666,7.24908349686891,-5.89882128560329));
#4928=CARTESIAN_POINT('Origin',(0.961249999999925,7.38863421758906,-5.91507128560329));
#4929=CARTESIAN_POINT('Origin',(1.06124999999993,7.38863421758906,-5.91507128560329));
#4930=CARTESIAN_POINT('',(1.0754983945759,7.38863421758906,-6.04472246929035));
#4931=CARTESIAN_POINT('Ctrl Pts',(1.08398990685034,7.36762223159944,-6.03070172343087));
#4932=CARTESIAN_POINT('Ctrl Pts',(1.08107581286744,7.37408899182162,-6.03610675409577));
#4933=CARTESIAN_POINT('Ctrl Pts',(1.07824492330012,7.38113672659329,-6.04080001976739));
#4934=CARTESIAN_POINT('Ctrl Pts',(1.0754983945759,7.38863421758906,-6.04472246929035));
#4935=CARTESIAN_POINT('Ctrl Pts',(1.0754983945759,7.38863421758906,-6.04472246929034));
#4936=CARTESIAN_POINT('Ctrl Pts',(1.07250314201079,7.39681067645474,-6.04900013327089));
#4937=CARTESIAN_POINT('Ctrl Pts',(1.06962607153446,7.40547776861469,-6.0523342252502));
#4938=CARTESIAN_POINT('Ctrl Pts',(1.06686549650831,7.41444543706615,-6.05468564538873));
#4939=CARTESIAN_POINT('Ctrl Pts',(1.06493700400759,7.42071010337434,-6.05632830898608));
#4940=CARTESIAN_POINT('Ctrl Pts',(1.06306536350894,7.42712306245604,-6.05749203795438));
#4941=CARTESIAN_POINT('Ctrl Pts',(1.06124999999993,7.43363421758917,-6.0581621658158));
#4942=CARTESIAN_POINT('Ctrl Pts',(1.06124999999992,7.32113421758907,-6.04902556884948));
#4943=CARTESIAN_POINT('Ctrl Pts',(1.0614632978539,7.31426622231769,-6.04522365371675));
#4944=CARTESIAN_POINT('Ctrl Pts',(1.0616690409414,7.30764546340894,-6.04086748149382));
#4945=CARTESIAN_POINT('Ctrl Pts',(1.0620980904328,7.29555493532434,-6.03138680115812));
#4946=CARTESIAN_POINT('Ctrl Pts',(1.06231249010748,7.29007394436932,-6.02637216110493));
#4947=CARTESIAN_POINT('Ctrl Pts',(1.06294784291102,7.27541357873624,-6.01075438697963));
#4948=CARTESIAN_POINT('Ctrl Pts',(1.0633800074221,7.26734568295155,-5.99922246277263));
#4949=CARTESIAN_POINT('Ctrl Pts',(1.06438611740301,7.25281431518053,-5.97041020983628));
#4950=CARTESIAN_POINT('Ctrl Pts',(1.06495444848626,7.24771627416831,-5.95270267290136));
#4951=CARTESIAN_POINT('Ctrl Pts',(1.06575614269732,7.2451637531646,-5.92550199295293));
#4952=CARTESIAN_POINT('Ctrl Pts',(1.06600676460704,7.24514314833592,-5.91629322294423));
#4953=CARTESIAN_POINT('Ctrl Pts',(1.06679317528147,7.24778070277154,-5.88883223121041));
#4954=CARTESIAN_POINT('Ctrl Pts',(1.06737035249422,7.2531700783258,-5.87098204105171));
#4955=CARTESIAN_POINT('Ctrl Pts',(1.06854383036847,7.270243683206,-5.83903208353681));
#4956=CARTESIAN_POINT('Ctrl Pts',(1.06912793596856,7.28152424569539,-5.82510683571901));
#4957=CARTESIAN_POINT('Ctrl Pts',(1.07006558914829,7.30423820789301,-5.80597984498167));
#4958=CARTESIAN_POINT('Ctrl Pts',(1.0705915315985,7.3198298374304,-5.79471949445268));
#4959=CARTESIAN_POINT('Ctrl Pts',(1.07189190970082,7.3590760773158,-5.78235014018812));
#4960=CARTESIAN_POINT('Ctrl Pts',(1.07249530739976,7.37697788795883,-5.78045716904837));
#4961=CARTESIAN_POINT('Ctrl Pts',(1.07371604062767,7.4124637732208,-5.78382726709583));
#4962=CARTESIAN_POINT('Ctrl Pts',(1.07432109239352,7.42968875396785,-5.78905609785351));
#4963=CARTESIAN_POINT('Ctrl Pts',(1.07515420456639,7.45298118390434,-5.80162036725925));
#4964=CARTESIAN_POINT('Ctrl Pts',(1.0754140239487,7.46024742211159,-5.80649454680674));
#4965=CARTESIAN_POINT('Ctrl Pts',(1.0762049970224,7.47889392923611,-5.82210211846408));
#4966=CARTESIAN_POINT('Ctrl Pts',(1.07674906570239,7.48887958854752,-5.83419193919976));
#4967=CARTESIAN_POINT('Ctrl Pts',(1.07790438369067,7.50450974500742,-5.86234793218674));
#4968=CARTESIAN_POINT('Ctrl Pts',(1.07850652835085,7.50964238766343,-5.87836063941412));
#4969=CARTESIAN_POINT('Ctrl Pts',(1.07961769753206,7.51331958972549,-5.91057632942877));
#4970=CARTESIAN_POINT('Ctrl Pts',(1.08011084449609,7.51230282730257,-5.92684895838007));
#4971=CARTESIAN_POINT('Ctrl Pts',(1.08125562357473,7.50336028715467,-5.95759465449691));
#4972=CARTESIAN_POINT('Ctrl Pts',(1.08182320774029,7.49649347567672,-5.97111032871653));
#4973=CARTESIAN_POINT('Ctrl Pts',(1.08294172111044,7.47848782752406,-5.99444647361813));
#4974=CARTESIAN_POINT('Ctrl Pts',(1.08348328015265,7.4676726942811,-6.00419836684816));
#4975=CARTESIAN_POINT('Ctrl Pts',(1.08398990685034,7.45538517980266,-6.01179879332982));
#4976=CARTESIAN_POINT('Origin',(0.890535714285639,7.38863421758906,-5.91507128560329));
#4977=CARTESIAN_POINT('',(0.890535714285639,7.5694844922227,-5.89882128560329));
#4978=CARTESIAN_POINT('',(0.890535714285639,7.38863421758906,-5.89882128560329));
#4979=CARTESIAN_POINT('',(0.890535714285639,7.55338014970318,-5.83871906109798));
#4980=CARTESIAN_POINT('Origin',(0.890535714285639,7.38863421758906,-5.91507128560329));
#4981=CARTESIAN_POINT('',(0.890535714285639,7.39675921758906,-5.92914419841479));
#4982=CARTESIAN_POINT('Origin',(0.890535714285639,7.38863421758906,-5.91507128560329));
#4983=CARTESIAN_POINT('',(0.879821428571353,7.5694844922227,-5.89882128560329));
#4984=CARTESIAN_POINT('',(0.890535714285639,7.5694844922227,-5.89882128560329));
#4985=CARTESIAN_POINT('',(0.879821428571353,7.55338014970318,-5.83871906109798));
#4986=CARTESIAN_POINT('Origin',(0.879821428571353,7.38863421758906,-5.91507128560329));
#4987=CARTESIAN_POINT('',(0.890535714285639,7.55338014970318,-5.83871906109798));
#4988=CARTESIAN_POINT('Origin',(0.890535714285639,7.38863421758906,-5.91507128560329));
#4989=CARTESIAN_POINT('',(0.890535714285639,7.53713014970318,-5.81057323547498));
#4990=CARTESIAN_POINT('',(0.890535714285639,7.49313226771738,-5.76657535348918));
#4991=CARTESIAN_POINT('Origin',(0.890535714285639,7.38863421758906,-5.91507128560329));
#4992=CARTESIAN_POINT('',(0.879821428571353,7.53713014970318,-5.81057323547498));
#4993=CARTESIAN_POINT('',(0.890535714285639,7.53713014970318,-5.81057323547498));
#4994=CARTESIAN_POINT('',(0.879821428571353,7.49313226771738,-5.76657535348918));
#4995=CARTESIAN_POINT('Origin',(0.879821428571353,7.38863421758906,-5.91507128560329));
#4996=CARTESIAN_POINT('',(0.890535714285639,7.49313226771738,-5.76657535348918));
#4997=CARTESIAN_POINT('Origin',(0.890535714285639,7.38863421758906,-5.91507128560329));
#4998=CARTESIAN_POINT('',(0.890535714285639,7.38050921758906,-5.9009983727918));
#4999=CARTESIAN_POINT('',(0.890535714285639,7.40270713040056,-5.92319628560329));
#5000=CARTESIAN_POINT('Origin',(0.890535714285639,7.38863421758906,-5.91507128560329));
#5001=CARTESIAN_POINT('',(0.890535714285639,7.46498644209439,-5.75032535348918));
#5002=CARTESIAN_POINT('',(0.890535714285639,7.40488421758907,-5.73422101096966));
#5003=CARTESIAN_POINT('Origin',(0.890535714285639,7.38863421758906,-5.91507128560329));
#5004=CARTESIAN_POINT('',(0.879821428571353,7.46498644209439,-5.75032535348918));
#5005=CARTESIAN_POINT('',(0.890535714285639,7.46498644209439,-5.75032535348918));
#5006=CARTESIAN_POINT('',(0.879821428571353,7.40488421758907,-5.73422101096966));
#5007=CARTESIAN_POINT('Origin',(0.879821428571353,7.38863421758906,-5.91507128560329));
#5008=CARTESIAN_POINT('',(0.890535714285639,7.40488421758907,-5.73422101096966));
#5009=CARTESIAN_POINT('Origin',(0.890535714285639,7.38863421758906,-5.91507128560329));
#5010=CARTESIAN_POINT('',(0.890535714285639,7.37456130477757,-5.90694628560329));
#5011=CARTESIAN_POINT('',(0.890535714285639,7.40488421758907,-5.91507128560329));
#5012=CARTESIAN_POINT('Origin',(0.890535714285639,7.38863421758906,-5.91507128560329));
#5013=CARTESIAN_POINT('',(0.890535714285639,7.37238421758907,-5.73422101096966));
#5014=CARTESIAN_POINT('',(0.890535714285639,7.31228199308375,-5.75032535348918));
#5015=CARTESIAN_POINT('Origin',(0.890535714285639,7.38863421758906,-5.91507128560329));
#5016=CARTESIAN_POINT('',(0.879821428571353,7.37238421758907,-5.73422101096966));
#5017=CARTESIAN_POINT('',(0.890535714285639,7.37238421758907,-5.73422101096966));
#5018=CARTESIAN_POINT('',(0.879821428571353,7.31228199308375,-5.75032535348918));
#5019=CARTESIAN_POINT('Origin',(0.879821428571353,7.38863421758906,-5.91507128560329));
#5020=CARTESIAN_POINT('',(0.890535714285639,7.31228199308375,-5.75032535348918));
#5021=CARTESIAN_POINT('Origin',(0.890535714285639,7.38863421758906,-5.91507128560329));
#5022=CARTESIAN_POINT('',(0.890535714285639,7.37238421758907,-5.91507128560329));
#5023=CARTESIAN_POINT('',(0.890535714285639,7.40270713040056,-5.90694628560329));
#5024=CARTESIAN_POINT('Origin',(0.890535714285639,7.38863421758906,-5.91507128560329));
#5025=CARTESIAN_POINT('',(0.890535714285639,7.28413616746075,-5.76657535348918));
#5026=CARTESIAN_POINT('',(0.890535714285639,7.24013828547495,-5.81057323547498));
#5027=CARTESIAN_POINT('Origin',(0.890535714285639,7.38863421758906,-5.91507128560329));
#5028=CARTESIAN_POINT('',(0.879821428571353,7.28413616746075,-5.76657535348918));
#5029=CARTESIAN_POINT('',(0.890535714285639,7.28413616746075,-5.76657535348918));
#5030=CARTESIAN_POINT('',(0.879821428571353,7.24013828547495,-5.81057323547498));
#5031=CARTESIAN_POINT('Origin',(0.879821428571353,7.38863421758906,-5.91507128560329));
#5032=CARTESIAN_POINT('',(0.890535714285639,7.24013828547495,-5.81057323547498));
#5033=CARTESIAN_POINT('Origin',(0.890535714285639,7.38863421758906,-5.91507128560329));
#5034=CARTESIAN_POINT('',(0.890535714285639,7.37456130477757,-5.92319628560329));
#5035=CARTESIAN_POINT('',(0.890535714285639,7.39675921758906,-5.9009983727918));
#5036=CARTESIAN_POINT('Origin',(0.890535714285639,7.38863421758906,-5.91507128560329));
#5037=CARTESIAN_POINT('',(0.890535714285639,7.22388828547495,-5.83871906109797));
#5038=CARTESIAN_POINT('',(0.890535714285639,7.20778394295543,-5.89882128560329));
#5039=CARTESIAN_POINT('Origin',(0.890535714285639,7.38863421758906,-5.91507128560329));
#5040=CARTESIAN_POINT('',(0.879821428571353,7.22388828547495,-5.83871906109797));
#5041=CARTESIAN_POINT('',(0.890535714285639,7.22388828547495,-5.83871906109797));
#5042=CARTESIAN_POINT('',(0.879821428571353,7.20778394295543,-5.89882128560329));
#5043=CARTESIAN_POINT('Origin',(0.879821428571353,7.38863421758906,-5.91507128560329));
#5044=CARTESIAN_POINT('',(0.890535714285639,7.20778394295543,-5.89882128560329));
#5045=CARTESIAN_POINT('Origin',(0.890535714285639,7.38863421758906,-5.91507128560329));
#5046=CARTESIAN_POINT('',(0.890535714285639,7.38050921758906,-5.92914419841479));
#5047=CARTESIAN_POINT('',(0.890535714285639,7.38863421758906,-5.89882128560329));
#5048=CARTESIAN_POINT('Origin',(0.890535714285639,7.38863421758906,-5.91507128560329));
#5049=CARTESIAN_POINT('',(0.890535714285639,7.20778394295543,-5.93132128560329));
#5050=CARTESIAN_POINT('',(0.890535714285639,7.22388828547495,-5.99142351010861));
#5051=CARTESIAN_POINT('Origin',(0.890535714285639,7.38863421758906,-5.91507128560329));
#5052=CARTESIAN_POINT('',(0.879821428571353,7.20778394295543,-5.93132128560329));
#5053=CARTESIAN_POINT('',(0.890535714285639,7.20778394295543,-5.93132128560329));
#5054=CARTESIAN_POINT('',(0.879821428571353,7.22388828547495,-5.99142351010861));
#5055=CARTESIAN_POINT('Origin',(0.879821428571353,7.38863421758906,-5.91507128560329));
#5056=CARTESIAN_POINT('',(0.890535714285639,7.22388828547495,-5.99142351010861));
#5057=CARTESIAN_POINT('Origin',(0.890535714285639,7.38863421758906,-5.91507128560329));
#5058=CARTESIAN_POINT('',(0.890535714285639,7.38863421758906,-5.93132128560329));
#5059=CARTESIAN_POINT('',(0.890535714285639,7.38050921758906,-5.9009983727918));
#5060=CARTESIAN_POINT('Origin',(0.890535714285639,7.38863421758906,-5.91507128560329));
#5061=CARTESIAN_POINT('',(0.890535714285639,7.24013828547495,-6.01956933573161));
#5062=CARTESIAN_POINT('',(0.890535714285639,7.28413616746075,-6.06356721771741));
#5063=CARTESIAN_POINT('Origin',(0.890535714285639,7.38863421758906,-5.91507128560329));
#5064=CARTESIAN_POINT('',(0.879821428571353,7.24013828547495,-6.01956933573161));
#5065=CARTESIAN_POINT('',(0.890535714285639,7.24013828547495,-6.01956933573161));
#5066=CARTESIAN_POINT('',(0.879821428571353,7.28413616746075,-6.06356721771741));
#5067=CARTESIAN_POINT('Origin',(0.879821428571353,7.38863421758906,-5.91507128560329));
#5068=CARTESIAN_POINT('',(0.890535714285639,7.28413616746075,-6.06356721771741));
#5069=CARTESIAN_POINT('Origin',(0.890535714285639,7.38863421758906,-5.91507128560329));
#5070=CARTESIAN_POINT('',(0.890535714285639,7.39675921758906,-5.92914419841479));
#5071=CARTESIAN_POINT('',(0.890535714285639,7.37456130477757,-5.90694628560329));
#5072=CARTESIAN_POINT('Origin',(0.890535714285639,7.38863421758906,-5.91507128560329));
#5073=CARTESIAN_POINT('',(0.890535714285639,7.31228199308375,-6.07981721771741));
#5074=CARTESIAN_POINT('',(0.890535714285639,7.37238421758906,-6.09592156023693));
#5075=CARTESIAN_POINT('Origin',(0.890535714285639,7.38863421758906,-5.91507128560329));
#5076=CARTESIAN_POINT('',(0.879821428571353,7.31228199308375,-6.07981721771741));
#5077=CARTESIAN_POINT('',(0.890535714285639,7.31228199308375,-6.07981721771741));
#5078=CARTESIAN_POINT('',(0.879821428571353,7.37238421758906,-6.09592156023693));
#5079=CARTESIAN_POINT('Origin',(0.879821428571353,7.38863421758906,-5.91507128560329));
#5080=CARTESIAN_POINT('',(0.890535714285639,7.37238421758906,-6.09592156023693));
#5081=CARTESIAN_POINT('Origin',(0.890535714285639,7.38863421758906,-5.91507128560329));
#5082=CARTESIAN_POINT('',(0.890535714285639,7.40270713040056,-5.92319628560329));
#5083=CARTESIAN_POINT('',(0.890535714285639,7.37238421758907,-5.91507128560329));
#5084=CARTESIAN_POINT('Origin',(0.890535714285639,7.38863421758906,-5.91507128560329));
#5085=CARTESIAN_POINT('',(0.890535714285639,7.40488421758906,-6.09592156023693));
#5086=CARTESIAN_POINT('',(0.890535714285639,7.46498644209438,-6.07981721771741));
#5087=CARTESIAN_POINT('Origin',(0.890535714285639,7.38863421758906,-5.91507128560329));
#5088=CARTESIAN_POINT('',(0.879821428571353,7.40488421758906,-6.09592156023693));
#5089=CARTESIAN_POINT('',(0.890535714285639,7.40488421758906,-6.09592156023693));
#5090=CARTESIAN_POINT('',(0.879821428571353,7.46498644209438,-6.07981721771741));
#5091=CARTESIAN_POINT('Origin',(0.879821428571353,7.38863421758906,-5.91507128560329));
#5092=CARTESIAN_POINT('',(0.890535714285639,7.46498644209438,-6.07981721771741));
#5093=CARTESIAN_POINT('Origin',(0.890535714285639,7.38863421758906,-5.91507128560329));
#5094=CARTESIAN_POINT('',(0.890535714285639,7.40488421758907,-5.91507128560329));
#5095=CARTESIAN_POINT('',(0.890535714285639,7.37456130477757,-5.92319628560329));
#5096=CARTESIAN_POINT('Origin',(0.890535714285639,7.38863421758906,-5.91507128560329));
#5097=CARTESIAN_POINT('',(0.890535714285639,7.5694844922227,-5.93132128560329));
#5098=CARTESIAN_POINT('',(0.879821428571353,7.5694844922227,-5.93132128560329));
#5099=CARTESIAN_POINT('',(0.890535714285639,7.5694844922227,-5.93132128560329));
#5100=CARTESIAN_POINT('',(0.890535714285639,7.55338014970318,-5.99142351010861));
#5101=CARTESIAN_POINT('Origin',(0.890535714285639,7.38863421758906,-5.91507128560329));
#5102=CARTESIAN_POINT('',(0.879821428571353,7.55338014970318,-5.99142351010861));
#5103=CARTESIAN_POINT('',(0.890535714285639,7.55338014970318,-5.99142351010861));
#5104=CARTESIAN_POINT('Origin',(0.879821428571353,7.38863421758906,-5.91507128560329));
#5105=CARTESIAN_POINT('Origin',(0.890535714285639,7.38863421758906,-5.91507128560329));
#5106=CARTESIAN_POINT('',(0.890535714285639,7.38863421758906,-5.93132128560329));
#5107=CARTESIAN_POINT('',(0.890535714285639,7.39675921758906,-5.9009983727918));
#5108=CARTESIAN_POINT('Origin',(0.890535714285639,7.38863421758906,-5.91507128560329));
#5109=CARTESIAN_POINT('',(0.890535714285639,7.49313226771738,-6.06356721771741));
#5110=CARTESIAN_POINT('',(0.890535714285639,7.53713014970318,-6.01956933573161));
#5111=CARTESIAN_POINT('Origin',(0.890535714285639,7.38863421758906,-5.91507128560329));
#5112=CARTESIAN_POINT('',(0.879821428571353,7.49313226771738,-6.06356721771741));
#5113=CARTESIAN_POINT('',(0.890535714285639,7.49313226771738,-6.06356721771741));
#5114=CARTESIAN_POINT('',(0.879821428571353,7.53713014970318,-6.01956933573161));
#5115=CARTESIAN_POINT('Origin',(0.879821428571353,7.38863421758906,-5.91507128560329));
#5116=CARTESIAN_POINT('',(0.890535714285639,7.53713014970318,-6.01956933573161));
#5117=CARTESIAN_POINT('Origin',(0.890535714285639,7.38863421758906,-5.91507128560329));
#5118=CARTESIAN_POINT('',(0.890535714285639,7.40270713040056,-5.90694628560329));
#5119=CARTESIAN_POINT('',(0.890535714285639,7.38050921758906,-5.92914419841479));
#5120=CARTESIAN_POINT('Origin',(0.879821428571353,7.57148356221951,-6.00187552019816));
#5121=CARTESIAN_POINT('',(0.901249999999925,7.55523356221951,-6.03002134582116));
#5122=CARTESIAN_POINT('',(0.879821428571353,7.55523356221951,-6.03002134582116));
#5123=CARTESIAN_POINT('',(0.879821428571353,7.55523356221951,-6.03002134582116));
#5124=CARTESIAN_POINT('',(0.879821428571353,7.57148356221951,-6.00187552019816));
#5125=CARTESIAN_POINT('',(0.879821428571353,7.57148356221951,-6.00187552019816));
#5126=CARTESIAN_POINT('',(0.901249999999925,7.57148356221951,-6.00187552019816));
#5127=CARTESIAN_POINT('',(0.879821428571353,7.57148356221951,-6.00187552019816));
#5128=CARTESIAN_POINT('',(0.901249999999925,7.57148356221951,-6.00187552019816));
#5129=CARTESIAN_POINT('Origin',(0.901249999999925,7.57148356221951,-6.00187552019816));
#5130=CARTESIAN_POINT('',(0.961249999999925,7.52582334738647,-6.01304135037038));
#5131=CARTESIAN_POINT('',(0.901249999999925,7.55523356221951,-6.03002134582116));
#5132=CARTESIAN_POINT('',(0.961249999999925,7.54207334738647,-5.98489552474738));
#5133=CARTESIAN_POINT('',(0.901249999999925,7.57148356221951,-6.00187552019816));
#5134=CARTESIAN_POINT('',(0.961249999999925,7.54207334738647,-5.98489552474738));
#5135=CARTESIAN_POINT('Origin',(0.961249999999925,7.54207334738647,-5.98489552474738));
#5136=CARTESIAN_POINT('',(0.961249999999925,7.52582334738647,-6.01304135037038));
#5137=CARTESIAN_POINT('',(0.961249999999925,7.54207334738647,-5.98489552474738));
#5138=CARTESIAN_POINT('Origin',(0.961249999999925,7.54207334738647,-5.98489552474738));
#5139=CARTESIAN_POINT('',(0.961249999999925,7.45845845673316,-6.0685104154007));
#5140=CARTESIAN_POINT('',(0.961249999999925,7.45845845673316,-6.0685104154007));
#5141=CARTESIAN_POINT('',(0.961249999999925,7.48660428235615,-6.0522604154007));
#5142=CARTESIAN_POINT('',(0.961249999999925,7.48660428235615,-6.0522604154007));
#5143=CARTESIAN_POINT('',(0.961249999999925,7.48660428235615,-6.0522604154007));
#5144=CARTESIAN_POINT('Origin',(0.879821428571353,7.50358427780693,-6.08167063023373));
#5145=CARTESIAN_POINT('',(0.901249999999925,7.47543845218393,-6.09792063023373));
#5146=CARTESIAN_POINT('',(0.879821428571353,7.47543845218393,-6.09792063023373));
#5147=CARTESIAN_POINT('',(0.879821428571353,7.47543845218393,-6.09792063023373));
#5148=CARTESIAN_POINT('',(0.879821428571353,7.50358427780693,-6.08167063023373));
#5149=CARTESIAN_POINT('',(0.879821428571353,7.50358427780693,-6.08167063023373));
#5150=CARTESIAN_POINT('',(0.901249999999925,7.50358427780693,-6.08167063023373));
#5151=CARTESIAN_POINT('',(0.879821428571353,7.50358427780693,-6.08167063023373));
#5152=CARTESIAN_POINT('',(0.901249999999925,7.50358427780693,-6.08167063023373));
#5153=CARTESIAN_POINT('Origin',(0.901249999999925,7.50358427780693,-6.08167063023373));
#5154=CARTESIAN_POINT('',(0.901249999999925,7.47543845218393,-6.09792063023373));
#5155=CARTESIAN_POINT('',(0.901249999999925,7.50358427780693,-6.08167063023373));
#5156=CARTESIAN_POINT('Origin',(0.961249999999925,7.54207334738647,-5.98489552474738));
#5157=CARTESIAN_POINT('',(0.961249999999925,7.37238421758906,-6.08286558951447));
#5158=CARTESIAN_POINT('',(0.961249999999925,7.37238421758906,-6.08286558951447));
#5159=CARTESIAN_POINT('',(0.961249999999925,7.40488421758906,-6.08286558951447));
#5160=CARTESIAN_POINT('',(0.961249999999925,7.40488421758906,-6.08286558951447));
#5161=CARTESIAN_POINT('',(0.961249999999925,7.40488421758906,-6.08286558951447));
#5162=CARTESIAN_POINT('Origin',(0.879821428571353,7.40488421758906,-6.11682558041602));
#5163=CARTESIAN_POINT('',(0.901249999999925,7.37238421758906,-6.11682558041602));
#5164=CARTESIAN_POINT('',(0.879821428571353,7.37238421758906,-6.11682558041602));
#5165=CARTESIAN_POINT('',(0.879821428571353,7.37238421758906,-6.11682558041602));
#5166=CARTESIAN_POINT('',(0.879821428571353,7.40488421758906,-6.11682558041602));
#5167=CARTESIAN_POINT('',(0.879821428571353,7.40488421758906,-6.11682558041602));
#5168=CARTESIAN_POINT('',(0.901249999999925,7.40488421758906,-6.11682558041602));
#5169=CARTESIAN_POINT('',(0.879821428571353,7.40488421758906,-6.11682558041602));
#5170=CARTESIAN_POINT('',(0.901249999999925,7.40488421758906,-6.11682558041602));
#5171=CARTESIAN_POINT('Origin',(0.901249999999925,7.40488421758906,-6.11682558041602));
#5172=CARTESIAN_POINT('',(0.901249999999925,7.37238421758906,-6.11682558041602));
#5173=CARTESIAN_POINT('',(0.901249999999925,7.40488421758906,-6.11682558041602));
#5174=CARTESIAN_POINT('Origin',(0.961249999999925,7.54207334738647,-5.98489552474738));
#5175=CARTESIAN_POINT('',(0.961249999999925,7.29066415282198,-6.0522604154007));
#5176=CARTESIAN_POINT('',(0.961249999999925,7.29066415282198,-6.0522604154007));
#5177=CARTESIAN_POINT('',(0.961249999999925,7.31880997844497,-6.0685104154007));
#5178=CARTESIAN_POINT('',(0.961249999999925,7.31880997844497,-6.0685104154007));
#5179=CARTESIAN_POINT('',(0.961249999999925,7.31880997844497,-6.0685104154007));
#5180=CARTESIAN_POINT('Origin',(0.879821428571353,7.3018299829942,-6.09792063023373));
#5181=CARTESIAN_POINT('',(0.901249999999925,7.2736841573712,-6.08167063023373));
#5182=CARTESIAN_POINT('',(0.879821428571353,7.2736841573712,-6.08167063023373));
#5183=CARTESIAN_POINT('',(0.879821428571353,7.2736841573712,-6.08167063023373));
#5184=CARTESIAN_POINT('',(0.879821428571353,7.3018299829942,-6.09792063023373));
#5185=CARTESIAN_POINT('',(0.879821428571353,7.3018299829942,-6.09792063023373));
#5186=CARTESIAN_POINT('',(0.901249999999925,7.3018299829942,-6.09792063023373));
#5187=CARTESIAN_POINT('',(0.879821428571353,7.3018299829942,-6.09792063023373));
#5188=CARTESIAN_POINT('',(0.901249999999925,7.3018299829942,-6.09792063023373));
#5189=CARTESIAN_POINT('Origin',(0.901249999999925,7.3018299829942,-6.09792063023373));
#5190=CARTESIAN_POINT('',(0.901249999999925,7.2736841573712,-6.08167063023373));
#5191=CARTESIAN_POINT('',(0.901249999999925,7.3018299829942,-6.09792063023373));
#5192=CARTESIAN_POINT('Origin',(0.961249999999925,7.54207334738647,-5.98489552474738));
#5193=CARTESIAN_POINT('',(0.961249999999925,7.23519508779166,-5.98489552474738));
#5194=CARTESIAN_POINT('',(0.961249999999925,7.23519508779166,-5.98489552474738));
#5195=CARTESIAN_POINT('',(0.961249999999925,7.25144508779166,-6.01304135037038));
#5196=CARTESIAN_POINT('',(0.961249999999925,7.25144508779166,-6.01304135037038));
#5197=CARTESIAN_POINT('',(0.961249999999925,7.25144508779166,-6.01304135037038));
#5198=CARTESIAN_POINT('Origin',(0.879821428571353,7.22203487295862,-6.03002134582116));
#5199=CARTESIAN_POINT('',(0.901249999999925,7.20578487295862,-6.00187552019816));
#5200=CARTESIAN_POINT('',(0.879821428571353,7.20578487295862,-6.00187552019816));
#5201=CARTESIAN_POINT('',(0.879821428571353,7.20578487295862,-6.00187552019816));
#5202=CARTESIAN_POINT('',(0.879821428571353,7.22203487295862,-6.03002134582116));
#5203=CARTESIAN_POINT('',(0.879821428571353,7.22203487295862,-6.03002134582116));
#5204=CARTESIAN_POINT('',(0.901249999999925,7.22203487295862,-6.03002134582116));
#5205=CARTESIAN_POINT('',(0.879821428571353,7.22203487295862,-6.03002134582116));
#5206=CARTESIAN_POINT('',(0.901249999999925,7.22203487295862,-6.03002134582116));
#5207=CARTESIAN_POINT('Origin',(0.901249999999925,7.22203487295862,-6.03002134582116));
#5208=CARTESIAN_POINT('',(0.901249999999925,7.20578487295862,-6.00187552019816));
#5209=CARTESIAN_POINT('',(0.901249999999925,7.22203487295862,-6.03002134582116));
#5210=CARTESIAN_POINT('Origin',(0.961249999999925,7.54207334738647,-5.98489552474738));
#5211=CARTESIAN_POINT('',(0.961249999999925,7.22083991367789,-5.89882128560329));
#5212=CARTESIAN_POINT('',(0.961249999999925,7.22083991367789,-5.89882128560329));
#5213=CARTESIAN_POINT('',(0.961249999999925,7.22083991367789,-5.93132128560329));
#5214=CARTESIAN_POINT('',(0.961249999999925,7.22083991367789,-5.93132128560329));
#5215=CARTESIAN_POINT('',(0.961249999999925,7.22083991367789,-5.93132128560329));
#5216=CARTESIAN_POINT('Origin',(0.879821428571353,7.18687992277633,-5.93132128560329));
#5217=CARTESIAN_POINT('',(0.901249999999925,7.18687992277633,-5.89882128560329));
#5218=CARTESIAN_POINT('',(0.879821428571353,7.18687992277633,-5.89882128560329));
#5219=CARTESIAN_POINT('',(0.879821428571353,7.18687992277633,-5.89882128560329));
#5220=CARTESIAN_POINT('',(0.879821428571353,7.18687992277633,-5.93132128560329));
#5221=CARTESIAN_POINT('',(0.879821428571353,7.18687992277633,-5.93132128560329));
#5222=CARTESIAN_POINT('',(0.901249999999925,7.18687992277633,-5.93132128560329));
#5223=CARTESIAN_POINT('',(0.879821428571353,7.18687992277633,-5.93132128560329));
#5224=CARTESIAN_POINT('',(0.901249999999925,7.18687992277633,-5.93132128560329));
#5225=CARTESIAN_POINT('Origin',(0.901249999999925,7.18687992277633,-5.93132128560329));
#5226=CARTESIAN_POINT('',(0.901249999999925,7.18687992277633,-5.89882128560329));
#5227=CARTESIAN_POINT('',(0.901249999999925,7.18687992277633,-5.93132128560329));
#5228=CARTESIAN_POINT('Origin',(0.961249999999925,7.54207334738647,-5.98489552474738));
#5229=CARTESIAN_POINT('',(0.961249999999925,7.25144508779166,-5.81710122083621));
#5230=CARTESIAN_POINT('',(0.961249999999925,7.25144508779166,-5.81710122083621));
#5231=CARTESIAN_POINT('',(0.961249999999925,7.23519508779166,-5.8452470464592));
#5232=CARTESIAN_POINT('',(0.961249999999925,7.23519508779166,-5.8452470464592));
#5233=CARTESIAN_POINT('',(0.961249999999925,7.23519508779166,-5.8452470464592));
#5234=CARTESIAN_POINT('Origin',(0.879821428571353,7.20578487295863,-5.82826705100842));
#5235=CARTESIAN_POINT('',(0.901249999999925,7.22203487295863,-5.80012122538543));
#5236=CARTESIAN_POINT('',(0.879821428571353,7.22203487295863,-5.80012122538543));
#5237=CARTESIAN_POINT('',(0.879821428571353,7.22203487295863,-5.80012122538543));
#5238=CARTESIAN_POINT('',(0.879821428571353,7.20578487295863,-5.82826705100842));
#5239=CARTESIAN_POINT('',(0.879821428571353,7.20578487295863,-5.82826705100842));
#5240=CARTESIAN_POINT('',(0.901249999999925,7.20578487295863,-5.82826705100842));
#5241=CARTESIAN_POINT('',(0.879821428571353,7.20578487295863,-5.82826705100842));
#5242=CARTESIAN_POINT('',(0.901249999999925,7.20578487295863,-5.82826705100842));
#5243=CARTESIAN_POINT('Origin',(0.901249999999925,7.20578487295863,-5.82826705100842));
#5244=CARTESIAN_POINT('',(0.901249999999925,7.22203487295863,-5.80012122538543));
#5245=CARTESIAN_POINT('',(0.901249999999925,7.20578487295863,-5.82826705100842));
#5246=CARTESIAN_POINT('Origin',(0.961249999999925,7.54207334738647,-5.98489552474738));
#5247=CARTESIAN_POINT('',(0.961249999999925,7.31880997844497,-5.76163215580589));
#5248=CARTESIAN_POINT('',(0.961249999999925,7.31880997844497,-5.76163215580589));
#5249=CARTESIAN_POINT('',(0.961249999999925,7.29066415282198,-5.77788215580589));
#5250=CARTESIAN_POINT('',(0.961249999999925,7.29066415282198,-5.77788215580589));
#5251=CARTESIAN_POINT('',(0.961249999999925,7.29066415282198,-5.77788215580589));
#5252=CARTESIAN_POINT('Origin',(0.879821428571353,7.2736841573712,-5.74847194097285));
#5253=CARTESIAN_POINT('',(0.901249999999925,7.3018299829942,-5.73222194097285));
#5254=CARTESIAN_POINT('',(0.879821428571353,7.3018299829942,-5.73222194097285));
#5255=CARTESIAN_POINT('',(0.879821428571353,7.3018299829942,-5.73222194097285));
#5256=CARTESIAN_POINT('',(0.879821428571353,7.2736841573712,-5.74847194097285));
#5257=CARTESIAN_POINT('',(0.879821428571353,7.2736841573712,-5.74847194097285));
#5258=CARTESIAN_POINT('',(0.901249999999925,7.2736841573712,-5.74847194097285));
#5259=CARTESIAN_POINT('',(0.879821428571353,7.2736841573712,-5.74847194097285));
#5260=CARTESIAN_POINT('',(0.901249999999925,7.2736841573712,-5.74847194097285));
#5261=CARTESIAN_POINT('Origin',(0.901249999999925,7.2736841573712,-5.74847194097285));
#5262=CARTESIAN_POINT('',(0.901249999999925,7.3018299829942,-5.73222194097285));
#5263=CARTESIAN_POINT('',(0.901249999999925,7.2736841573712,-5.74847194097285));
#5264=CARTESIAN_POINT('Origin',(0.961249999999925,7.54207334738647,-5.98489552474738));
#5265=CARTESIAN_POINT('',(0.961249999999925,7.40488421758907,-5.74727698169212));
#5266=CARTESIAN_POINT('',(0.961249999999925,7.40488421758907,-5.74727698169212));
#5267=CARTESIAN_POINT('',(0.961249999999925,7.37238421758907,-5.74727698169212));
#5268=CARTESIAN_POINT('',(0.961249999999925,7.37238421758907,-5.74727698169212));
#5269=CARTESIAN_POINT('',(0.961249999999925,7.37238421758907,-5.74727698169212));
#5270=CARTESIAN_POINT('Origin',(0.879821428571353,7.37238421758907,-5.71331699079056));
#5271=CARTESIAN_POINT('',(0.901249999999925,7.40488421758907,-5.71331699079056));
#5272=CARTESIAN_POINT('',(0.879821428571353,7.40488421758907,-5.71331699079056));
#5273=CARTESIAN_POINT('',(0.879821428571353,7.40488421758907,-5.71331699079056));
#5274=CARTESIAN_POINT('',(0.879821428571353,7.37238421758907,-5.71331699079056));
#5275=CARTESIAN_POINT('',(0.879821428571353,7.37238421758907,-5.71331699079056));
#5276=CARTESIAN_POINT('',(0.901249999999925,7.37238421758907,-5.71331699079056));
#5277=CARTESIAN_POINT('',(0.879821428571353,7.37238421758907,-5.71331699079056));
#5278=CARTESIAN_POINT('',(0.901249999999925,7.37238421758907,-5.71331699079056));
#5279=CARTESIAN_POINT('Origin',(0.901249999999925,7.37238421758907,-5.71331699079056));
#5280=CARTESIAN_POINT('',(0.901249999999925,7.40488421758907,-5.71331699079056));
#5281=CARTESIAN_POINT('',(0.901249999999925,7.37238421758907,-5.71331699079056));
#5282=CARTESIAN_POINT('Origin',(0.961249999999925,7.54207334738647,-5.98489552474738));
#5283=CARTESIAN_POINT('',(0.961249999999925,7.48660428235615,-5.77788215580589));
#5284=CARTESIAN_POINT('',(0.961249999999925,7.48660428235615,-5.77788215580589));
#5285=CARTESIAN_POINT('',(0.961249999999925,7.45845845673316,-5.76163215580589));
#5286=CARTESIAN_POINT('',(0.961249999999925,7.45845845673316,-5.76163215580589));
#5287=CARTESIAN_POINT('',(0.961249999999925,7.45845845673316,-5.76163215580589));
#5288=CARTESIAN_POINT('Origin',(0.879821428571353,7.47543845218394,-5.73222194097285));
#5289=CARTESIAN_POINT('',(0.901249999999925,7.50358427780693,-5.74847194097285));
#5290=CARTESIAN_POINT('',(0.879821428571353,7.50358427780693,-5.74847194097285));
#5291=CARTESIAN_POINT('',(0.879821428571353,7.50358427780693,-5.74847194097285));
#5292=CARTESIAN_POINT('',(0.879821428571353,7.47543845218394,-5.73222194097285));
#5293=CARTESIAN_POINT('',(0.879821428571353,7.47543845218394,-5.73222194097285));
#5294=CARTESIAN_POINT('',(0.901249999999925,7.47543845218394,-5.73222194097285));
#5295=CARTESIAN_POINT('',(0.879821428571353,7.47543845218394,-5.73222194097285));
#5296=CARTESIAN_POINT('',(0.901249999999925,7.47543845218394,-5.73222194097285));
#5297=CARTESIAN_POINT('Origin',(0.901249999999925,7.47543845218394,-5.73222194097285));
#5298=CARTESIAN_POINT('',(0.901249999999925,7.50358427780693,-5.74847194097285));
#5299=CARTESIAN_POINT('',(0.901249999999925,7.47543845218394,-5.73222194097285));
#5300=CARTESIAN_POINT('Origin',(0.961249999999925,7.54207334738647,-5.98489552474738));
#5301=CARTESIAN_POINT('',(0.961249999999925,7.54207334738647,-5.8452470464592));
#5302=CARTESIAN_POINT('',(0.961249999999925,7.25144508779166,-6.01304135037038));
#5303=CARTESIAN_POINT('',(0.961249999999925,7.52582334738647,-5.81710122083621));
#5304=CARTESIAN_POINT('',(0.961249999999925,7.52582334738647,-5.81710122083621));
#5305=CARTESIAN_POINT('',(0.961249999999925,7.52582334738647,-5.81710122083621));
#5306=CARTESIAN_POINT('Origin',(0.879821428571353,7.55523356221951,-5.80012122538543));
#5307=CARTESIAN_POINT('',(0.901249999999925,7.57148356221951,-5.82826705100843));
#5308=CARTESIAN_POINT('',(0.879821428571353,7.57148356221951,-5.82826705100843));
#5309=CARTESIAN_POINT('',(0.879821428571353,7.57148356221951,-5.82826705100843));
#5310=CARTESIAN_POINT('',(0.879821428571353,7.55523356221951,-5.80012122538543));
#5311=CARTESIAN_POINT('',(0.879821428571353,7.55523356221951,-5.80012122538543));
#5312=CARTESIAN_POINT('',(0.901249999999925,7.55523356221951,-5.80012122538543));
#5313=CARTESIAN_POINT('',(0.879821428571353,7.55523356221951,-5.80012122538543));
#5314=CARTESIAN_POINT('',(0.901249999999925,7.55523356221951,-5.80012122538543));
#5315=CARTESIAN_POINT('Origin',(0.901249999999925,7.55523356221951,-5.80012122538543));
#5316=CARTESIAN_POINT('',(0.901249999999925,7.57148356221951,-5.82826705100843));
#5317=CARTESIAN_POINT('',(0.901249999999925,7.55523356221951,-5.80012122538543));
#5318=CARTESIAN_POINT('Origin',(0.879821428571353,7.5903885124018,-5.89882128560329));
#5319=CARTESIAN_POINT('',(0.901249999999925,7.5903885124018,-5.93132128560329));
#5320=CARTESIAN_POINT('',(0.879821428571353,7.5903885124018,-5.93132128560329));
#5321=CARTESIAN_POINT('',(0.879821428571353,7.5903885124018,-5.93132128560329));
#5322=CARTESIAN_POINT('',(0.879821428571353,7.5903885124018,-5.89882128560329));
#5323=CARTESIAN_POINT('',(0.879821428571353,7.5903885124018,-5.89882128560329));
#5324=CARTESIAN_POINT('',(0.901249999999925,7.5903885124018,-5.89882128560329));
#5325=CARTESIAN_POINT('',(0.879821428571353,7.5903885124018,-5.89882128560329));
#5326=CARTESIAN_POINT('',(0.901249999999925,7.5903885124018,-5.89882128560329));
#5327=CARTESIAN_POINT('Origin',(0.901249999999925,7.5903885124018,-5.89882128560329));
#5328=CARTESIAN_POINT('',(0.961249999999925,7.55642852150024,-5.93132128560329));
#5329=CARTESIAN_POINT('',(0.901249999999925,7.5903885124018,-5.93132128560329));
#5330=CARTESIAN_POINT('',(0.961249999999925,7.55642852150024,-5.89882128560329));
#5331=CARTESIAN_POINT('',(0.901249999999925,7.5903885124018,-5.89882128560329));
#5332=CARTESIAN_POINT('',(0.961249999999925,7.55642852150024,-5.89882128560329));
#5333=CARTESIAN_POINT('Origin',(0.961249999999925,7.55642852150024,-5.89882128560329));
#5334=CARTESIAN_POINT('',(0.961249999999925,7.55642852150024,-5.93132128560329));
#5335=CARTESIAN_POINT('',(0.961249999999925,7.55642852150024,-5.89882128560329));
#5336=CARTESIAN_POINT('Origin',(0.851249999999925,7.62434850330335,-5.91507128560329));
#5337=CARTESIAN_POINT('Origin',(0.879821428571353,7.53863421758907,-5.91507128560329));
#5338=CARTESIAN_POINT('',(0.879821428571353,7.38863421758906,-5.93132128560329));
#5339=CARTESIAN_POINT('',(0.879821428571353,7.39675921758906,-5.9009983727918));
#5340=CARTESIAN_POINT('',(0.879821428571353,7.38050921758906,-5.92914419841479));
#5341=CARTESIAN_POINT('',(0.879821428571353,7.40270713040056,-5.90694628560329));
#5342=CARTESIAN_POINT('',(0.879821428571353,7.37456130477757,-5.92319628560329));
#5343=CARTESIAN_POINT('',(0.879821428571353,7.40488421758907,-5.91507128560329));
#5344=CARTESIAN_POINT('',(0.879821428571353,7.37238421758907,-5.91507128560329));
#5345=CARTESIAN_POINT('',(0.879821428571353,7.40270713040056,-5.92319628560329));
#5346=CARTESIAN_POINT('',(0.879821428571353,7.37456130477757,-5.90694628560329));
#5347=CARTESIAN_POINT('',(0.879821428571353,7.39675921758906,-5.92914419841479));
#5348=CARTESIAN_POINT('',(0.879821428571353,7.38050921758906,-5.9009983727918));
#5349=CARTESIAN_POINT('',(0.879821428571353,7.38863421758906,-5.93132128560329));
#5350=CARTESIAN_POINT('',(0.879821428571353,7.38863421758906,-5.89882128560329));
#5351=CARTESIAN_POINT('',(0.879821428571353,7.38050921758906,-5.92914419841479));
#5352=CARTESIAN_POINT('',(0.879821428571353,7.39675921758906,-5.9009983727918));
#5353=CARTESIAN_POINT('',(0.879821428571353,7.37456130477757,-5.92319628560329));
#5354=CARTESIAN_POINT('',(0.879821428571353,7.40270713040056,-5.90694628560329));
#5355=CARTESIAN_POINT('',(0.879821428571353,7.37238421758907,-5.91507128560329));
#5356=CARTESIAN_POINT('',(0.879821428571353,7.40488421758907,-5.91507128560329));
#5357=CARTESIAN_POINT('',(0.879821428571353,7.37456130477757,-5.90694628560329));
#5358=CARTESIAN_POINT('',(0.879821428571353,7.40270713040056,-5.92319628560329));
#5359=CARTESIAN_POINT('',(0.879821428571353,7.38050921758906,-5.9009983727918));
#5360=CARTESIAN_POINT('',(0.879821428571353,7.50925921758907,-5.86419229313096));
#5361=CARTESIAN_POINT('',(0.879821428571353,7.38863421758906,-5.89882128560329));
#5362=CARTESIAN_POINT('Origin',(1.15124999999993,7.38050921758906,-5.92914419841479));
#5363=CARTESIAN_POINT('Origin',(1.15124999999993,7.39675921758906,-5.9009983727918));
#5364=CARTESIAN_POINT('Origin',(1.15124999999993,7.40270713040056,-5.90694628560329));
#5365=CARTESIAN_POINT('Origin',(1.15124999999993,7.37456130477757,-5.92319628560329));
#5366=CARTESIAN_POINT('Origin',(1.15124999999993,7.40488421758907,-5.91507128560329));
#5367=CARTESIAN_POINT('Origin',(1.15124999999993,7.37238421758907,-5.91507128560329));
#5368=CARTESIAN_POINT('Origin',(1.15124999999993,7.40270713040056,-5.92319628560329));
#5369=CARTESIAN_POINT('Origin',(1.15124999999993,7.37456130477757,-5.90694628560329));
#5370=CARTESIAN_POINT('Origin',(1.15124999999993,7.38050921758906,-5.9009983727918));
#5371=CARTESIAN_POINT('Origin',(1.15124999999993,7.39675921758906,-5.92914419841479));
#5372=CARTESIAN_POINT('Origin',(1.15124999999993,7.38863421758906,-5.89882128560329));
#5373=CARTESIAN_POINT('Origin',(1.15124999999993,7.38863421758906,-5.93132128560329));
#5374=CARTESIAN_POINT('Origin',(1.15124999999993,7.39675921758906,-5.9009983727918));
#5375=CARTESIAN_POINT('Origin',(1.15124999999993,7.38050921758906,-5.92914419841479));
#5376=CARTESIAN_POINT('Origin',(1.15124999999993,7.40270713040056,-5.90694628560329));
#5377=CARTESIAN_POINT('Origin',(1.15124999999993,7.37456130477757,-5.92319628560329));
#5378=CARTESIAN_POINT('Origin',(1.15124999999993,7.40488421758907,-5.91507128560329));
#5379=CARTESIAN_POINT('Origin',(1.15124999999993,7.37238421758907,-5.91507128560329));
#5380=CARTESIAN_POINT('Origin',(1.15124999999993,7.40270713040056,-5.92319628560329));
#5381=CARTESIAN_POINT('Origin',(1.15124999999993,7.37456130477757,-5.90694628560329));
#5382=CARTESIAN_POINT('Origin',(1.15124999999993,7.39675921758906,-5.92914419841479));
#5383=CARTESIAN_POINT('Origin',(1.15124999999993,7.38050921758906,-5.9009983727918));
#5384=CARTESIAN_POINT('Origin',(1.15124999999993,7.38863421758906,-5.93132128560329));
#5385=CARTESIAN_POINT('Origin',(1.15124999999993,7.38863421758906,-5.89882128560329));
#5386=CARTESIAN_POINT('Origin',(1.43874999999992,7.38863421758906,-5.91507128560329));
#5387=CARTESIAN_POINT('Origin',(1.45124999999993,7.38863421758906,-5.91507128560329));
#5388=CARTESIAN_POINT('Ctrl Pts',(1.4762485549342,7.50615576201988,-5.91507128560329));
#5389=CARTESIAN_POINT('Ctrl Pts',(1.47208188826753,7.50615576201988,-5.84722019029058));
#5390=CARTESIAN_POINT('Ctrl Pts',(1.46791522160086,7.44739498980447,-5.81329464263422));
#5391=CARTESIAN_POINT('Ctrl Pts',(1.4637485549342,7.38863421758906,-5.77936909497787));
#5392=CARTESIAN_POINT('Ctrl Pts',(1.45958188826753,7.32987344537366,-5.81329464263422));
#5393=CARTESIAN_POINT('Ctrl Pts',(1.45541522160086,7.27111267315825,-5.84722019029058));
#5394=CARTESIAN_POINT('Ctrl Pts',(1.45124855493419,7.27111267315825,-5.91507128560329));
#5395=CARTESIAN_POINT('Ctrl Pts',(1.44708188826753,7.27111267315825,-5.98292238091601));
#5396=CARTESIAN_POINT('Ctrl Pts',(1.44291522160086,7.32987344537366,-6.01684792857236));
#5397=CARTESIAN_POINT('Ctrl Pts',(1.4387485549342,7.38863421758906,-6.05077347622872));
#5398=CARTESIAN_POINT('Ctrl Pts',(1.43458188826753,7.44739498980447,-6.01684792857236));
#5399=CARTESIAN_POINT('Ctrl Pts',(1.43041522160086,7.50615576201988,-5.98292238091601));
#5400=CARTESIAN_POINT('Ctrl Pts',(1.4262485549342,7.50615576201988,-5.91507128560329));
#5401=CARTESIAN_POINT('Ctrl Pts',(1.42208188826753,7.50615576201988,-5.84722019029058));
#5402=CARTESIAN_POINT('Ctrl Pts',(1.41791522160086,7.44739498980447,-5.81329464263422));
#5403=CARTESIAN_POINT('Ctrl Pts',(1.4137485549342,7.38863421758906,-5.77936909497787));
#5404=CARTESIAN_POINT('Ctrl Pts',(1.40958188826753,7.32987344537366,-5.81329464263422));
#5405=CARTESIAN_POINT('Ctrl Pts',(1.40541522160086,7.27111267315825,-5.84722019029058));
#5406=CARTESIAN_POINT('Ctrl Pts',(1.4012485549342,7.27111267315825,-5.91507128560329));
#5407=CARTESIAN_POINT('Ctrl Pts',(1.39708188826753,7.27111267315825,-5.98292238091601));
#5408=CARTESIAN_POINT('Ctrl Pts',(1.39291522160086,7.32987344537366,-6.01684792857236));
#5409=CARTESIAN_POINT('Ctrl Pts',(1.38874855493419,7.38863421758906,-6.05077347622872));
#5410=CARTESIAN_POINT('Ctrl Pts',(1.38458188826753,7.44739498980447,-6.01684792857236));
#5411=CARTESIAN_POINT('Ctrl Pts',(1.38041522160086,7.50615576201988,-5.98292238091601));
#5412=CARTESIAN_POINT('Ctrl Pts',(1.3762485549342,7.50615576201988,-5.91507128560329));
#5413=CARTESIAN_POINT('Ctrl Pts',(1.37208188826753,7.50615576201988,-5.84722019029058));
#5414=CARTESIAN_POINT('Ctrl Pts',(1.36791522160086,7.44739498980447,-5.81329464263422));
#5415=CARTESIAN_POINT('Ctrl Pts',(1.3637485549342,7.38863421758906,-5.77936909497787));
#5416=CARTESIAN_POINT('Ctrl Pts',(1.35958188826753,7.32987344537366,-5.81329464263422));
#5417=CARTESIAN_POINT('Ctrl Pts',(1.35541522160086,7.27111267315825,-5.84722019029058));
#5418=CARTESIAN_POINT('Ctrl Pts',(1.3512485549342,7.27111267315825,-5.91507128560329));
#5419=CARTESIAN_POINT('Ctrl Pts',(1.34708188826753,7.27111267315825,-5.98292238091601));
#5420=CARTESIAN_POINT('Ctrl Pts',(1.34291522160086,7.32987344537366,-6.01684792857236));
#5421=CARTESIAN_POINT('Ctrl Pts',(1.3387485549342,7.38863421758906,-6.05077347622872));
#5422=CARTESIAN_POINT('Ctrl Pts',(1.33458188826753,7.44739498980447,-6.01684792857236));
#5423=CARTESIAN_POINT('Ctrl Pts',(1.33041522160086,7.50615576201988,-5.98292238091601));
#5424=CARTESIAN_POINT('Ctrl Pts',(1.32624855493419,7.50615576201988,-5.91507128560329));
#5425=CARTESIAN_POINT('Ctrl Pts',(1.32208188826753,7.50615576201988,-5.84722019029058));
#5426=CARTESIAN_POINT('Ctrl Pts',(1.31791522160086,7.44739498980447,-5.81329464263422));
#5427=CARTESIAN_POINT('Ctrl Pts',(1.3137485549342,7.38863421758906,-5.77936909497787));
#5428=CARTESIAN_POINT('Ctrl Pts',(1.30958188826753,7.32987344537366,-5.81329464263422));
#5429=CARTESIAN_POINT('Ctrl Pts',(1.30541522160086,7.27111267315825,-5.84722019029058));
#5430=CARTESIAN_POINT('Ctrl Pts',(1.3012485549342,7.27111267315825,-5.91507128560329));
#5431=CARTESIAN_POINT('Ctrl Pts',(1.29708188826753,7.27111267315825,-5.98292238091601));
#5432=CARTESIAN_POINT('Ctrl Pts',(1.29291522160086,7.32987344537366,-6.01684792857236));
#5433=CARTESIAN_POINT('Ctrl Pts',(1.2887485549342,7.38863421758906,-6.05077347622872));
#5434=CARTESIAN_POINT('Ctrl Pts',(1.28458188826753,7.44739498980447,-6.01684792857236));
#5435=CARTESIAN_POINT('Ctrl Pts',(1.28041522160086,7.50615576201988,-5.98292238091601));
#5436=CARTESIAN_POINT('Ctrl Pts',(1.2762485549342,7.50615576201988,-5.91507128560329));
#5437=CARTESIAN_POINT('Ctrl Pts',(1.27208188826753,7.50615576201988,-5.84722019029058));
#5438=CARTESIAN_POINT('Ctrl Pts',(1.26791522160086,7.44739498980447,-5.81329464263422));
#5439=CARTESIAN_POINT('Ctrl Pts',(1.26374855493419,7.38863421758906,-5.77936909497787));
#5440=CARTESIAN_POINT('Ctrl Pts',(1.25958188826753,7.32987344537366,-5.81329464263422));
#5441=CARTESIAN_POINT('Ctrl Pts',(1.25541522160086,7.27111267315825,-5.84722019029058));
#5442=CARTESIAN_POINT('Ctrl Pts',(1.2512485549342,7.27111267315825,-5.91507128560329));
#5443=CARTESIAN_POINT('Ctrl Pts',(1.24708188826753,7.27111267315825,-5.98292238091601));
#5444=CARTESIAN_POINT('Ctrl Pts',(1.24291522160086,7.32987344537366,-6.01684792857236));
#5445=CARTESIAN_POINT('Ctrl Pts',(1.2387485549342,7.38863421758906,-6.05077347622872));
#5446=CARTESIAN_POINT('Ctrl Pts',(1.23458188826753,7.44739498980447,-6.01684792857236));
#5447=CARTESIAN_POINT('Ctrl Pts',(1.23041522160086,7.50615576201988,-5.98292238091601));
#5448=CARTESIAN_POINT('Ctrl Pts',(1.2262485549342,7.50615576201988,-5.91507128560329));
#5449=CARTESIAN_POINT('Ctrl Pts',(1.22208188826753,7.50615576201988,-5.84722019029058));
#5450=CARTESIAN_POINT('Ctrl Pts',(1.21791522160086,7.44739498980447,-5.81329464263422));
#5451=CARTESIAN_POINT('Ctrl Pts',(1.2137485549342,7.38863421758906,-5.77936909497787));
#5452=CARTESIAN_POINT('Ctrl Pts',(1.20958188826753,7.32987344537366,-5.81329464263422));
#5453=CARTESIAN_POINT('Ctrl Pts',(1.20541522160086,7.27111267315825,-5.84722019029058));
#5454=CARTESIAN_POINT('Ctrl Pts',(1.20124855493419,7.27111267315825,-5.91507128560329));
#5455=CARTESIAN_POINT('Ctrl Pts',(1.19708188826753,7.27111267315825,-5.98292238091601));
#5456=CARTESIAN_POINT('Ctrl Pts',(1.19291522160086,7.32987344537366,-6.01684792857236));
#5457=CARTESIAN_POINT('Ctrl Pts',(1.18874855493419,7.38863421758906,-6.05077347622872));
#5458=CARTESIAN_POINT('Ctrl Pts',(1.18458188826753,7.44739498980447,-6.01684792857236));
#5459=CARTESIAN_POINT('Ctrl Pts',(1.18041522160086,7.50615576201988,-5.98292238091601));
#5460=CARTESIAN_POINT('Ctrl Pts',(1.1762485549342,7.50615576201988,-5.91507128560329));
#5461=CARTESIAN_POINT('Ctrl Pts',(1.17208188826753,7.50615576201988,-5.84722019029058));
#5462=CARTESIAN_POINT('Ctrl Pts',(1.16791522160086,7.44739498980447,-5.81329464263422));
#5463=CARTESIAN_POINT('Ctrl Pts',(1.1637485549342,7.38863421758906,-5.77936909497787));
#5464=CARTESIAN_POINT('Ctrl Pts',(1.15958188826753,7.32987344537366,-5.81329464263422));
#5465=CARTESIAN_POINT('Ctrl Pts',(1.15541522160086,7.27111267315825,-5.84722019029058));
#5466=CARTESIAN_POINT('Ctrl Pts',(1.1512485549342,7.27111267315825,-5.91507128560329));
#5467=CARTESIAN_POINT('Ctrl Pts',(1.14708188826753,7.27111267315825,-5.98292238091601));
#5468=CARTESIAN_POINT('Ctrl Pts',(1.14291522160086,7.32987344537366,-6.01684792857236));
#5469=CARTESIAN_POINT('Ctrl Pts',(1.13874855493419,7.38863421758906,-6.05077347622872));
#5470=CARTESIAN_POINT('Ctrl Pts',(1.13458188826753,7.44739498980447,-6.01684792857236));
#5471=CARTESIAN_POINT('Ctrl Pts',(1.13041522160086,7.50615576201988,-5.98292238091601));
#5472=CARTESIAN_POINT('Ctrl Pts',(1.12624855493419,7.50615576201988,-5.91507128560329));
#5473=CARTESIAN_POINT('Ctrl Pts',(1.12208188826753,7.50615576201988,-5.84722019029058));
#5474=CARTESIAN_POINT('Ctrl Pts',(1.11791522160086,7.44739498980447,-5.81329464263422));
#5475=CARTESIAN_POINT('Ctrl Pts',(1.1137485549342,7.38863421758906,-5.77936909497787));
#5476=CARTESIAN_POINT('Ctrl Pts',(1.10958188826753,7.32987344537366,-5.81329464263422));
#5477=CARTESIAN_POINT('Ctrl Pts',(1.10541522160086,7.27111267315825,-5.84722019029058));
#5478=CARTESIAN_POINT('Ctrl Pts',(1.1012485549342,7.27111267315825,-5.91507128560329));
#5479=CARTESIAN_POINT('Ctrl Pts',(1.09708188826753,7.27111267315825,-5.98292238091601));
#5480=CARTESIAN_POINT('Ctrl Pts',(1.09291522160086,7.32987344537366,-6.01684792857236));
#5481=CARTESIAN_POINT('Ctrl Pts',(1.0887485549342,7.38863421758906,-6.05077347622872));
#5482=CARTESIAN_POINT('Ctrl Pts',(1.08458188826753,7.44739498980447,-6.01684792857236));
#5483=CARTESIAN_POINT('Ctrl Pts',(1.08041522160086,7.50615576201988,-5.98292238091601));
#5484=CARTESIAN_POINT('Ctrl Pts',(1.07624855493419,7.50615576201988,-5.91507128560329));
#5485=CARTESIAN_POINT('Ctrl Pts',(1.07208188826753,7.50615576201988,-5.84722019029058));
#5486=CARTESIAN_POINT('Ctrl Pts',(1.06791522160086,7.44739498980447,-5.81329464263422));
#5487=CARTESIAN_POINT('Ctrl Pts',(1.06374855493419,7.38863421758906,-5.77936909497787));
#5488=CARTESIAN_POINT('Ctrl Pts',(1.05958188826753,7.32987344537366,-5.81329464263422));
#5489=CARTESIAN_POINT('Ctrl Pts',(1.05541522160086,7.27111267315825,-5.84722019029058));
#5490=CARTESIAN_POINT('Ctrl Pts',(1.0512485549342,7.27111267315825,-5.91507128560329));
#5491=CARTESIAN_POINT('Ctrl Pts',(1.04708188826753,7.27111267315825,-5.98292238091601));
#5492=CARTESIAN_POINT('Ctrl Pts',(1.04291522160086,7.32987344537366,-6.01684792857236));
#5493=CARTESIAN_POINT('Ctrl Pts',(1.03970219964239,7.3751853617156,-6.04300877566989));
#5494=CARTESIAN_POINT('Ctrl Pts',(1.03617366867114,7.42494677083327,-6.02684208627275));
#5495=CARTESIAN_POINT('Ctrl Pts',(1.0339861528427,7.4557963994683,-6.01681953319392));
#5496=CARTESIAN_POINT('Ctrl Pts',(1.03179863701425,7.48664602810334,-6.00679698011508));
#5497=CARTESIAN_POINT('Ctrl Pts',(1.49656249999993,7.54134054697589,-5.91507128560329));
#5498=CARTESIAN_POINT('Ctrl Pts',(1.49239583333326,7.54134054697589,-5.82690624522485));
#5499=CARTESIAN_POINT('Ctrl Pts',(1.48822916666659,7.46498738228248,-5.78282372503563));
#5500=CARTESIAN_POINT('Ctrl Pts',(1.48406249999993,7.38863421758906,-5.73874120484641));
#5501=CARTESIAN_POINT('Ctrl Pts',(1.47989583333326,7.31228105289565,-5.78282372503563));
#5502=CARTESIAN_POINT('Ctrl Pts',(1.47572916666659,7.23592788820224,-5.82690624522485));
#5503=CARTESIAN_POINT('Ctrl Pts',(1.47156249999993,7.23592788820224,-5.91507128560329));
#5504=CARTESIAN_POINT('Ctrl Pts',(1.46739583333326,7.23592788820224,-6.00323632598174));
#5505=CARTESIAN_POINT('Ctrl Pts',(1.46322916666659,7.31228105289565,-6.04731884617096));
#5506=CARTESIAN_POINT('Ctrl Pts',(1.45906249999993,7.38863421758906,-6.09140136636018));
#5507=CARTESIAN_POINT('Ctrl Pts',(1.45489583333326,7.46498738228248,-6.04731884617096));
#5508=CARTESIAN_POINT('Ctrl Pts',(1.45072916666659,7.54134054697589,-6.00323632598174));
#5509=CARTESIAN_POINT('Ctrl Pts',(1.44656249999992,7.54134054697589,-5.91507128560329));
#5510=CARTESIAN_POINT('Ctrl Pts',(1.44239583333326,7.54134054697589,-5.82690624522485));
#5511=CARTESIAN_POINT('Ctrl Pts',(1.43822916666659,7.46498738228248,-5.78282372503563));
#5512=CARTESIAN_POINT('Ctrl Pts',(1.43406249999993,7.38863421758906,-5.73874120484641));
#5513=CARTESIAN_POINT('Ctrl Pts',(1.42989583333326,7.31228105289565,-5.78282372503563));
#5514=CARTESIAN_POINT('Ctrl Pts',(1.42572916666659,7.23592788820224,-5.82690624522485));
#5515=CARTESIAN_POINT('Ctrl Pts',(1.42156249999993,7.23592788820224,-5.91507128560329));
#5516=CARTESIAN_POINT('Ctrl Pts',(1.41739583333326,7.23592788820224,-6.00323632598174));
#5517=CARTESIAN_POINT('Ctrl Pts',(1.41322916666659,7.31228105289565,-6.04731884617096));
#5518=CARTESIAN_POINT('Ctrl Pts',(1.40906249999993,7.38863421758906,-6.09140136636018));
#5519=CARTESIAN_POINT('Ctrl Pts',(1.40489583333326,7.46498738228248,-6.04731884617096));
#5520=CARTESIAN_POINT('Ctrl Pts',(1.40072916666659,7.54134054697589,-6.00323632598174));
#5521=CARTESIAN_POINT('Ctrl Pts',(1.39656249999993,7.54134054697589,-5.91507128560329));
#5522=CARTESIAN_POINT('Ctrl Pts',(1.39239583333326,7.54134054697589,-5.82690624522485));
#5523=CARTESIAN_POINT('Ctrl Pts',(1.38822916666659,7.46498738228248,-5.78282372503563));
#5524=CARTESIAN_POINT('Ctrl Pts',(1.38406249999992,7.38863421758906,-5.73874120484641));
#5525=CARTESIAN_POINT('Ctrl Pts',(1.37989583333326,7.31228105289565,-5.78282372503563));
#5526=CARTESIAN_POINT('Ctrl Pts',(1.37572916666659,7.23592788820224,-5.82690624522485));
#5527=CARTESIAN_POINT('Ctrl Pts',(1.37156249999993,7.23592788820224,-5.91507128560329));
#5528=CARTESIAN_POINT('Ctrl Pts',(1.36739583333326,7.23592788820224,-6.00323632598174));
#5529=CARTESIAN_POINT('Ctrl Pts',(1.36322916666659,7.31228105289565,-6.04731884617096));
#5530=CARTESIAN_POINT('Ctrl Pts',(1.35906249999993,7.38863421758906,-6.09140136636018));
#5531=CARTESIAN_POINT('Ctrl Pts',(1.35489583333326,7.46498738228248,-6.04731884617096));
#5532=CARTESIAN_POINT('Ctrl Pts',(1.35072916666659,7.54134054697589,-6.00323632598174));
#5533=CARTESIAN_POINT('Ctrl Pts',(1.34656249999993,7.54134054697589,-5.91507128560329));
#5534=CARTESIAN_POINT('Ctrl Pts',(1.34239583333326,7.54134054697589,-5.82690624522485));
#5535=CARTESIAN_POINT('Ctrl Pts',(1.33822916666659,7.46498738228248,-5.78282372503563));
#5536=CARTESIAN_POINT('Ctrl Pts',(1.33406249999993,7.38863421758906,-5.73874120484641));
#5537=CARTESIAN_POINT('Ctrl Pts',(1.32989583333326,7.31228105289565,-5.78282372503563));
#5538=CARTESIAN_POINT('Ctrl Pts',(1.32572916666659,7.23592788820224,-5.82690624522485));
#5539=CARTESIAN_POINT('Ctrl Pts',(1.32156249999992,7.23592788820224,-5.91507128560329));
#5540=CARTESIAN_POINT('Ctrl Pts',(1.31739583333326,7.23592788820224,-6.00323632598174));
#5541=CARTESIAN_POINT('Ctrl Pts',(1.31322916666659,7.31228105289565,-6.04731884617096));
#5542=CARTESIAN_POINT('Ctrl Pts',(1.30906249999993,7.38863421758906,-6.09140136636018));
#5543=CARTESIAN_POINT('Ctrl Pts',(1.30489583333326,7.46498738228248,-6.04731884617096));
#5544=CARTESIAN_POINT('Ctrl Pts',(1.30072916666659,7.54134054697589,-6.00323632598174));
#5545=CARTESIAN_POINT('Ctrl Pts',(1.29656249999993,7.54134054697589,-5.91507128560329));
#5546=CARTESIAN_POINT('Ctrl Pts',(1.29239583333326,7.54134054697589,-5.82690624522485));
#5547=CARTESIAN_POINT('Ctrl Pts',(1.28822916666659,7.46498738228248,-5.78282372503563));
#5548=CARTESIAN_POINT('Ctrl Pts',(1.28406249999993,7.38863421758906,-5.73874120484641));
#5549=CARTESIAN_POINT('Ctrl Pts',(1.27989583333326,7.31228105289565,-5.78282372503563));
#5550=CARTESIAN_POINT('Ctrl Pts',(1.27572916666659,7.23592788820224,-5.82690624522485));
#5551=CARTESIAN_POINT('Ctrl Pts',(1.27156249999993,7.23592788820224,-5.91507128560329));
#5552=CARTESIAN_POINT('Ctrl Pts',(1.26739583333326,7.23592788820224,-6.00323632598174));
#5553=CARTESIAN_POINT('Ctrl Pts',(1.26322916666659,7.31228105289565,-6.04731884617096));
#5554=CARTESIAN_POINT('Ctrl Pts',(1.25906249999992,7.38863421758906,-6.09140136636018));
#5555=CARTESIAN_POINT('Ctrl Pts',(1.25489583333326,7.46498738228248,-6.04731884617096));
#5556=CARTESIAN_POINT('Ctrl Pts',(1.25072916666659,7.54134054697589,-6.00323632598174));
#5557=CARTESIAN_POINT('Ctrl Pts',(1.24656249999993,7.54134054697589,-5.91507128560329));
#5558=CARTESIAN_POINT('Ctrl Pts',(1.24239583333326,7.54134054697589,-5.82690624522485));
#5559=CARTESIAN_POINT('Ctrl Pts',(1.23822916666659,7.46498738228248,-5.78282372503563));
#5560=CARTESIAN_POINT('Ctrl Pts',(1.23406249999993,7.38863421758906,-5.73874120484641));
#5561=CARTESIAN_POINT('Ctrl Pts',(1.22989583333326,7.31228105289565,-5.78282372503563));
#5562=CARTESIAN_POINT('Ctrl Pts',(1.22572916666659,7.23592788820224,-5.82690624522485));
#5563=CARTESIAN_POINT('Ctrl Pts',(1.22156249999993,7.23592788820224,-5.91507128560329));
#5564=CARTESIAN_POINT('Ctrl Pts',(1.21739583333326,7.23592788820224,-6.00323632598174));
#5565=CARTESIAN_POINT('Ctrl Pts',(1.21322916666659,7.31228105289565,-6.04731884617096));
#5566=CARTESIAN_POINT('Ctrl Pts',(1.20906249999993,7.38863421758906,-6.09140136636018));
#5567=CARTESIAN_POINT('Ctrl Pts',(1.20489583333326,7.46498738228248,-6.04731884617096));
#5568=CARTESIAN_POINT('Ctrl Pts',(1.20072916666659,7.54134054697589,-6.00323632598174));
#5569=CARTESIAN_POINT('Ctrl Pts',(1.19656249999992,7.54134054697589,-5.91507128560329));
#5570=CARTESIAN_POINT('Ctrl Pts',(1.19239583333326,7.54134054697589,-5.82690624522485));
#5571=CARTESIAN_POINT('Ctrl Pts',(1.18822916666659,7.46498738228248,-5.78282372503563));
#5572=CARTESIAN_POINT('Ctrl Pts',(1.18406249999993,7.38863421758906,-5.73874120484641));
#5573=CARTESIAN_POINT('Ctrl Pts',(1.17989583333326,7.31228105289565,-5.78282372503563));
#5574=CARTESIAN_POINT('Ctrl Pts',(1.17572916666659,7.23592788820224,-5.82690624522485));
#5575=CARTESIAN_POINT('Ctrl Pts',(1.17156249999993,7.23592788820224,-5.91507128560329));
#5576=CARTESIAN_POINT('Ctrl Pts',(1.16739583333326,7.23592788820224,-6.00323632598174));
#5577=CARTESIAN_POINT('Ctrl Pts',(1.16322916666659,7.31228105289565,-6.04731884617096));
#5578=CARTESIAN_POINT('Ctrl Pts',(1.15906249999993,7.38863421758906,-6.09140136636018));
#5579=CARTESIAN_POINT('Ctrl Pts',(1.15489583333326,7.46498738228248,-6.04731884617096));
#5580=CARTESIAN_POINT('Ctrl Pts',(1.15072916666659,7.54134054697589,-6.00323632598174));
#5581=CARTESIAN_POINT('Ctrl Pts',(1.14656249999993,7.54134054697589,-5.91507128560329));
#5582=CARTESIAN_POINT('Ctrl Pts',(1.14239583333326,7.54134054697589,-5.82690624522485));
#5583=CARTESIAN_POINT('Ctrl Pts',(1.13822916666659,7.46498738228248,-5.78282372503563));
#5584=CARTESIAN_POINT('Ctrl Pts',(1.13406249999992,7.38863421758906,-5.73874120484641));
#5585=CARTESIAN_POINT('Ctrl Pts',(1.12989583333326,7.31228105289565,-5.78282372503563));
#5586=CARTESIAN_POINT('Ctrl Pts',(1.12572916666659,7.23592788820224,-5.82690624522485));
#5587=CARTESIAN_POINT('Ctrl Pts',(1.12156249999993,7.23592788820224,-5.91507128560329));
#5588=CARTESIAN_POINT('Ctrl Pts',(1.11739583333326,7.23592788820224,-6.00323632598174));
#5589=CARTESIAN_POINT('Ctrl Pts',(1.11322916666659,7.31228105289565,-6.04731884617096));
#5590=CARTESIAN_POINT('Ctrl Pts',(1.10906249999993,7.38863421758906,-6.09140136636018));
#5591=CARTESIAN_POINT('Ctrl Pts',(1.10489583333326,7.46498738228248,-6.04731884617096));
#5592=CARTESIAN_POINT('Ctrl Pts',(1.10072916666659,7.54134054697589,-6.00323632598174));
#5593=CARTESIAN_POINT('Ctrl Pts',(1.09656249999993,7.54134054697589,-5.91507128560329));
#5594=CARTESIAN_POINT('Ctrl Pts',(1.09239583333326,7.54134054697589,-5.82690624522485));
#5595=CARTESIAN_POINT('Ctrl Pts',(1.08822916666659,7.46498738228248,-5.78282372503563));
#5596=CARTESIAN_POINT('Ctrl Pts',(1.08406249999993,7.38863421758906,-5.73874120484641));
#5597=CARTESIAN_POINT('Ctrl Pts',(1.07989583333326,7.31228105289565,-5.78282372503563));
#5598=CARTESIAN_POINT('Ctrl Pts',(1.07572916666659,7.23592788820224,-5.82690624522485));
#5599=CARTESIAN_POINT('Ctrl Pts',(1.07156249999992,7.23592788820224,-5.91507128560329));
#5600=CARTESIAN_POINT('Ctrl Pts',(1.06739583333326,7.23592788820224,-6.00323632598174));
#5601=CARTESIAN_POINT('Ctrl Pts',(1.06322916666659,7.31228105289565,-6.04731884617096));
#5602=CARTESIAN_POINT('Ctrl Pts',(1.06001614470812,7.37115890763772,-6.0813119914556));
#5603=CARTESIAN_POINT('Ctrl Pts',(1.05648761373687,7.4358183891675,-6.06030515557602));
#5604=CARTESIAN_POINT('Ctrl Pts',(1.05430009790842,7.47590409068392,-6.0472819494978));
#5605=CARTESIAN_POINT('Ctrl Pts',(1.05211258207998,7.51598979220034,-6.03425874341957));
#5606=CARTESIAN_POINT('Ctrl Pts',(1.45124999999993,7.27111017023098,-5.91507128560329));
#5607=CARTESIAN_POINT('Ctrl Pts',(1.44708333333326,7.27111017023098,-5.98292382598174));
#5608=CARTESIAN_POINT('Ctrl Pts',(1.44291666666659,7.32987219391002,-6.01685009617096));
#5609=CARTESIAN_POINT('Ctrl Pts',(1.43874999999992,7.38863421758906,-6.05077636636018));
#5610=CARTESIAN_POINT('Ctrl Pts',(1.43458333333326,7.44739624126811,-6.01685009617096));
#5611=CARTESIAN_POINT('Ctrl Pts',(1.43041666666659,7.50615826494715,-5.98292382598174));
#5612=CARTESIAN_POINT('Ctrl Pts',(1.42624999999993,7.50615826494715,-5.91507128560329));
#5613=CARTESIAN_POINT('Ctrl Pts',(1.42208333333326,7.50615826494715,-5.84721874522485));
#5614=CARTESIAN_POINT('Ctrl Pts',(1.41791666666659,7.44739624126811,-5.81329247503563));
#5615=CARTESIAN_POINT('Ctrl Pts',(1.41374999999993,7.38863421758906,-5.77936620484641));
#5616=CARTESIAN_POINT('Ctrl Pts',(1.40958333333326,7.32987219391002,-5.81329247503563));
#5617=CARTESIAN_POINT('Ctrl Pts',(1.40541666666659,7.27111017023098,-5.84721874522485));
#5618=CARTESIAN_POINT('Ctrl Pts',(1.40124999999993,7.27111017023098,-5.91507128560329));
#5619=CARTESIAN_POINT('Origin',(1.47312499999993,7.38863421758906,-5.91507128560329));
#5620=CARTESIAN_POINT('Ctrl Pts',(1.44499999999993,7.27111017023098,-5.91507128560329));
#5621=CARTESIAN_POINT('Ctrl Pts',(1.44083333333326,7.27111017023098,-5.98292382598174));
#5622=CARTESIAN_POINT('Ctrl Pts',(1.43666666666659,7.32987219391002,-6.01685009617096));
#5623=CARTESIAN_POINT('Ctrl Pts',(1.43249999999993,7.38863421758906,-6.05077636636018));
#5624=CARTESIAN_POINT('Ctrl Pts',(1.42833333333326,7.44739624126811,-6.01685009617096));
#5625=CARTESIAN_POINT('Ctrl Pts',(1.42416666666659,7.50615826494715,-5.98292382598174));
#5626=CARTESIAN_POINT('Ctrl Pts',(1.41999999999993,7.50615826494715,-5.91507128560329));
#5627=CARTESIAN_POINT('Ctrl Pts',(1.41583333333326,7.50615826494715,-5.84721874522485));
#5628=CARTESIAN_POINT('Ctrl Pts',(1.41166666666659,7.44739624126811,-5.81329247503563));
#5629=CARTESIAN_POINT('Ctrl Pts',(1.40749999999992,7.38863421758906,-5.77936620484641));
#5630=CARTESIAN_POINT('Ctrl Pts',(1.40333333333326,7.32987219391002,-5.81329247503563));
#5631=CARTESIAN_POINT('Ctrl Pts',(1.39916666666659,7.27111017023098,-5.84721874522485));
#5632=CARTESIAN_POINT('Ctrl Pts',(1.39499999999993,7.27111017023098,-5.91507128560329));
#5633=CARTESIAN_POINT('Ctrl Pts',(1.44968749999993,7.54134054697589,-5.91507128560329));
#5634=CARTESIAN_POINT('Ctrl Pts',(1.44552083333326,7.54134054697589,-5.82690624522485));
#5635=CARTESIAN_POINT('Ctrl Pts',(1.44135416666659,7.46498738228248,-5.78282372503563));
#5636=CARTESIAN_POINT('Ctrl Pts',(1.43718749999993,7.38863421758906,-5.73874120484641));
#5637=CARTESIAN_POINT('Ctrl Pts',(1.43302083333326,7.31228105289565,-5.78282372503563));
#5638=CARTESIAN_POINT('Ctrl Pts',(1.42885416666659,7.23592788820224,-5.82690624522485));
#5639=CARTESIAN_POINT('Ctrl Pts',(1.42468749999993,7.23592788820224,-5.91507128560329));
#5640=CARTESIAN_POINT('Ctrl Pts',(1.42052083333326,7.23592788820224,-6.00323632598174));
#5641=CARTESIAN_POINT('Ctrl Pts',(1.41635416666659,7.31228105289565,-6.04731884617096));
#5642=CARTESIAN_POINT('Ctrl Pts',(1.41218749999993,7.38863421758906,-6.09140136636018));
#5643=CARTESIAN_POINT('Ctrl Pts',(1.40802083333326,7.46498738228248,-6.04731884617096));
#5644=CARTESIAN_POINT('Ctrl Pts',(1.40385416666659,7.54134054697589,-6.00323632598174));
#5645=CARTESIAN_POINT('Ctrl Pts',(1.39968749999992,7.54134054697589,-5.91507128560329));
#5646=CARTESIAN_POINT('Ctrl Pts',(1.39552083333326,7.54134054697589,-5.82690624522485));
#5647=CARTESIAN_POINT('Ctrl Pts',(1.39135416666659,7.46498738228248,-5.78282372503563));
#5648=CARTESIAN_POINT('Ctrl Pts',(1.38718749999993,7.38863421758906,-5.73874120484641));
#5649=CARTESIAN_POINT('Ctrl Pts',(1.38302083333326,7.31228105289565,-5.78282372503563));
#5650=CARTESIAN_POINT('Ctrl Pts',(1.37885416666659,7.23592788820224,-5.82690624522485));
#5651=CARTESIAN_POINT('Ctrl Pts',(1.37468749999993,7.23592788820224,-5.91507128560329));
#5652=CARTESIAN_POINT('Ctrl Pts',(1.37052083333326,7.23592788820224,-6.00323632598174));
#5653=CARTESIAN_POINT('Ctrl Pts',(1.36635416666659,7.31228105289565,-6.04731884617096));
#5654=CARTESIAN_POINT('Ctrl Pts',(1.36218749999993,7.38863421758906,-6.09140136636018));
#5655=CARTESIAN_POINT('Ctrl Pts',(1.35802083333326,7.46498738228248,-6.04731884617096));
#5656=CARTESIAN_POINT('Ctrl Pts',(1.35385416666659,7.54134054697589,-6.00323632598174));
#5657=CARTESIAN_POINT('Ctrl Pts',(1.34968749999993,7.54134054697589,-5.91507128560329));
#5658=CARTESIAN_POINT('Ctrl Pts',(1.34552083333326,7.54134054697589,-5.82690624522485));
#5659=CARTESIAN_POINT('Ctrl Pts',(1.34135416666659,7.46498738228248,-5.78282372503563));
#5660=CARTESIAN_POINT('Ctrl Pts',(1.33718749999993,7.38863421758906,-5.73874120484641));
#5661=CARTESIAN_POINT('Ctrl Pts',(1.33302083333326,7.31228105289565,-5.78282372503563));
#5662=CARTESIAN_POINT('Ctrl Pts',(1.32885416666659,7.23592788820224,-5.82690624522485));
#5663=CARTESIAN_POINT('Ctrl Pts',(1.32468749999993,7.23592788820224,-5.91507128560329));
#5664=CARTESIAN_POINT('Ctrl Pts',(1.32052083333326,7.23592788820224,-6.00323632598174));
#5665=CARTESIAN_POINT('Ctrl Pts',(1.31635416666659,7.31228105289565,-6.04731884617096));
#5666=CARTESIAN_POINT('Ctrl Pts',(1.31218749999993,7.38863421758906,-6.09140136636018));
#5667=CARTESIAN_POINT('Ctrl Pts',(1.30802083333326,7.46498738228248,-6.04731884617096));
#5668=CARTESIAN_POINT('Ctrl Pts',(1.30385416666659,7.54134054697589,-6.00323632598174));
#5669=CARTESIAN_POINT('Ctrl Pts',(1.29968749999993,7.54134054697589,-5.91507128560329));
#5670=CARTESIAN_POINT('Ctrl Pts',(1.29552083333326,7.54134054697589,-5.82690624522485));
#5671=CARTESIAN_POINT('Ctrl Pts',(1.29135416666659,7.46498738228248,-5.78282372503563));
#5672=CARTESIAN_POINT('Ctrl Pts',(1.28718749999993,7.38863421758906,-5.73874120484641));
#5673=CARTESIAN_POINT('Ctrl Pts',(1.28302083333326,7.31228105289565,-5.78282372503563));
#5674=CARTESIAN_POINT('Ctrl Pts',(1.27885416666659,7.23592788820224,-5.82690624522485));
#5675=CARTESIAN_POINT('Ctrl Pts',(1.27468749999992,7.23592788820224,-5.91507128560329));
#5676=CARTESIAN_POINT('Ctrl Pts',(1.27052083333326,7.23592788820224,-6.00323632598174));
#5677=CARTESIAN_POINT('Ctrl Pts',(1.26635416666659,7.31228105289565,-6.04731884617096));
#5678=CARTESIAN_POINT('Ctrl Pts',(1.26218749999993,7.38863421758906,-6.09140136636018));
#5679=CARTESIAN_POINT('Ctrl Pts',(1.25802083333326,7.46498738228248,-6.04731884617096));
#5680=CARTESIAN_POINT('Ctrl Pts',(1.25385416666659,7.54134054697589,-6.00323632598174));
#5681=CARTESIAN_POINT('Ctrl Pts',(1.24968749999993,7.54134054697589,-5.91507128560329));
#5682=CARTESIAN_POINT('Ctrl Pts',(1.24552083333326,7.54134054697589,-5.82690624522485));
#5683=CARTESIAN_POINT('Ctrl Pts',(1.24135416666659,7.46498738228248,-5.78282372503563));
#5684=CARTESIAN_POINT('Ctrl Pts',(1.23718749999993,7.38863421758906,-5.73874120484641));
#5685=CARTESIAN_POINT('Ctrl Pts',(1.23302083333326,7.31228105289565,-5.78282372503563));
#5686=CARTESIAN_POINT('Ctrl Pts',(1.22885416666659,7.23592788820224,-5.82690624522485));
#5687=CARTESIAN_POINT('Ctrl Pts',(1.22468749999993,7.23592788820224,-5.91507128560329));
#5688=CARTESIAN_POINT('Ctrl Pts',(1.22052083333326,7.23592788820224,-6.00323632598174));
#5689=CARTESIAN_POINT('Ctrl Pts',(1.21635416666659,7.31228105289565,-6.04731884617096));
#5690=CARTESIAN_POINT('Ctrl Pts',(1.21218749999993,7.38863421758906,-6.09140136636018));
#5691=CARTESIAN_POINT('Ctrl Pts',(1.20802083333326,7.46498738228248,-6.04731884617096));
#5692=CARTESIAN_POINT('Ctrl Pts',(1.20385416666659,7.54134054697589,-6.00323632598174));
#5693=CARTESIAN_POINT('Ctrl Pts',(1.19968749999993,7.54134054697589,-5.91507128560329));
#5694=CARTESIAN_POINT('Ctrl Pts',(1.19552083333326,7.54134054697589,-5.82690624522485));
#5695=CARTESIAN_POINT('Ctrl Pts',(1.19135416666659,7.46498738228248,-5.78282372503563));
#5696=CARTESIAN_POINT('Ctrl Pts',(1.18718749999993,7.38863421758906,-5.73874120484641));
#5697=CARTESIAN_POINT('Ctrl Pts',(1.18302083333326,7.31228105289565,-5.78282372503563));
#5698=CARTESIAN_POINT('Ctrl Pts',(1.17885416666659,7.23592788820224,-5.82690624522485));
#5699=CARTESIAN_POINT('Ctrl Pts',(1.17468749999993,7.23592788820224,-5.91507128560329));
#5700=CARTESIAN_POINT('Ctrl Pts',(1.17052083333326,7.23592788820224,-6.00323632598174));
#5701=CARTESIAN_POINT('Ctrl Pts',(1.16635416666659,7.31228105289565,-6.04731884617096));
#5702=CARTESIAN_POINT('Ctrl Pts',(1.16218749999993,7.38863421758906,-6.09140136636018));
#5703=CARTESIAN_POINT('Ctrl Pts',(1.15802083333326,7.46498738228248,-6.04731884617096));
#5704=CARTESIAN_POINT('Ctrl Pts',(1.15385416666659,7.54134054697589,-6.00323632598174));
#5705=CARTESIAN_POINT('Ctrl Pts',(1.14968749999992,7.54134054697589,-5.91507128560329));
#5706=CARTESIAN_POINT('Ctrl Pts',(1.14552083333326,7.54134054697589,-5.82690624522485));
#5707=CARTESIAN_POINT('Ctrl Pts',(1.14135416666659,7.46498738228248,-5.78282372503563));
#5708=CARTESIAN_POINT('Ctrl Pts',(1.13718749999993,7.38863421758906,-5.73874120484641));
#5709=CARTESIAN_POINT('Ctrl Pts',(1.13302083333326,7.31228105289565,-5.78282372503563));
#5710=CARTESIAN_POINT('Ctrl Pts',(1.12885416666659,7.23592788820224,-5.82690624522485));
#5711=CARTESIAN_POINT('Ctrl Pts',(1.12468749999993,7.23592788820224,-5.91507128560329));
#5712=CARTESIAN_POINT('Ctrl Pts',(1.12052083333326,7.23592788820224,-6.00323632598174));
#5713=CARTESIAN_POINT('Ctrl Pts',(1.11635416666659,7.31228105289565,-6.04731884617096));
#5714=CARTESIAN_POINT('Ctrl Pts',(1.11218749999993,7.38863421758906,-6.09140136636018));
#5715=CARTESIAN_POINT('Ctrl Pts',(1.10802083333326,7.46498738228248,-6.04731884617096));
#5716=CARTESIAN_POINT('Ctrl Pts',(1.10385416666659,7.54134054697589,-6.00323632598174));
#5717=CARTESIAN_POINT('Ctrl Pts',(1.09968749999993,7.54134054697589,-5.91507128560329));
#5718=CARTESIAN_POINT('Ctrl Pts',(1.09552083333326,7.54134054697589,-5.82690624522485));
#5719=CARTESIAN_POINT('Ctrl Pts',(1.09135416666659,7.46498738228248,-5.78282372503563));
#5720=CARTESIAN_POINT('Ctrl Pts',(1.08718749999993,7.38863421758906,-5.73874120484641));
#5721=CARTESIAN_POINT('Ctrl Pts',(1.08302083333326,7.31228105289565,-5.78282372503563));
#5722=CARTESIAN_POINT('Ctrl Pts',(1.07885416666659,7.23592788820224,-5.82690624522485));
#5723=CARTESIAN_POINT('Ctrl Pts',(1.07468749999993,7.23592788820224,-5.91507128560329));
#5724=CARTESIAN_POINT('Ctrl Pts',(1.07052083333326,7.23592788820224,-6.00323632598174));
#5725=CARTESIAN_POINT('Ctrl Pts',(1.06635416666659,7.31228105289565,-6.04731884617096));
#5726=CARTESIAN_POINT('Ctrl Pts',(1.06218749999993,7.38863421758906,-6.09140136636018));
#5727=CARTESIAN_POINT('Ctrl Pts',(1.05802083333326,7.46498738228248,-6.04731884617096));
#5728=CARTESIAN_POINT('Ctrl Pts',(1.05385416666659,7.54134054697589,-6.00323632598174));
#5729=CARTESIAN_POINT('Ctrl Pts',(1.04968749999993,7.54134054697589,-5.91507128560329));
#5730=CARTESIAN_POINT('Ctrl Pts',(1.04552083333326,7.54134054697589,-5.82690624522485));
#5731=CARTESIAN_POINT('Ctrl Pts',(1.04135416666659,7.46498738228248,-5.78282372503563));
#5732=CARTESIAN_POINT('Ctrl Pts',(1.03718749999993,7.38863421758906,-5.73874120484641));
#5733=CARTESIAN_POINT('Ctrl Pts',(1.03302083333326,7.31228105289565,-5.78282372503563));
#5734=CARTESIAN_POINT('Ctrl Pts',(1.02885416666659,7.23592788820224,-5.82690624522485));
#5735=CARTESIAN_POINT('Ctrl Pts',(1.02468749999993,7.23592788820224,-5.91507128560329));
#5736=CARTESIAN_POINT('Ctrl Pts',(1.02052083333326,7.23592788820224,-6.00323632598174));
#5737=CARTESIAN_POINT('Ctrl Pts',(1.01635416666659,7.31228105289565,-6.04731884617096));
#5738=CARTESIAN_POINT('Ctrl Pts',(1.01314108806643,7.37115994558302,-6.0813125907136));
#5739=CARTESIAN_POINT('Ctrl Pts',(1.00961250990975,7.43582029177439,-6.06030453743556));
#5740=CARTESIAN_POINT('Ctrl Pts',(1.46999999999992,7.50615826494715,-5.91507128560329));
#5741=CARTESIAN_POINT('Ctrl Pts',(1.46583333333326,7.50615826494715,-5.84721874522485));
#5742=CARTESIAN_POINT('Ctrl Pts',(1.46166666666659,7.44739624126811,-5.81329247503563));
#5743=CARTESIAN_POINT('Ctrl Pts',(1.45749999999993,7.38863421758906,-5.77936620484641));
#5744=CARTESIAN_POINT('Ctrl Pts',(1.45333333333326,7.32987219391002,-5.81329247503563));
#5745=CARTESIAN_POINT('Ctrl Pts',(1.44916666666659,7.27111017023098,-5.84721874522485));
#5746=CARTESIAN_POINT('Ctrl Pts',(1.44499999999993,7.27111017023098,-5.91507128560329));
#5747=CARTESIAN_POINT('Ctrl Pts',(1.44083333333326,7.27111017023098,-5.98292382598174));
#5748=CARTESIAN_POINT('Ctrl Pts',(1.43666666666659,7.32987219391002,-6.01685009617096));
#5749=CARTESIAN_POINT('Ctrl Pts',(1.43249999999993,7.38863421758906,-6.05077636636018));
#5750=CARTESIAN_POINT('Ctrl Pts',(1.42833333333326,7.44739624126811,-6.01685009617096));
#5751=CARTESIAN_POINT('Ctrl Pts',(1.42416666666659,7.50615826494715,-5.98292382598174));
#5752=CARTESIAN_POINT('Ctrl Pts',(1.41999999999993,7.50615826494715,-5.91507128560329));
#5753=CARTESIAN_POINT('Ctrl Pts',(1.41583333333326,7.50615826494715,-5.84721874522485));
#5754=CARTESIAN_POINT('Ctrl Pts',(1.41166666666659,7.44739624126811,-5.81329247503563));
#5755=CARTESIAN_POINT('Ctrl Pts',(1.40749999999992,7.38863421758906,-5.77936620484641));
#5756=CARTESIAN_POINT('Ctrl Pts',(1.40333333333326,7.32987219391002,-5.81329247503563));
#5757=CARTESIAN_POINT('Ctrl Pts',(1.39916666666659,7.27111017023098,-5.84721874522485));
#5758=CARTESIAN_POINT('Ctrl Pts',(1.39499999999993,7.27111017023098,-5.91507128560329));
#5759=CARTESIAN_POINT('Ctrl Pts',(1.39083333333326,7.27111017023098,-5.98292382598174));
#5760=CARTESIAN_POINT('Ctrl Pts',(1.38666666666659,7.32987219391002,-6.01685009617096));
#5761=CARTESIAN_POINT('Ctrl Pts',(1.38249999999993,7.38863421758906,-6.05077636636018));
#5762=CARTESIAN_POINT('Ctrl Pts',(1.37833333333326,7.44739624126811,-6.01685009617096));
#5763=CARTESIAN_POINT('Ctrl Pts',(1.37416666666659,7.50615826494715,-5.98292382598174));
#5764=CARTESIAN_POINT('Ctrl Pts',(1.36999999999993,7.50615826494715,-5.91507128560329));
#5765=CARTESIAN_POINT('Ctrl Pts',(1.36583333333326,7.50615826494715,-5.84721874522485));
#5766=CARTESIAN_POINT('Ctrl Pts',(1.36166666666659,7.44739624126811,-5.81329247503563));
#5767=CARTESIAN_POINT('Ctrl Pts',(1.35749999999993,7.38863421758906,-5.77936620484641));
#5768=CARTESIAN_POINT('Ctrl Pts',(1.35333333333326,7.32987219391002,-5.81329247503563));
#5769=CARTESIAN_POINT('Ctrl Pts',(1.34916666666659,7.27111017023098,-5.84721874522485));
#5770=CARTESIAN_POINT('Ctrl Pts',(1.34499999999992,7.27111017023098,-5.91507128560329));
#5771=CARTESIAN_POINT('Ctrl Pts',(1.34083333333326,7.27111017023098,-5.98292382598174));
#5772=CARTESIAN_POINT('Ctrl Pts',(1.33666666666659,7.32987219391002,-6.01685009617096));
#5773=CARTESIAN_POINT('Ctrl Pts',(1.33249999999993,7.38863421758906,-6.05077636636018));
#5774=CARTESIAN_POINT('Ctrl Pts',(1.32833333333326,7.44739624126811,-6.01685009617096));
#5775=CARTESIAN_POINT('Ctrl Pts',(1.32416666666659,7.50615826494715,-5.98292382598174));
#5776=CARTESIAN_POINT('Ctrl Pts',(1.31999999999993,7.50615826494715,-5.91507128560329));
#5777=CARTESIAN_POINT('Ctrl Pts',(1.31583333333326,7.50615826494715,-5.84721874522485));
#5778=CARTESIAN_POINT('Ctrl Pts',(1.31166666666659,7.44739624126811,-5.81329247503563));
#5779=CARTESIAN_POINT('Ctrl Pts',(1.30749999999993,7.38863421758906,-5.77936620484641));
#5780=CARTESIAN_POINT('Ctrl Pts',(1.30333333333326,7.32987219391002,-5.81329247503563));
#5781=CARTESIAN_POINT('Ctrl Pts',(1.29916666666659,7.27111017023098,-5.84721874522485));
#5782=CARTESIAN_POINT('Ctrl Pts',(1.29499999999993,7.27111017023098,-5.91507128560329));
#5783=CARTESIAN_POINT('Ctrl Pts',(1.29083333333326,7.27111017023098,-5.98292382598174));
#5784=CARTESIAN_POINT('Ctrl Pts',(1.28666666666659,7.32987219391002,-6.01685009617096));
#5785=CARTESIAN_POINT('Ctrl Pts',(1.28249999999992,7.38863421758906,-6.05077636636018));
#5786=CARTESIAN_POINT('Ctrl Pts',(1.27833333333326,7.44739624126811,-6.01685009617096));
#5787=CARTESIAN_POINT('Ctrl Pts',(1.27416666666659,7.50615826494715,-5.98292382598174));
#5788=CARTESIAN_POINT('Ctrl Pts',(1.26999999999993,7.50615826494715,-5.91507128560329));
#5789=CARTESIAN_POINT('Ctrl Pts',(1.26583333333326,7.50615826494715,-5.84721874522485));
#5790=CARTESIAN_POINT('Ctrl Pts',(1.26166666666659,7.44739624126811,-5.81329247503563));
#5791=CARTESIAN_POINT('Ctrl Pts',(1.25749999999993,7.38863421758906,-5.77936620484641));
#5792=CARTESIAN_POINT('Ctrl Pts',(1.25333333333326,7.32987219391002,-5.81329247503563));
#5793=CARTESIAN_POINT('Ctrl Pts',(1.24916666666659,7.27111017023098,-5.84721874522485));
#5794=CARTESIAN_POINT('Ctrl Pts',(1.24499999999993,7.27111017023098,-5.91507128560329));
#5795=CARTESIAN_POINT('Ctrl Pts',(1.24083333333326,7.27111017023098,-5.98292382598174));
#5796=CARTESIAN_POINT('Ctrl Pts',(1.23666666666659,7.32987219391002,-6.01685009617096));
#5797=CARTESIAN_POINT('Ctrl Pts',(1.23249999999993,7.38863421758906,-6.05077636636018));
#5798=CARTESIAN_POINT('Ctrl Pts',(1.22833333333326,7.44739624126811,-6.01685009617096));
#5799=CARTESIAN_POINT('Ctrl Pts',(1.22416666666659,7.50615826494715,-5.98292382598174));
#5800=CARTESIAN_POINT('Ctrl Pts',(1.21999999999992,7.50615826494715,-5.91507128560329));
#5801=CARTESIAN_POINT('Ctrl Pts',(1.21583333333326,7.50615826494715,-5.84721874522485));
#5802=CARTESIAN_POINT('Ctrl Pts',(1.21166666666659,7.44739624126811,-5.81329247503563));
#5803=CARTESIAN_POINT('Ctrl Pts',(1.20749999999993,7.38863421758906,-5.77936620484641));
#5804=CARTESIAN_POINT('Ctrl Pts',(1.20333333333326,7.32987219391002,-5.81329247503563));
#5805=CARTESIAN_POINT('Ctrl Pts',(1.19916666666659,7.27111017023098,-5.84721874522485));
#5806=CARTESIAN_POINT('Ctrl Pts',(1.19499999999993,7.27111017023098,-5.91507128560329));
#5807=CARTESIAN_POINT('Ctrl Pts',(1.19083333333326,7.27111017023098,-5.98292382598174));
#5808=CARTESIAN_POINT('Ctrl Pts',(1.18666666666659,7.32987219391002,-6.01685009617096));
#5809=CARTESIAN_POINT('Ctrl Pts',(1.18249999999993,7.38863421758906,-6.05077636636018));
#5810=CARTESIAN_POINT('Ctrl Pts',(1.17833333333326,7.44739624126811,-6.01685009617096));
#5811=CARTESIAN_POINT('Ctrl Pts',(1.17416666666659,7.50615826494715,-5.98292382598174));
#5812=CARTESIAN_POINT('Ctrl Pts',(1.16999999999993,7.50615826494715,-5.91507128560329));
#5813=CARTESIAN_POINT('Ctrl Pts',(1.16583333333326,7.50615826494715,-5.84721874522485));
#5814=CARTESIAN_POINT('Ctrl Pts',(1.16166666666659,7.44739624126811,-5.81329247503563));
#5815=CARTESIAN_POINT('Ctrl Pts',(1.15749999999992,7.38863421758906,-5.77936620484641));
#5816=CARTESIAN_POINT('Ctrl Pts',(1.15333333333326,7.32987219391002,-5.81329247503563));
#5817=CARTESIAN_POINT('Ctrl Pts',(1.14916666666659,7.27111017023098,-5.84721874522485));
#5818=CARTESIAN_POINT('Ctrl Pts',(1.14499999999993,7.27111017023098,-5.91507128560329));
#5819=CARTESIAN_POINT('Ctrl Pts',(1.14083333333326,7.27111017023098,-5.98292382598174));
#5820=CARTESIAN_POINT('Ctrl Pts',(1.13666666666659,7.32987219391002,-6.01685009617096));
#5821=CARTESIAN_POINT('Ctrl Pts',(1.13249999999993,7.38863421758906,-6.05077636636018));
#5822=CARTESIAN_POINT('Ctrl Pts',(1.12833333333326,7.44739624126811,-6.01685009617096));
#5823=CARTESIAN_POINT('Ctrl Pts',(1.12416666666659,7.50615826494715,-5.98292382598174));
#5824=CARTESIAN_POINT('Ctrl Pts',(1.11999999999993,7.50615826494715,-5.91507128560329));
#5825=CARTESIAN_POINT('Ctrl Pts',(1.11583333333326,7.50615826494715,-5.84721874522485));
#5826=CARTESIAN_POINT('Ctrl Pts',(1.11166666666659,7.44739624126811,-5.81329247503563));
#5827=CARTESIAN_POINT('Ctrl Pts',(1.10749999999993,7.38863421758906,-5.77936620484641));
#5828=CARTESIAN_POINT('Ctrl Pts',(1.10333333333326,7.32987219391002,-5.81329247503563));
#5829=CARTESIAN_POINT('Ctrl Pts',(1.09916666666659,7.27111017023098,-5.84721874522485));
#5830=CARTESIAN_POINT('Ctrl Pts',(1.09499999999992,7.27111017023098,-5.91507128560329));
#5831=CARTESIAN_POINT('Ctrl Pts',(1.09083333333326,7.27111017023098,-5.98292382598174));
#5832=CARTESIAN_POINT('Ctrl Pts',(1.08666666666659,7.32987219391002,-6.01685009617096));
#5833=CARTESIAN_POINT('Ctrl Pts',(1.08249999999993,7.38863421758906,-6.05077636636018));
#5834=CARTESIAN_POINT('Ctrl Pts',(1.07833333333326,7.44739624126811,-6.01685009617096));
#5835=CARTESIAN_POINT('Ctrl Pts',(1.07416666666659,7.50615826494715,-5.98292382598174));
#5836=CARTESIAN_POINT('Ctrl Pts',(1.06999999999993,7.50615826494715,-5.91507128560329));
#5837=CARTESIAN_POINT('Ctrl Pts',(1.06583333333326,7.50615826494715,-5.84721874522485));
#5838=CARTESIAN_POINT('Ctrl Pts',(1.06166666666659,7.44739624126811,-5.81329247503563));
#5839=CARTESIAN_POINT('Ctrl Pts',(1.05749999999993,7.38863421758906,-5.77936620484641));
#5840=CARTESIAN_POINT('Ctrl Pts',(1.05333333333326,7.32987219391002,-5.81329247503563));
#5841=CARTESIAN_POINT('Ctrl Pts',(1.04916666666659,7.27111017023098,-5.84721874522485));
#5842=CARTESIAN_POINT('Ctrl Pts',(1.04499999999993,7.27111017023098,-5.91507128560329));
#5843=CARTESIAN_POINT('Ctrl Pts',(1.04083333333326,7.27111017023098,-5.98292382598174));
#5844=CARTESIAN_POINT('Ctrl Pts',(1.03666666666659,7.32987219391002,-6.01685009617096));
#5845=CARTESIAN_POINT('Ctrl Pts',(1.03345358806644,7.37518587409844,-6.04301196162571));
#5846=CARTESIAN_POINT('Ctrl Pts',(1.02992500990975,7.42494900846555,-6.02684399099697));
#5847=CARTESIAN_POINT('Origin',(0.499999858438969,4.5,-6.59690058896646));
#5848=CARTESIAN_POINT('',(0.499999858438969,4.5,-1.19690058896646));
#5849=CARTESIAN_POINT('',(0.499999858438969,4.5,-6.59690058896646));
#5850=CARTESIAN_POINT('',(0.499999858438969,4.5,-1.19690058896646));
#5851=CARTESIAN_POINT('',(0.499999858438969,13.,-6.59690058896646));
#5852=CARTESIAN_POINT('',(0.499999858438969,4.5,-6.59690058896646));
#5853=CARTESIAN_POINT('',(0.499999858438969,13.,-1.19690058896646));
#5854=CARTESIAN_POINT('',(0.499999858438969,13.,-1.19690058896646));
#5855=CARTESIAN_POINT('',(0.499999858438969,4.5,-1.19690058896646));
#5856=CARTESIAN_POINT('Origin',(0.575999858438969,4.5,-6.59690058896646));
#5857=CARTESIAN_POINT('',(0.575999858438969,4.5,-6.59690058896646));
#5858=CARTESIAN_POINT('',(0.499999858438969,4.5,-6.59690058896646));
#5859=CARTESIAN_POINT('',(0.575999858438969,13.,-6.59690058896646));
#5860=CARTESIAN_POINT('',(0.575999858438969,4.5,-6.59690058896646));
#5861=CARTESIAN_POINT('',(0.499999858438969,13.,-6.59690058896646));
#5862=CARTESIAN_POINT('Origin',(0.575999858438969,4.5,-1.19690058896646));
#5863=CARTESIAN_POINT('',(0.575999858438969,4.5,-1.19690058896646));
#5864=CARTESIAN_POINT('',(0.575999858438969,4.5,-6.59690058896646));
#5865=CARTESIAN_POINT('',(0.575999858438969,13.,-1.19690058896646));
#5866=CARTESIAN_POINT('',(0.575999858438969,4.5,-1.19690058896646));
#5867=CARTESIAN_POINT('',(0.575999858438969,13.,-6.59690058896646));
#5868=CARTESIAN_POINT('Origin',(0.499999858438969,4.5,-1.19690058896646));
#5869=CARTESIAN_POINT('',(0.575999858438969,4.5,-1.19690058896646));
#5870=CARTESIAN_POINT('',(0.575999858438969,13.,-1.19690058896646));
#5871=CARTESIAN_POINT('Origin',(0.537999858438969,4.5,-3.89690058896646));
#5872=CARTESIAN_POINT('Origin',(0.0999998584389683,4.5,-6.59690058896646));
#5873=CARTESIAN_POINT('',(0.0999998584389683,4.1,-0.796900588966462));
#5874=CARTESIAN_POINT('',(0.0999998584389683,4.1,-6.99690058896646));
#5875=CARTESIAN_POINT('',(0.0999998584389665,4.1,-5.24690058896646));
#5876=CARTESIAN_POINT('',(0.0999998584389683,13.,-0.796900588966462));
#5877=CARTESIAN_POINT('',(0.0999998584389701,4.5,-0.796900588966462));
#5878=CARTESIAN_POINT('',(0.0999998584389683,13.,-6.99690058896646));
#5879=CARTESIAN_POINT('',(0.0999998584389665,13.,-5.24690058896646));
#5880=CARTESIAN_POINT('',(0.0999998584389701,4.5,-6.99690058896646));
#5881=CARTESIAN_POINT('Origin',(0.575999858438969,4.5,-6.99690058896646));
#5882=CARTESIAN_POINT('',(0.975999858438971,4.1,-6.99690058896646));
#5883=CARTESIAN_POINT('',(0.556999858438969,4.1,-6.99690058896646));
#5884=CARTESIAN_POINT('',(0.975999858438971,13.,-6.99690058896646));
#5885=CARTESIAN_POINT('',(0.556999858438969,13.,-6.99690058896646));
#5886=CARTESIAN_POINT('',(0.97599985843897,4.5,-6.99690058896646));
#5887=CARTESIAN_POINT('Origin',(0.97599985843897,4.5,-1.19690058896646));
#5888=CARTESIAN_POINT('',(0.975999858438971,4.1,-0.796900588966462));
#5889=CARTESIAN_POINT('',(0.975999858438971,4.1,-2.54690058896646));
#5890=CARTESIAN_POINT('',(0.975999858438971,13.,-0.796900588966462));
#5891=CARTESIAN_POINT('',(0.975999858438971,13.,-2.54690058896646));
#5892=CARTESIAN_POINT('',(0.975999858438968,4.5,-0.796900588966462));
#5893=CARTESIAN_POINT('Origin',(0.499999858438969,4.5,-0.796900588966462));
#5894=CARTESIAN_POINT('',(0.518999858438969,4.1,-0.796900588966462));
#5895=CARTESIAN_POINT('',(0.518999858438969,13.,-0.796900588966462));
#5896=CARTESIAN_POINT('Origin',(0.537999858438969,13.,-3.89690058896646));
#5897=CARTESIAN_POINT('Origin',(0.537999858438969,4.1,-3.89690058896646));
#5898=CARTESIAN_POINT('Origin',(0.576000000000001,-17.,-1.1));
#5899=CARTESIAN_POINT('',(0.576000000000001,12.9,-1.1));
#5900=CARTESIAN_POINT('',(0.576000000000001,12.9,-6.5));
#5901=CARTESIAN_POINT('',(0.576000000000001,12.9,-2.54999997764826));
#5902=CARTESIAN_POINT('',(0.576000000000001,13.,-1.1));
#5903=CARTESIAN_POINT('',(0.576000000000001,-17.,-1.1));
#5904=CARTESIAN_POINT('',(0.576000000000001,13.,-6.5));
#5905=CARTESIAN_POINT('',(0.576000000000001,13.,-2.54999997764826));
#5906=CARTESIAN_POINT('',(0.576000000000001,-17.,-6.5));
#5907=CARTESIAN_POINT('Origin',(0.576000000000001,-17.,-6.5));
#5908=CARTESIAN_POINT('',(0.5,12.9,-6.5));
#5909=CARTESIAN_POINT('',(0.537999929219485,12.9,-6.5));
#5910=CARTESIAN_POINT('',(0.5,13.,-6.5));
#5911=CARTESIAN_POINT('',(0.537999929219485,13.,-6.5));
#5912=CARTESIAN_POINT('',(0.5,-17.,-6.5));
#5913=CARTESIAN_POINT('Origin',(0.5,-17.,-6.5));
#5914=CARTESIAN_POINT('',(0.5,12.9,-1.1));
#5915=CARTESIAN_POINT('',(0.5,12.9,-5.24999997764826));
#5916=CARTESIAN_POINT('',(0.5,13.,-1.1));
#5917=CARTESIAN_POINT('',(0.5,13.,-5.24999997764826));
#5918=CARTESIAN_POINT('',(0.5,-17.,-1.1));
#5919=CARTESIAN_POINT('Origin',(0.5,-17.,-1.1));
#5920=CARTESIAN_POINT('',(0.499999929219484,12.9,-1.1));
#5921=CARTESIAN_POINT('',(0.499999929219484,13.,-1.1));
#5922=CARTESIAN_POINT('Origin',(0.499999858438969,3.,-3.99999995529652));
#5923=CARTESIAN_POINT('',(-3.15000014156103,3.,-3.99999995529652));
#5924=CARTESIAN_POINT('Origin',(0.499999858438969,3.,-3.99999995529652));
#5925=CARTESIAN_POINT('',(-3.15000014156103,12.9,-3.99999995529652));
#5926=CARTESIAN_POINT('',(-3.15000014156103,3.,-3.99999995529652));
#5927=CARTESIAN_POINT('Origin',(0.499999858438969,12.9,-3.99999995529652));
#5928=CARTESIAN_POINT('Origin',(0.499999858438969,12.9,-3.99999995529652));
#5929=CARTESIAN_POINT('Origin',(0.499999858438969,3.,-3.99999995529652));
#5930=CARTESIAN_POINT('',(-3.25000014156103,13.,-3.99999995529652));
#5931=CARTESIAN_POINT('Origin',(0.499999858438969,13.,-3.99999995529652));
#5932=CARTESIAN_POINT('',(-3.25000014156103,3.,-3.99999995529652));
#5933=CARTESIAN_POINT('',(-3.25000014156103,3.,-3.99999995529652));
#5934=CARTESIAN_POINT('Origin',(0.499999858438969,3.,-3.99999995529652));
#5935=CARTESIAN_POINT('Origin',(0.499999858438969,13.,-3.99999995529652));
#5936=CARTESIAN_POINT('Origin',(0.499999858438969,3.,-3.99999995529652));
#5937=CARTESIAN_POINT('Origin',(0.515786170959473,11.75,2.50551748275757));
#5938=CARTESIAN_POINT('',(0.515786170959473,12.5,2.25551748275757));
#5939=CARTESIAN_POINT('Origin',(0.515786170959473,12.5,2.50551748275757));
#5940=CARTESIAN_POINT('',(0.515786170959473,12.,2.25551748275757));
#5941=CARTESIAN_POINT('',(0.515786170959473,11.75,2.25551748275757));
#5942=CARTESIAN_POINT('Origin',(0.515786170959473,12.,2.50551748275757));
#5943=CARTESIAN_POINT('Origin',(0.500000007450581,11.75,1.50000000745058));
#5944=CARTESIAN_POINT('',(0.500000007450581,12.5,1.25000000745058));
#5945=CARTESIAN_POINT('Origin',(0.500000007450581,12.5,1.50000000745058));
#5946=CARTESIAN_POINT('',(0.500000007450581,12.,1.25000000745058));
#5947=CARTESIAN_POINT('',(0.500000007450581,11.75,1.25000000745058));
#5948=CARTESIAN_POINT('Origin',(0.500000007450581,12.,1.50000000745058));
#5949=CARTESIAN_POINT('Origin',(-0.499999992549419,12.,-0.499999992549419));
#5950=CARTESIAN_POINT('',(-0.499999992549419,12.,3.50000000745058));
#5951=CARTESIAN_POINT('',(-0.499999992549419,12.,-0.499999992549419));
#5952=CARTESIAN_POINT('',(-0.499999992549419,12.,3.50000000745058));
#5953=CARTESIAN_POINT('',(-0.499999992549419,12.5,3.50000000745058));
#5954=CARTESIAN_POINT('',(-0.499999992549419,12.,3.50000000745058));
#5955=CARTESIAN_POINT('',(-0.499999992549419,12.5,-0.499999992549419));
#5956=CARTESIAN_POINT('',(-0.499999992549419,12.5,3.50000000745058));
#5957=CARTESIAN_POINT('',(-0.499999992549419,12.,-0.499999992549419));
#5958=CARTESIAN_POINT('Origin',(1.50000000745058,12.,-0.499999992549419));
#5959=CARTESIAN_POINT('',(1.50000000745058,12.,-0.499999992549419));
#5960=CARTESIAN_POINT('',(-0.499999992549419,12.,-0.499999992549419));
#5961=CARTESIAN_POINT('',(1.50000000745058,12.5,-0.499999992549419));
#5962=CARTESIAN_POINT('',(-0.499999992549419,12.5,-0.499999992549419));
#5963=CARTESIAN_POINT('',(1.50000000745058,12.,-0.499999992549419));
#5964=CARTESIAN_POINT('Origin',(1.50000000745058,12.,3.50000000745058));
#5965=CARTESIAN_POINT('',(1.50000000745058,12.,3.50000000745058));
#5966=CARTESIAN_POINT('',(1.50000000745058,12.,-0.499999992549419));
#5967=CARTESIAN_POINT('',(1.50000000745058,12.5,3.50000000745058));
#5968=CARTESIAN_POINT('',(1.50000000745058,12.5,-0.499999992549419));
#5969=CARTESIAN_POINT('',(1.50000000745058,12.,3.50000000745058));
#5970=CARTESIAN_POINT('Origin',(-0.499999992549419,12.,3.50000000745058));
#5971=CARTESIAN_POINT('',(1.50000000745058,12.,3.50000000745058));
#5972=CARTESIAN_POINT('',(1.50000000745058,12.5,3.50000000745058));
#5973=CARTESIAN_POINT('Origin',(0.500000007450581,12.5,1.50000000745058));
#5974=CARTESIAN_POINT('Origin',(0.500000007450581,12.,1.50000000745058));
#5975=CARTESIAN_POINT('Origin',(0.484213843941689,11.75,-10.5055174678564));
#5976=CARTESIAN_POINT('',(0.484213843941689,12.5,-10.2555174678564));
#5977=CARTESIAN_POINT('Origin',(0.484213843941689,12.5,-10.5055174678564));
#5978=CARTESIAN_POINT('',(0.484213843941688,12.,-10.2555174678564));
#5979=CARTESIAN_POINT('',(0.484213843941689,11.75,-10.2555174678564));
#5980=CARTESIAN_POINT('Origin',(0.484213843941689,12.,-10.5055174678564));
#5981=CARTESIAN_POINT('Origin',(0.50000000745058,11.75,-9.49999999254942));
#5982=CARTESIAN_POINT('',(0.50000000745058,12.5,-9.24999999254942));
#5983=CARTESIAN_POINT('Origin',(0.50000000745058,12.5,-9.49999999254942));
#5984=CARTESIAN_POINT('',(0.50000000745058,12.,-9.24999999254942));
#5985=CARTESIAN_POINT('',(0.50000000745058,11.75,-9.24999999254942));
#5986=CARTESIAN_POINT('Origin',(0.50000000745058,12.,-9.49999999254942));
#5987=CARTESIAN_POINT('Origin',(1.50000000745058,12.,-7.49999999254942));
#5988=CARTESIAN_POINT('',(1.50000000745058,12.,-11.4999999925494));
#5989=CARTESIAN_POINT('',(1.50000000745058,12.,-7.49999999254942));
#5990=CARTESIAN_POINT('',(1.50000000745058,12.,-11.4999999925494));
#5991=CARTESIAN_POINT('',(1.50000000745058,12.5,-11.4999999925494));
#5992=CARTESIAN_POINT('',(1.50000000745058,12.,-11.4999999925494));
#5993=CARTESIAN_POINT('',(1.50000000745058,12.5,-7.49999999254942));
#5994=CARTESIAN_POINT('',(1.50000000745058,12.5,-11.4999999925494));
#5995=CARTESIAN_POINT('',(1.50000000745058,12.,-7.49999999254942));
#5996=CARTESIAN_POINT('Origin',(-0.49999999254942,12.,-7.49999999254942));
#5997=CARTESIAN_POINT('',(-0.49999999254942,12.,-7.49999999254942));
#5998=CARTESIAN_POINT('',(1.50000000745058,12.,-7.49999999254942));
#5999=CARTESIAN_POINT('',(-0.49999999254942,12.5,-7.49999999254942));
#6000=CARTESIAN_POINT('',(1.50000000745058,12.5,-7.49999999254942));
#6001=CARTESIAN_POINT('',(-0.49999999254942,12.,-7.49999999254942));
#6002=CARTESIAN_POINT('Origin',(-0.499999992549419,12.,-11.4999999925494));
#6003=CARTESIAN_POINT('',(-0.499999992549419,12.,-11.4999999925494));
#6004=CARTESIAN_POINT('',(-0.49999999254942,12.,-7.49999999254942));
#6005=CARTESIAN_POINT('',(-0.499999992549419,12.5,-11.4999999925494));
#6006=CARTESIAN_POINT('',(-0.49999999254942,12.5,-7.49999999254942));
#6007=CARTESIAN_POINT('',(-0.499999992549419,12.,-11.4999999925494));
#6008=CARTESIAN_POINT('Origin',(1.50000000745058,12.,-11.4999999925494));
#6009=CARTESIAN_POINT('',(-0.499999992549419,12.,-11.4999999925494));
#6010=CARTESIAN_POINT('',(-0.499999992549419,12.5,-11.4999999925494));
#6011=CARTESIAN_POINT('Origin',(0.50000000745058,12.5,-9.49999999254942));
#6012=CARTESIAN_POINT('Origin',(0.50000000745058,12.,-9.49999999254942));
#6013=CARTESIAN_POINT('',(0.,1.9,0.));
#6014=CARTESIAN_POINT('',(0.,-2.3,4.35));
#6015=UNCERTAINTY_MEASURE_WITH_UNIT(LENGTH_MEASURE(0.001),#6021,
'DISTANCE_ACCURACY_VALUE',
'Maximum model space distance between geometric entities at asserted c
onnectivities');
#6016=UNCERTAINTY_MEASURE_WITH_UNIT(LENGTH_MEASURE(0.001),#6021,
'DISTANCE_ACCURACY_VALUE',
'Maximum model space distance between geometric entities at asserted c
onnectivities');
#6017=UNCERTAINTY_MEASURE_WITH_UNIT(LENGTH_MEASURE(0.001),#6021,
'DISTANCE_ACCURACY_VALUE',
'Maximum model space distance between geometric entities at asserted c
onnectivities');
#6018=(
GEOMETRIC_REPRESENTATION_CONTEXT(3)
GLOBAL_UNCERTAINTY_ASSIGNED_CONTEXT((#6015))
GLOBAL_UNIT_ASSIGNED_CONTEXT((#6021,#6023,#6024))
REPRESENTATION_CONTEXT('','3D')
);
#6019=(
GEOMETRIC_REPRESENTATION_CONTEXT(3)
GLOBAL_UNCERTAINTY_ASSIGNED_CONTEXT((#6016))
GLOBAL_UNIT_ASSIGNED_CONTEXT((#6021,#6023,#6024))
REPRESENTATION_CONTEXT('','3D')
);
#6020=(
GEOMETRIC_REPRESENTATION_CONTEXT(3)
GLOBAL_UNCERTAINTY_ASSIGNED_CONTEXT((#6017))
GLOBAL_UNIT_ASSIGNED_CONTEXT((#6021,#6023,#6024))
REPRESENTATION_CONTEXT('','3D')
);
#6021=(
LENGTH_UNIT()
NAMED_UNIT(*)
SI_UNIT(.CENTI.,.METRE.)
);
#6022=(
LENGTH_UNIT()
NAMED_UNIT(*)
SI_UNIT($,.METRE.)
);
#6023=(
NAMED_UNIT(*)
PLANE_ANGLE_UNIT()
SI_UNIT($,.RADIAN.)
);
#6024=(
NAMED_UNIT(*)
SI_UNIT($,.STERADIAN.)
SOLID_ANGLE_UNIT()
);
#6025=SHAPE_DEFINITION_REPRESENTATION(#6027,#6031);
#6026=SHAPE_DEFINITION_REPRESENTATION(#6028,#6032);
#6027=PRODUCT_DEFINITION_SHAPE('',$,#6034);
#6028=PRODUCT_DEFINITION_SHAPE('',$,#6035);
#6029=PRODUCT_DEFINITION_SHAPE($,$,#17);
#6030=PRODUCT_DEFINITION_SHAPE($,$,#18);
#6031=SHAPE_REPRESENTATION('',(#2909,#3148,#3149),#6018);
#6032=SHAPE_REPRESENTATION('',(#2910),#6019);
#6033=PRODUCT_DEFINITION_CONTEXT('part definition',#6041,'design');
#6034=PRODUCT_DEFINITION('2025-11-30-17-45-40-979','(Kaydedilmedi)',#6036,
#6033);
#6035=PRODUCT_DEFINITION('93580A576_Press-Fit Studs',
'93580A576_Press-Fit Studs',#6037,#6033);
#6036=PRODUCT_DEFINITION_FORMATION('',$,#6043);
#6037=PRODUCT_DEFINITION_FORMATION('',$,#6044);
#6038=PRODUCT_RELATED_PRODUCT_CATEGORY('(Kaydedilmedi)',
'(Kaydedilmedi)',(#6043));
#6039=PRODUCT_RELATED_PRODUCT_CATEGORY('93580A576_Press-Fit Studs',
'93580A576_Press-Fit Studs',(#6044));
#6040=APPLICATION_PROTOCOL_DEFINITION('international standard',
'automotive_design',2009,#6041);
#6041=APPLICATION_CONTEXT(
'Core Data for Automotive Mechanical Design Process');
#6042=PRODUCT_CONTEXT('part definition',#6041,'mechanical');
#6043=PRODUCT('2025-11-30-17-45-40-979','(Kaydedilmedi)',$,(#6042));
#6044=PRODUCT('93580A576_Press-Fit Studs','93580A576_Press-Fit Studs',$,
(#6042));
#6045=PRESENTATION_STYLE_ASSIGNMENT((#6046));
#6046=SURFACE_STYLE_USAGE(.BOTH.,#6047);
#6047=SURFACE_SIDE_STYLE('',(#6048));
#6048=SURFACE_STYLE_FILL_AREA(#6049);
#6049=FILL_AREA_STYLE('\X\C7elik - Saten',(#6050));
#6050=FILL_AREA_STYLE_COLOUR('\X\C7elik - Saten',#6051);
#6051=COLOUR_RGB('\X\C7elik - Saten',0.627450980392157,0.627450980392157,
0.627450980392157);
ENDSEC;
END-ISO-10303-21;
